"354180155","GDAÑSK-ŒWIBNO","2018","01","01",5.6,"",4.3,"",7.0,"",8.7,"",86.1,"",997.5,"",998.6,"",.0,"",.0,""
"354180155","GDAÑSK-ŒWIBNO","2018","01","02",5.8,"",2.3,"",1.6,"",6.5,"",95.4,"",1003.9,"",1005.0,"",.7,"",1.6,""
"354180155","GDAÑSK-ŒWIBNO","2018","01","03",7.5,"",6.8,"",2.9,"",7.0,"",92.6,"",994.4,"",995.5,"",1.7,"",.6,""
"354180155","GDAÑSK-ŒWIBNO","2018","01","04",7.0,"",5.6,"",4.4,"",7.5,"",90.1,"",988.4,"",989.5,"",.2,"",1.6,""
"354180155","GDAÑSK-ŒWIBNO","2018","01","05",7.0,"",5.9,"",5.5,"",7.9,"",87.9,"",991.4,"",992.5,"",.4,"",.0,""
"354180155","GDAÑSK-ŒWIBNO","2018","01","06",6.4,"",3.1,"",4.1,"",7.3,"",89.5,"",1005.1,"",1006.2,"",.3,"",.4,""
"354180155","GDAÑSK-ŒWIBNO","2018","01","07",3.6,"",3.4,"",1.2,"",5.1,"",75.9,"",1026.1,"",1027.2,"",.0,"",.0,""
"354180155","GDAÑSK-ŒWIBNO","2018","01","08",4.0,"",2.4,"",-1.0,"",5.2,"",90.0,"",1034.3,"",1035.5,"",.0,"",.0,""
"354180155","GDAÑSK-ŒWIBNO","2018","01","09",1.9,"",3.6,"",-1.1,"",4.9,"",87.5,"",1031.3,"",1032.5,"",.0,"",.0,""
"354180155","GDAÑSK-ŒWIBNO","2018","01","10",7.5,"",4.3,"",.9,"",4.9,"",74.5,"",1018.4,"",1019.5,"",.0,"",.0,""
"354180155","GDAÑSK-ŒWIBNO","2018","01","11",7.8,"",3.8,"",-.6,"",5.1,"",86.1,"",1020.3,"",1021.4,"",.0,"",.0,""
"354180155","GDAÑSK-ŒWIBNO","2018","01","12",8.0,"",3.9,"",-2.5,"",4.6,"",90.6,"",1032.5,"",1033.7,"",.0,"",.0,""
"354180155","GDAÑSK-ŒWIBNO","2018","01","13",6.0,"",5.5,"",-1.4,"",3.9,"",70.8,"",1037.7,"",1038.9,"",.0,"",.0,""
"354180155","GDAÑSK-ŒWIBNO","2018","01","14",6.4,"",5.9,"",-5.2,"",3.4,"",81.9,"",1035.1,"",1036.3,"",.0,"",.0,""
"354180155","GDAÑSK-ŒWIBNO","2018","01","15",4.0,"",8.9,"",-5.8,"",3.0,"",74.3,"",1023.3,"",1024.5,"",.0,"",.0,""
"354180155","GDAÑSK-ŒWIBNO","2018","01","16",5.8,"",10.4,"",-4.1,"",3.9,"",86.1,"",996.4,"",997.5,"",.2,"",2.0,""
"354180155","GDAÑSK-ŒWIBNO","2018","01","17",6.6,"",3.4,"",-.8,"",5.3,"",92.0,"",989.0,"",990.1,"",.3,"",.0,""
"354180155","GDAÑSK-ŒWIBNO","2018","01","18",6.0,"",5.1,"",.0,"",5.5,"",90.4,"",993.5,"",994.6,"",.0,"",1.1,""
"354180155","GDAÑSK-ŒWIBNO","2018","01","19",7.3,"",4.5,"",1.4,"",6.0,"",89.3,"",998.4,"",999.5,"",.0,"",.0,""
"354180155","GDAÑSK-ŒWIBNO","2018","01","20",7.8,"",2.8,"",-.5,"",5.7,"",96.4,"",1006.2,"",1007.3,"",.0,"",.0,""
"354180155","GDAÑSK-ŒWIBNO","2018","01","21",6.8,"",1.9,"",-1.7,"",5.2,"",94.6,"",1011.9,"",1013.0,"",.0,"",.0,""
"354180155","GDAÑSK-ŒWIBNO","2018","01","22",8.0,"",5.6,"",-4.5,"",4.1,"",93.1,"",1017.4,"",1018.6,"",.0,"",.0,""
"354180155","GDAÑSK-ŒWIBNO","2018","01","23",3.3,"",4.6,"",-6.3,"",3.5,"",91.5,"",1022.8,"",1024.0,"",.0,"",.0,""
"354180155","GDAÑSK-ŒWIBNO","2018","01","24",7.8,"",6.4,"",.6,"",6.1,"",94.4,"",1015.9,"",1017.0,"",.1,"",.0,""
"354180155","GDAÑSK-ŒWIBNO","2018","01","25",7.6,"",3.6,"",3.8,"",7.4,"",92.6,"",1011.9,"",1013.0,"",.0,"",7.7,""
"354180155","GDAÑSK-ŒWIBNO","2018","01","26",8.0,"",1.4,"",2.4,"",7.3,"",99.8,"",1016.4,"",1017.5,"",1.5,"",2.7,""
"354180155","GDAÑSK-ŒWIBNO","2018","01","27",7.3,"",3.0,"",2.8,"",7.0,"",94.0,"",1025.7,"",1026.8,"",.0,"",.9,""
"354180155","GDAÑSK-ŒWIBNO","2018","01","28",7.0,"",7.0,"",5.0,"",7.2,"",83.4,"",1015.7,"",1016.8,"",1.2,"",.0,""
"354180155","GDAÑSK-ŒWIBNO","2018","01","29",6.8,"",7.1,"",6.8,"",8.2,"",82.5,"",1008.0,"",1009.1,"",2.0,"",.6,""
"354180155","GDAÑSK-ŒWIBNO","2018","01","30",6.3,"",7.4,"",3.8,"",6.8,"",85.4,"",1010.6,"",1011.7,"",5.6,"",.3,""
"354180155","GDAÑSK-ŒWIBNO","2018","01","31",7.0,"",6.1,"",2.6,"",6.7,"",90.3,"",1008.9,"",1010.0,"",.5,"",2.8,""
"354180155","GDAÑSK-ŒWIBNO","2018","02","01",7.4,"",3.8,"",3.8,"",7.1,"",88.0,"",997.6,"",998.7,"",.0,"",.0,""
"354180155","GDAÑSK-ŒWIBNO","2018","02","02",2.3,"",3.3,"",.4,"",5.9,"",93.1,"",1002.9,"",1004.0,"",.0,"",.0,""
"354180155","GDAÑSK-ŒWIBNO","2018","02","03",7.6,"",3.0,"",.8,"",6.1,"",94.8,"",1003.2,"",1004.3,"",.2,"",.3,""
"354180155","GDAÑSK-ŒWIBNO","2018","02","04",6.8,"",4.3,"",.6,"",5.3,"",83.8,"",1016.2,"",1017.3,"",.0,"",.3,""
"354180155","GDAÑSK-ŒWIBNO","2018","02","05",6.3,"",4.0,"",-2.0,"",4.1,"",79.0,"",1025.5,"",1026.7,"",3.5,"",3.1,""
"354180155","GDAÑSK-ŒWIBNO","2018","02","06",5.3,"",4.0,"",-3.6,"",3.9,"",82.4,"",1018.0,"",1019.1,"",.0,"",.0,""
"354180155","GDAÑSK-ŒWIBNO","2018","02","07",.5,"",2.3,"",-7.3,"",3.0,"",85.6,"",1018.6,"",1019.8,"",.0,"",.0,""
"354180155","GDAÑSK-ŒWIBNO","2018","02","08",.8,"",1.3,"",-8.2,"",3.0,"",88.0,"",1019.4,"",1020.6,"",.0,"",.0,""
"354180155","GDAÑSK-ŒWIBNO","2018","02","09",3.4,"",1.9,"",-9.2,"",2.8,"",91.1,"",1020.1,"",1021.3,"",.0,"",.1,""
"354180155","GDAÑSK-ŒWIBNO","2018","02","10",6.0,"",2.3,"",-5.4,"",3.9,"",95.6,"",1017.6,"",1018.8,"",.0,"",.0,""
"354180155","GDAÑSK-ŒWIBNO","2018","02","11",7.1,"",5.9,"",-2.7,"",4.4,"",87.4,"",1007.8,"",1008.9,"",.0,"",.3,""
"354180155","GDAÑSK-ŒWIBNO","2018","02","12",5.9,"",4.8,"",1.0,"",5.6,"",86.3,"",1006.2,"",1007.3,"",.0,"",.0,""
"354180155","GDAÑSK-ŒWIBNO","2018","02","13",4.6,"",2.4,"",-1.8,"",4.9,"",91.1,"",1015.6,"",1016.7,"",.0,"",.0,""
"354180155","GDAÑSK-ŒWIBNO","2018","02","14",5.6,"",2.4,"",-1.1,"",5.3,"",93.3,"",1021.2,"",1022.4,"",.0,"",.0,""
"354180155","GDAÑSK-ŒWIBNO","2018","02","15",6.6,"",3.5,"",-1.3,"",5.0,"",89.1,"",1023.2,"",1024.3,"",.0,"",.0,""
"354180155","GDAÑSK-ŒWIBNO","2018","02","16",7.5,"",4.1,"",-.4,"",5.4,"",89.8,"",1017.6,"",1018.7,"",.2,"",.1,""
"354180155","GDAÑSK-ŒWIBNO","2018","02","17",7.1,"",3.5,"",1.9,"",6.1,"",87.3,"",1019.9,"",1021.0,"",.1,"",.8,""
"354180155","GDAÑSK-ŒWIBNO","2018","02","18",6.6,"",2.5,"",.5,"",5.4,"",85.0,"",1025.5,"",1026.6,"",.5,"",.0,""
"354180155","GDAÑSK-ŒWIBNO","2018","02","19",7.9,"",2.1,"",.5,"",5.3,"",83.8,"",1023.5,"",1024.6,"",.0,"",.0,""
"354180155","GDAÑSK-ŒWIBNO","2018","02","20",5.1,"",2.6,"",.9,"",5.1,"",78.4,"",1023.3,"",1024.4,"",.0,"",.0,""
"354180155","GDAÑSK-ŒWIBNO","2018","02","21",5.6,"",3.4,"",-.8,"",4.6,"",79.5,"",1024.5,"",1025.7,"",.4,"",.0,""
"354180155","GDAÑSK-ŒWIBNO","2018","02","22",4.0,"",3.8,"",-5.1,"",3.1,"",73.5,"",1027.4,"",1028.6,"",.0,"",.0,""
"354180155","GDAÑSK-ŒWIBNO","2018","02","23",3.4,"",2.9,"",-6.0,"",3.0,"",74.9,"",1026.0,"",1027.2,"",.0,"",1.4,""
"354180155","GDAÑSK-ŒWIBNO","2018","02","24",5.6,"",7.3,"",-5.9,"",2.8,"",70.1,"",1028.8,"",1030.0,"",.0,"",.0,""
"354180155","GDAÑSK-ŒWIBNO","2018","02","25",5.3,"",3.1,"",-9.8,"",2.3,"",76.3,"",1031.5,"",1032.7,"",.2,"",.0,""
"354180155","GDAÑSK-ŒWIBNO","2018","02","26",3.5,"",2.9,"",-10.4,"",2.0,"",72.4,"",1029.0,"",1030.2,"",.0,"",.2,""
"354180155","GDAÑSK-ŒWIBNO","2018","02","27",3.5,"",5.3,"",-10.8,"",1.9,"",69.0,"",1026.8,"",1028.0,"",.0,"",.0,""
"354180155","GDAÑSK-ŒWIBNO","2018","02","28",3.3,"",5.8,"",-11.5,"",1.9,"",72.0,"",1030.9,"",1032.1,"",.0,"",.0,""
"354180155","GDAÑSK-ŒWIBNO","2018","03","01",5.9,"",3.9,"",-11.6,"",1.9,"",75.0,"",1023.3,"",1024.5,"",.4,"",.3,""
"354180155","GDAÑSK-ŒWIBNO","2018","03","02",4.3,"",3.0,"",-10.4,"",2.2,"",77.8,"",1011.8,"",1013.0,"",.0,"",.1,""
"354180155","GDAÑSK-ŒWIBNO","2018","03","03",5.6,"",3.6,"",-7.3,"",2.8,"",78.6,"",1007.5,"",1008.7,"",.0,"",.0,""
"354180155","GDAÑSK-ŒWIBNO","2018","03","04",4.5,"",2.5,"",-3.6,"",3.9,"",81.4,"",1007.9,"",1009.0,"",.0,"",.0,""
"354180155","GDAÑSK-ŒWIBNO","2018","03","05",4.5,"",3.9,"",-3.8,"",3.7,"",78.8,"",1003.8,"",1004.9,"",.0,"",.0,""
"354180155","GDAÑSK-ŒWIBNO","2018","03","06",6.3,"",2.6,"",-.6,"",4.4,"",74.1,"",998.2,"",999.3,"",.0,"",.1,""
"354180155","GDAÑSK-ŒWIBNO","2018","03","07",7.9,"",3.4,"",.3,"",5.7,"",91.3,"",995.0,"",996.1,"",.3,"",.0,""
"354180155","GDAÑSK-ŒWIBNO","2018","03","08",8.0,"",2.8,"",2.1,"",6.5,"",92.1,"",999.5,"",1000.6,"",.0,"",.0,""
"354180155","GDAÑSK-ŒWIBNO","2018","03","09",6.6,"",4.1,"",2.2,"",6.5,"",91.6,"",1002.0,"",1003.1,"",2.2,"",.2,""
"354180155","GDAÑSK-ŒWIBNO","2018","03","10",7.0,"",3.0,"",1.5,"",5.9,"",86.8,"",1007.8,"",1008.9,"",.0,"",2.8,""
"354180155","GDAÑSK-ŒWIBNO","2018","03","11",6.6,"",3.5,"",4.6,"",7.9,"",93.3,"",1003.4,"",1004.5,"",1.0,"",.0,""
"354180155","GDAÑSK-ŒWIBNO","2018","03","12",6.9,"",4.1,"",6.4,"",8.8,"",90.9,"",993.7,"",994.8,"",.0,"",3.0,""
"354180155","GDAÑSK-ŒWIBNO","2018","03","13",8.0,"",4.4,"",7.8,"",9.8,"",92.8,"",992.6,"",993.7,"",.6,"",.1,""
"354180155","GDAÑSK-ŒWIBNO","2018","03","14",7.8,"",4.1,"",2.3,"",6.5,"",90.0,"",1007.4,"",1008.5,"",.1,"",.0,""
"354180155","GDAÑSK-ŒWIBNO","2018","03","15",6.8,"",5.1,"",-.2,"",4.1,"",68.4,"",1014.4,"",1015.5,"",.0,"",.0,""
"354180155","GDAÑSK-ŒWIBNO","2018","03","16",6.1,"",7.9,"",-2.6,"",3.0,"",59.4,"",1016.0,"",1017.2,"",.0,"",.0,""
"354180155","GDAÑSK-ŒWIBNO","2018","03","17",3.4,"",8.5,"",-4.1,"",2.2,"",49.5,"",1021.0,"",1022.2,"",.0,"",.0,""
"354180155","GDAÑSK-ŒWIBNO","2018","03","18",.6,"",5.1,"",-2.8,"",3.0,"",60.0,"",1023.4,"",1024.6,"",.0,"",.0,""
"354180155","GDAÑSK-ŒWIBNO","2018","03","19",1.3,"",1.8,"",-1.2,"",3.4,"",63.1,"",1015.7,"",1016.9,"",.0,"",.0,""
"354180155","GDAÑSK-ŒWIBNO","2018","03","20",5.9,"",3.8,"",-1.1,"",4.6,"",79.9,"",1012.1,"",1013.2,"",.2,"",.0,""
"354180155","GDAÑSK-ŒWIBNO","2018","03","21",3.1,"",3.9,"",1.6,"",3.8,"",55.4,"",1020.2,"",1021.3,"",.0,"",.0,""
"354180155","GDAÑSK-ŒWIBNO","2018","03","22",7.6,"",4.0,"",1.9,"",5.7,"",80.8,"",1010.6,"",1011.7,"",.0,"",.0,""
"354180155","GDAÑSK-ŒWIBNO","2018","03","23",8.0,"",1.9,"",1.5,"",6.3,"",92.1,"",1006.6,"",1007.7,"",.0,"",.0,""
"354180155","GDAÑSK-ŒWIBNO","2018","03","24",7.5,"",2.5,"",2.9,"",6.1,"",81.6,"",1007.4,"",1008.5,"",.0,"",.0,""
"354180155","GDAÑSK-ŒWIBNO","2018","03","25",6.4,"",2.1,"",5.1,"",6.0,"",70.4,"",1007.8,"",1008.9,"",.0,"",.0,""
"354180155","GDAÑSK-ŒWIBNO","2018","03","26",7.1,"",3.0,"",3.4,"",6.3,"",81.8,"",1009.6,"",1010.7,"",.0,"",.0,""
"354180155","GDAÑSK-ŒWIBNO","2018","03","27",6.6,"",4.6,"",.7,"",4.0,"",62.4,"",1014.9,"",1016.0,"",.0,"",.0,""
"354180155","GDAÑSK-ŒWIBNO","2018","03","28",3.9,"",4.5,"",1.2,"",3.7,"",56.3,"",1012.6,"",1013.7,"",.0,"",.0,""
"354180155","GDAÑSK-ŒWIBNO","2018","03","29",6.9,"",6.1,"",.5,"",5.4,"",84.6,"",1004.6,"",1005.7,"",1.7,"",.0,""
"354180155","GDAÑSK-ŒWIBNO","2018","03","30",6.9,"",4.1,"",2.5,"",5.9,"",81.0,"",1006.5,"",1007.6,"",.0,"",.0,""
"354180155","GDAÑSK-ŒWIBNO","2018","03","31",7.0,"",5.3,"",2.7,"",5.8,"",77.5,"",1004.9,"",1006.0,"",.0,"",6.4,""
"354180155","GDAÑSK-ŒWIBNO","2018","04","01",8.0,"",4.6,"",3.3,"",7.6,"",97.8,"",991.9,"",993.0,"",2.3,"",.6,""
"354180155","GDAÑSK-ŒWIBNO","2018","04","02",4.5,"",6.6,"",2.6,"",5.6,"",77.3,"",1002.0,"",1003.1,"",.0,"",.0,""
"354180155","GDAÑSK-ŒWIBNO","2018","04","03",6.6,"",3.1,"",4.7,"",7.5,"",85.5,"",1006.3,"",1007.4,"",.1,"",.0,""
"354180155","GDAÑSK-ŒWIBNO","2018","04","04",4.1,"",4.5,"",10.1,"",9.3,"",77.1,"",1004.7,"",1005.7,"",.0,"",.0,""
"354180155","GDAÑSK-ŒWIBNO","2018","04","05",5.5,"",2.9,"",9.3,"",9.7,"",83.5,"",1003.6,"",1004.7,"",.0,"",.0,""
"354180155","GDAÑSK-ŒWIBNO","2018","04","06",2.1,"",6.8,"",6.8,"",5.6,"",58.5,"",1018.0,"",1019.1,"",.0,"",.0,""
"354180155","GDAÑSK-ŒWIBNO","2018","04","07",2.4,"",5.4,"",7.3,"",5.5,"",58.6,"",1023.3,"",1024.4,"",.0,"",.0,""
"354180155","GDAÑSK-ŒWIBNO","2018","04","08",.0,"",4.4,"",13.1,"",8.8,"",60.8,"",1015.2,"",1016.3,"",.0,"",.0,""
"354180155","GDAÑSK-ŒWIBNO","2018","04","09",2.1,"",3.4,"",13.3,"",10.7,"",72.0,"",1006.6,"",1007.7,"",.0,"",.0,""
"354180155","GDAÑSK-ŒWIBNO","2018","04","10",2.0,"",4.8,"",6.7,"",8.7,"",89.3,"",1011.6,"",1012.7,"",.0,"",.0,""
"354180155","GDAÑSK-ŒWIBNO","2018","04","11",5.6,"",4.1,"",8.1,"",8.7,"",80.6,"",1015.6,"",1016.7,"",.0,"",.0,""
"354180155","GDAÑSK-ŒWIBNO","2018","04","12",2.4,"",4.1,"",10.6,"",9.9,"",78.0,"",1014.5,"",1015.6,"",.0,"",.0,""
"354180155","GDAÑSK-ŒWIBNO","2018","04","13",1.0,"",4.8,"",14.4,"",11.2,"",69.6,"",1013.7,"",1014.8,"",.0,"",.0,""
"354180155","GDAÑSK-ŒWIBNO","2018","04","14",3.4,"",4.9,"",15.2,"",11.8,"",69.5,"",1017.0,"",1018.1,"",.0,"",.0,""
"354180155","GDAÑSK-ŒWIBNO","2018","04","15",5.6,"",4.0,"",15.4,"",11.2,"",67.3,"",1016.2,"",1017.3,"",.0,"",.0,""
"354180155","GDAÑSK-ŒWIBNO","2018","04","16",7.1,"",3.3,"",13.8,"",13.1,"",82.9,"",1010.8,"",1011.9,"",.5,"",12.7,""
"354180155","GDAÑSK-ŒWIBNO","2018","04","17",4.9,"",4.3,"",9.6,"",10.1,"",85.0,"",1020.4,"",1021.5,"",.0,"",.0,""
"354180155","GDAÑSK-ŒWIBNO","2018","04","18",1.6,"",3.4,"",12.7,"",9.6,"",68.5,"",1028.1,"",1029.2,"",.0,"",.0,""
"354180155","GDAÑSK-ŒWIBNO","2018","04","19",1.5,"",4.4,"",10.2,"",10.5,"",84.8,"",1029.0,"",1030.1,"",.0,"",.0,""
"354180155","GDAÑSK-ŒWIBNO","2018","04","20",.3,"",3.1,"",14.6,"",11.1,"",70.8,"",1023.2,"",1024.3,"",.0,"",.0,""
"354180155","GDAÑSK-ŒWIBNO","2018","04","21",.4,"",5.0,"",13.7,"",9.5,"",60.5,"",1014.0,"",1015.1,"",.0,"",.0,""
"354180155","GDAÑSK-ŒWIBNO","2018","04","22",2.8,"",3.8,"",8.5,"",8.4,"",75.9,"",1015.5,"",1016.6,"",.0,"",.0,""
"354180155","GDAÑSK-ŒWIBNO","2018","04","23",4.9,"",3.5,"",11.1,"",10.4,"",79.5,"",1010.5,"",1011.6,"",4.8,"",.0,""
"354180155","GDAÑSK-ŒWIBNO","2018","04","24",5.4,"",4.4,"",11.1,"",9.1,"",70.8,"",1009.5,"",1010.6,"",.0,"",.2,""
"354180155","GDAÑSK-ŒWIBNO","2018","04","25",6.6,"",5.4,"",10.4,"",11.0,"",86.4,"",1003.7,"",1004.8,"",8.4,"",.0,""
"354180155","GDAÑSK-ŒWIBNO","2018","04","26",5.4,"",4.1,"",9.1,"",9.1,"",79.4,"",1008.3,"",1009.4,"",.3,"",.0,""
"354180155","GDAÑSK-ŒWIBNO","2018","04","27",5.5,"",3.8,"",9.6,"",8.1,"",69.5,"",1014.1,"",1015.2,"",.0,"",.0,""
"354180155","GDAÑSK-ŒWIBNO","2018","04","28",5.1,"",2.5,"",12.2,"",10.2,"",72.1,"",1012.0,"",1013.1,"",.0,"",.0,""
"354180155","GDAÑSK-ŒWIBNO","2018","04","29",4.1,"",3.4,"",13.0,"",11.1,"",75.3,"",1011.1,"",1012.2,"",.0,"",.0,""
"354180155","GDAÑSK-ŒWIBNO","2018","04","30",3.3,"",5.6,"",17.6,"",13.7,"",69.1,"",1003.6,"",1004.6,"",4.2,"",.0,""
"354180155","GDAÑSK-ŒWIBNO","2018","05","01",4.5,"",3.4,"",15.2,"",11.5,"",67.6,"",1008.0,"",1009.1,"",.0,"",.0,""
"354180155","GDAÑSK-ŒWIBNO","2018","05","02",5.0,"",2.9,"",11.7,"",8.8,"",65.1,"",1015.9,"",1017.0,"",.0,"",10.4,""
"354180155","GDAÑSK-ŒWIBNO","2018","05","03",5.8,"",3.1,"",13.5,"",12.6,"",81.0,"",1012.5,"",1013.6,"",.6,"",.0,""
"354180155","GDAÑSK-ŒWIBNO","2018","05","04",2.8,"",3.9,"",10.0,"",7.9,"",64.6,"",1022.0,"",1023.1,"",.0,"",.0,""
"354180155","GDAÑSK-ŒWIBNO","2018","05","05",2.4,"",2.6,"",9.5,"",8.5,"",72.4,"",1026.5,"",1027.6,"",.0,"",.0,""
"354180155","GDAÑSK-ŒWIBNO","2018","05","06",1.3,"",2.3,"",11.9,"",9.6,"",70.9,"",1026.7,"",1027.8,"",.0,"",.0,""
"354180155","GDAÑSK-ŒWIBNO","2018","05","07",.5,"",2.6,"",12.6,"",11.7,"",81.4,"",1023.8,"",1024.9,"",.0,"",.0,""
"354180155","GDAÑSK-ŒWIBNO","2018","05","08",.5,"",3.6,"",14.2,"",12.2,"",76.0,"",1018.4,"",1019.5,"",.0,"",.0,""
"354180155","GDAÑSK-ŒWIBNO","2018","05","09",1.3,"",3.6,"",16.3,"",13.9,"",75.1,"",1013.2,"",1014.3,"",.0,"",.0,""
"354180155","GDAÑSK-ŒWIBNO","2018","05","10",1.1,"",4.0,"",20.2,"",14.5,"",64.9,"",1011.8,"",1012.9,"",.0,"",.0,""
"354180155","GDAÑSK-ŒWIBNO","2018","05","11",4.3,"",4.0,"",18.4,"",16.7,"",79.5,"",1016.3,"",1017.4,"",14.9,"",.8,""
"354180155","GDAÑSK-ŒWIBNO","2018","05","12",3.0,"",3.1,"",16.4,"",15.0,"",81.6,"",1018.7,"",1019.8,"",.0,"",.0,""
"354180155","GDAÑSK-ŒWIBNO","2018","05","13",1.1,"",3.3,"",17.4,"",12.9,"",64.9,"",1017.2,"",1018.3,"",.0,"",.0,""
"354180155","GDAÑSK-ŒWIBNO","2018","05","14",2.8,"",3.8,"",17.2,"",11.7,"",61.0,"",1017.6,"",1018.7,"",.0,"",.0,""
"354180155","GDAÑSK-ŒWIBNO","2018","05","15",5.8,"",3.0,"",16.4,"",14.3,"",77.4,"",1014.7,"",1015.8,"",.0,"",.0,""
"354180155","GDAÑSK-ŒWIBNO","2018","05","16",4.4,"",4.4,"",16.2,"",14.2,"",78.0,"",1011.1,"",1012.2,"",.0,"",1.2,""
"354180155","GDAÑSK-ŒWIBNO","2018","05","17",6.8,"",4.5,"",15.0,"",15.7,"",92.0,"",1007.9,"",1009.0,"",1.1,"",.0,""
"354180155","GDAÑSK-ŒWIBNO","2018","05","18",5.6,"",5.8,"",12.3,"",11.9,"",83.3,"",1013.0,"",1014.1,"",.0,"",.0,""
"354180155","GDAÑSK-ŒWIBNO","2018","05","19",2.5,"",4.8,"",11.4,"",10.1,"",74.8,"",1020.7,"",1021.8,"",.0,"",.0,""
"354180155","GDAÑSK-ŒWIBNO","2018","05","20",1.5,"",4.1,"",12.6,"",10.1,"",69.8,"",1026.2,"",1027.3,"",.0,"",.0,""
"354180155","GDAÑSK-ŒWIBNO","2018","05","21",2.4,"",4.0,"",14.5,"",12.2,"",73.6,"",1024.2,"",1025.3,"",.0,"",.0,""
"354180155","GDAÑSK-ŒWIBNO","2018","05","22",4.9,"",2.6,"",15.1,"",11.5,"",67.4,"",1017.7,"",1018.8,"",.5,"",.0,""
"354180155","GDAÑSK-ŒWIBNO","2018","05","23",.5,"",3.1,"",14.2,"",12.7,"",79.4,"",1022.6,"",1023.7,"",.0,"",.0,""
"354180155","GDAÑSK-ŒWIBNO","2018","05","24",.4,"",4.3,"",15.0,"",12.9,"",75.9,"",1026.0,"",1027.1,"",.0,"",.0,""
"354180155","GDAÑSK-ŒWIBNO","2018","05","25",3.1,"",3.8,"",15.6,"",14.1,"",79.8,"",1022.6,"",1023.7,"",.5,"",3.0,""
"354180155","GDAÑSK-ŒWIBNO","2018","05","26",4.3,"",3.1,"",18.2,"",17.2,"",82.8,"",1022.7,"",1023.8,"",.0,"",.0,""
"354180155","GDAÑSK-ŒWIBNO","2018","05","27",3.1,"",3.5,"",18.1,"",17.6,"",85.5,"",1023.4,"",1024.5,"",.0,"",.0,""
"354180155","GDAÑSK-ŒWIBNO","2018","05","28",2.0,"",2.8,"",21.6,"",17.8,"",70.9,"",1023.8,"",1024.9,"",.0,"",.0,""
"354180155","GDAÑSK-ŒWIBNO","2018","05","29",1.1,"",2.8,"",22.6,"",15.6,"",59.6,"",1020.9,"",1022.0,"",.0,"",.0,""
"354180155","GDAÑSK-ŒWIBNO","2018","05","30",.6,"",3.4,"",22.7,"",15.9,"",59.5,"",1018.1,"",1019.2,"",.0,"",.0,""
"354180155","GDAÑSK-ŒWIBNO","2018","05","31",.8,"",4.3,"",19.4,"",17.6,"",78.8,"",1017.8,"",1018.9,"",.0,"",.0,""
"354180155","GDAÑSK-ŒWIBNO","2018","06","01",3.1,"",2.8,"",21.5,"",16.7,"",65.9,"",1015.9,"",1017.0,"",.0,"",.0,""
"354180155","GDAÑSK-ŒWIBNO","2018","06","02",1.8,"",3.0,"",19.8,"",17.7,"",77.4,"",1013.2,"",1014.3,"",.0,"",.0,""
"354180155","GDAÑSK-ŒWIBNO","2018","06","03",2.6,"",2.0,"",20.0,"",15.6,"",70.4,"",1013.3,"",1014.3,"",.0,"",.0,""
"354180155","GDAÑSK-ŒWIBNO","2018","06","04",1.3,"",3.6,"",22.0,"",15.7,"",62.0,"",1007.9,"",1008.9,"",.0,"",.5,""
"354180155","GDAÑSK-ŒWIBNO","2018","06","05",5.5,"",4.8,"",15.6,"",12.4,"",69.5,"",1010.8,"",1011.9,"",.0,"",.0,""
"354180155","GDAÑSK-ŒWIBNO","2018","06","06",1.8,"",2.8,"",12.8,"",7.5,"",52.9,"",1020.9,"",1022.0,"",.0,"",.0,""
"354180155","GDAÑSK-ŒWIBNO","2018","06","07",1.8,"",2.9,"",16.9,"",9.7,"",53.0,"",1020.3,"",1021.4,"",.0,"",.0,""
"354180155","GDAÑSK-ŒWIBNO","2018","06","08",1.5,"",2.8,"",18.6,"",11.7,"",58.4,"",1016.0,"",1017.1,"",.0,"",.0,""
"354180155","GDAÑSK-ŒWIBNO","2018","06","09",2.5,"",3.3,"",19.3,"",15.5,"",69.4,"",1014.9,"",1016.0,"",.0,"",.0,""
"354180155","GDAÑSK-ŒWIBNO","2018","06","10",3.8,"",2.6,"",21.5,"",14.7,"",58.5,"",1010.3,"",1011.3,"",.0,"",2.9,""
"354180155","GDAÑSK-ŒWIBNO","2018","06","11",5.3,"",3.5,"",19.8,"",17.0,"",73.8,"",1006.1,"",1007.1,"",.0,"",.0,""
"354180155","GDAÑSK-ŒWIBNO","2018","06","12",6.0,"",3.1,"",15.7,"",13.9,"",78.1,"",1005.8,"",1006.9,"",.0,"",.0,""
"354180155","GDAÑSK-ŒWIBNO","2018","06","13",6.4,"",2.0,"",16.7,"",14.6,"",77.8,"",1008.5,"",1009.6,"",.0,"",7.6,""
"354180155","GDAÑSK-ŒWIBNO","2018","06","14",4.8,"",2.9,"",16.4,"",15.2,"",82.1,"",1012.5,"",1013.6,"",.0,"",.0,""
"354180155","GDAÑSK-ŒWIBNO","2018","06","15",5.9,"",2.1,"",17.6,"",14.2,"",72.1,"",1015.3,"",1016.4,"",.0,"",.0,""
"354180155","GDAÑSK-ŒWIBNO","2018","06","16",5.1,"",2.1,"",18.3,"",15.3,"",73.5,"",1016.8,"",1017.9,"",.0,"",.0,""
"354180155","GDAÑSK-ŒWIBNO","2018","06","17",2.5,"",3.4,"",20.7,"",16.4,"",70.3,"",1014.2,"",1015.2,"",.0,"",.0,""
"354180155","GDAÑSK-ŒWIBNO","2018","06","18",6.5,"",2.6,"",18.6,"",15.3,"",71.8,"",1017.0,"",1018.1,"",.0,"",.0,""
"354180155","GDAÑSK-ŒWIBNO","2018","06","19",5.5,"",4.5,"",20.1,"",14.4,"",63.1,"",1016.5,"",1017.6,"",.0,"",.0,""
"354180155","GDAÑSK-ŒWIBNO","2018","06","20",2.1,"",3.4,"",18.4,"",13.7,"",66.4,"",1018.1,"",1019.2,"",.0,"",.0,""
"354180155","GDAÑSK-ŒWIBNO","2018","06","21",4.9,"",4.3,"",18.6,"",14.9,"",73.0,"",1007.3,"",1008.4,"",1.7,"",.0,""
"354180155","GDAÑSK-ŒWIBNO","2018","06","22",4.8,"",5.0,"",13.9,"",10.7,"",69.4,"",1010.2,"",1011.3,"",.0,"",1.4,""
"354180155","GDAÑSK-ŒWIBNO","2018","06","23",5.9,"",3.5,"",13.2,"",11.1,"",75.3,"",1012.4,"",1013.5,"",.0,"",1.3,""
"354180155","GDAÑSK-ŒWIBNO","2018","06","24",6.5,"",3.1,"",14.5,"",12.4,"",76.9,"",1012.6,"",1013.7,"",.0,"",.6,""
"354180155","GDAÑSK-ŒWIBNO","2018","06","25",6.5,"",3.3,"",15.8,"",14.0,"",78.9,"",1014.8,"",1015.9,"",3.5,"",.0,""
"354180155","GDAÑSK-ŒWIBNO","2018","06","26",4.5,"",4.5,"",17.0,"",15.0,"",77.5,"",1020.3,"",1021.4,"",.0,"",.0,""
"354180155","GDAÑSK-ŒWIBNO","2018","06","27",3.4,"",4.4,"",18.4,"",16.8,"",79.5,"",1024.9,"",1026.0,"",.0,"",.0,""
"354180155","GDAÑSK-ŒWIBNO","2018","06","28",2.3,"",4.9,"",19.5,"",17.6,"",78.0,"",1020.6,"",1021.7,"",.0,"",.0,""
"354180155","GDAÑSK-ŒWIBNO","2018","06","29",4.9,"",5.3,"",16.8,"",14.3,"",74.3,"",1014.3,"",1015.4,"",.0,"",.0,""
"354180155","GDAÑSK-ŒWIBNO","2018","06","30",4.9,"",7.0,"",15.5,"",10.1,"",57.5,"",1016.6,"",1017.7,"",.0,"",.0,""
"354180155","GDAÑSK-ŒWIBNO","2018","07","01",6.0,"",6.8,"",15.6,"",11.3,"",64.5,"",1017.1,"",1018.2,"",.0,"",.0,""
"354180155","GDAÑSK-ŒWIBNO","2018","07","02",7.1,"",6.0,"",15.9,"",13.5,"",74.5,"",1012.7,"",1013.8,"",.1,"",.7,""
"354180155","GDAÑSK-ŒWIBNO","2018","07","03",6.3,"",3.0,"",16.3,"",13.2,"",71.8,"",1011.9,"",1013.0,"",.0,"",.0,""
"354180155","GDAÑSK-ŒWIBNO","2018","07","04",1.8,"",3.3,"",21.5,"",12.8,"",53.4,"",1010.5,"",1011.5,"",.0,"",.0,""
"354180155","GDAÑSK-ŒWIBNO","2018","07","05",1.8,"",3.4,"",19.0,"",15.6,"",72.0,"",1008.2,"",1009.2,"",.0,"",.0,""
"354180155","GDAÑSK-ŒWIBNO","2018","07","06",3.4,"",3.0,"",18.1,"",15.5,"",75.1,"",1010.3,"",1011.4,"",.0,"",.0,""
"354180155","GDAÑSK-ŒWIBNO","2018","07","07",4.0,"",4.0,"",17.6,"",15.7,"",78.5,"",1014.3,"",1015.4,"",.0,"",.9,""
"354180155","GDAÑSK-ŒWIBNO","2018","07","08",4.3,"",3.1,"",18.1,"",15.2,"",74.1,"",1017.4,"",1018.5,"",.0,"",.0,""
"354180155","GDAÑSK-ŒWIBNO","2018","07","09",4.6,"",3.6,"",17.8,"",16.0,"",80.6,"",1015.0,"",1016.0,"",.0,"",.2,""
"354180155","GDAÑSK-ŒWIBNO","2018","07","10",6.9,"",4.1,"",19.2,"",18.3,"",82.6,"",1015.3,"",1016.4,"",.0,"",.0,""
"354180155","GDAÑSK-ŒWIBNO","2018","07","11",6.1,"",3.9,"",20.1,"",19.6,"",84.3,"",1013.5,"",1014.5,"",1.2,"",4.2,""
"354180155","GDAÑSK-ŒWIBNO","2018","07","12",6.8,"",1.8,"",18.9,"",20.0,"",92.1,"",1011.0,"",1012.1,"",1.4,"",7.2,""
"354180155","GDAÑSK-ŒWIBNO","2018","07","13",7.0,"",3.5,"",18.2,"",19.7,"",94.9,"",1010.9,"",1012.0,"",.4,"",4.6,""
"354180155","GDAÑSK-ŒWIBNO","2018","07","14",5.8,"",4.6,"",19.5,"",19.3,"",85.6,"",1012.3,"",1013.4,"",.0,"",.0,""
"354180155","GDAÑSK-ŒWIBNO","2018","07","15",3.6,"",4.8,"",20.0,"",18.9,"",81.0,"",1013.0,"",1014.1,"",.0,"",.0,""
"354180155","GDAÑSK-ŒWIBNO","2018","07","16",5.4,"",4.1,"",19.8,"",20.2,"",87.8,"",1011.2,"",1012.3,"",.0,"",5.3,""
"354180155","GDAÑSK-ŒWIBNO","2018","07","17",6.9,"",3.8,"",19.7,"",22.1,"",96.9,"",1007.2,"",1008.2,"",16.9,"",1.8,""
"354180155","GDAÑSK-ŒWIBNO","2018","07","18",5.5,"",4.1,"",21.2,"",22.7,"",90.4,"",1007.2,"",1008.2,"",.0,"",.0,""
"354180155","GDAÑSK-ŒWIBNO","2018","07","19",4.3,"",3.6,"",21.5,"",22.1,"",86.3,"",1009.4,"",1010.5,"",.0,"",.0,""
"354180155","GDAÑSK-ŒWIBNO","2018","07","20",2.6,"",3.8,"",21.7,"",19.3,"",75.0,"",1010.0,"",1011.1,"",.0,"",.0,""
"354180155","GDAÑSK-ŒWIBNO","2018","07","21",1.6,"",3.1,"",19.7,"",17.5,"",77.3,"",1010.0,"",1011.0,"",.0,"",.0,""
"354180155","GDAÑSK-ŒWIBNO","2018","07","22",3.6,"",3.0,"",19.8,"",19.3,"",83.6,"",1011.1,"",1012.1,"",.0,"",.0,""
"354180155","GDAÑSK-ŒWIBNO","2018","07","23",.5,"",2.9,"",20.4,"",18.1,"",77.5,"",1012.9,"",1013.9,"",.0,"",.0,""
"354180155","GDAÑSK-ŒWIBNO","2018","07","24",1.8,"",2.8,"",20.9,"",19.6,"",80.6,"",1013.3,"",1014.3,"",.0,"",.0,""
"354180155","GDAÑSK-ŒWIBNO","2018","07","25",2.8,"",3.9,"",22.6,"",24.2,"",88.3,"",1014.0,"",1015.0,"",.0,"",.0,""
"354180155","GDAÑSK-ŒWIBNO","2018","07","26",2.3,"",3.8,"",23.4,"",25.1,"",87.8,"",1016.1,"",1017.1,"",.0,"",.0,""
"354180155","GDAÑSK-ŒWIBNO","2018","07","27",1.6,"",4.1,"",23.7,"",24.4,"",83.6,"",1016.3,"",1017.3,"",.0,"",.0,""
"354180155","GDAÑSK-ŒWIBNO","2018","07","28",4.8,"",2.1,"",23.2,"",25.3,"",89.4,"",1010.6,"",1011.6,"",8.3,"",.0,""
"354180155","GDAÑSK-ŒWIBNO","2018","07","29",4.4,"",2.5,"",23.0,"",24.6,"",88.5,"",1012.6,"",1013.6,"",9.5,"",.0,""
"354180155","GDAÑSK-ŒWIBNO","2018","07","30",2.9,"",2.4,"",22.5,"",23.4,"",86.9,"",1017.2,"",1018.2,"",.0,"",.0,""
"354180155","GDAÑSK-ŒWIBNO","2018","07","31",1.8,"",2.0,"",24.6,"",24.4,"",79.8,"",1017.9,"",1019.0,"",.0,"",.0,""
"354180155","GDAÑSK-ŒWIBNO","2018","08","01",3.6,"",2.6,"",25.8,"",24.4,"",75.4,"",1019.0,"",1020.0,"",.0,"",.0,""
"354180155","GDAÑSK-ŒWIBNO","2018","08","02",4.3,"",2.1,"",24.9,"",25.0,"",79.9,"",1020.0,"",1021.1,"",.0,"",.0,""
"354180155","GDAÑSK-ŒWIBNO","2018","08","03",1.9,"",2.6,"",22.8,"",20.8,"",75.9,"",1019.6,"",1020.7,"",.0,"",.0,""
"354180155","GDAÑSK-ŒWIBNO","2018","08","04",2.1,"",2.1,"",22.2,"",20.1,"",77.3,"",1015.3,"",1016.4,"",1.1,"",.0,""
"354180155","GDAÑSK-ŒWIBNO","2018","08","05",4.5,"",4.1,"",21.0,"",18.8,"",76.5,"",1013.5,"",1014.5,"",2.5,"",.0,""
"354180155","GDAÑSK-ŒWIBNO","2018","08","06",2.9,"",3.6,"",19.6,"",15.7,"",70.8,"",1014.9,"",1015.9,"",.0,"",.0,""
"354180155","GDAÑSK-ŒWIBNO","2018","08","07",3.1,"",2.5,"",22.5,"",16.0,"",62.3,"",1015.4,"",1016.5,"",.0,"",.0,""
"354180155","GDAÑSK-ŒWIBNO","2018","08","08",.5,"",5.3,"",24.5,"",16.5,"",56.9,"",1014.3,"",1015.3,"",.0,"",.0,""
"354180155","GDAÑSK-ŒWIBNO","2018","08","09",1.9,"",4.1,"",26.0,"",19.8,"",60.8,"",1014.5,"",1015.6,"",.0,"",.0,""
"354180155","GDAÑSK-ŒWIBNO","2018","08","10",5.5,"",4.0,"",23.3,"",20.2,"",70.4,"",1016.0,"",1017.1,"",.8,"",.0,""
"354180155","GDAÑSK-ŒWIBNO","2018","08","11",5.4,"",3.1,"",17.9,"",15.9,"",79.0,"",1017.9,"",1019.0,"",4.2,"",.0,""
"354180155","GDAÑSK-ŒWIBNO","2018","08","12",4.5,"",4.5,"",17.7,"",12.6,"",64.3,"",1014.2,"",1015.3,"",.0,"",.0,""
"354180155","GDAÑSK-ŒWIBNO","2018","08","13",6.1,"",2.4,"",19.8,"",15.6,"",68.3,"",1009.8,"",1010.9,"",.0,"",.6,""
"354180155","GDAÑSK-ŒWIBNO","2018","08","14",6.9,"",2.6,"",19.6,"",19.2,"",85.0,"",1007.5,"",1008.6,"",1.5,"",.0,""
"354180155","GDAÑSK-ŒWIBNO","2018","08","15",5.9,"",3.1,"",19.4,"",18.5,"",82.5,"",1012.6,"",1013.6,"",.9,"",.0,""
"354180155","GDAÑSK-ŒWIBNO","2018","08","16",1.5,"",2.3,"",19.4,"",17.1,"",77.9,"",1018.2,"",1019.3,"",.0,"",.0,""
"354180155","GDAÑSK-ŒWIBNO","2018","08","17",1.6,"",2.9,"",21.7,"",17.6,"",70.9,"",1016.4,"",1017.5,"",.0,"",.0,""
"354180155","GDAÑSK-ŒWIBNO","2018","08","18",3.3,"",3.1,"",19.7,"",18.0,"",79.1,"",1018.0,"",1019.1,"",.0,"",.0,""
"354180155","GDAÑSK-ŒWIBNO","2018","08","19",4.8,"",2.5,"",19.7,"",16.8,"",75.1,"",1018.1,"",1019.2,"",.0,"",.0,""
"354180155","GDAÑSK-ŒWIBNO","2018","08","20",5.5,"",4.1,"",20.6,"",17.3,"",74.3,"",1012.0,"",1013.0,"",.1,"",.0,""
"354180155","GDAÑSK-ŒWIBNO","2018","08","21",3.6,"",3.5,"",17.9,"",13.7,"",67.5,"",1017.7,"",1018.8,"",.0,"",.0,""
"354180155","GDAÑSK-ŒWIBNO","2018","08","22",1.5,"",2.5,"",17.7,"",13.4,"",69.8,"",1020.6,"",1021.7,"",.0,"",.0,""
"354180155","GDAÑSK-ŒWIBNO","2018","08","23",.9,"",4.0,"",21.2,"",14.5,"",60.5,"",1013.2,"",1014.2,"",.0,"",2.0,""
"354180155","GDAÑSK-ŒWIBNO","2018","08","24",5.5,"",2.6,"",19.6,"",19.2,"",84.4,"",1006.1,"",1007.1,"",4.1,"",1.7,""
"354180155","GDAÑSK-ŒWIBNO","2018","08","25",7.3,"",1.9,"",16.5,"",15.5,"",83.6,"",1008.2,"",1009.3,"",.1,"",1.4,""
"354180155","GDAÑSK-ŒWIBNO","2018","08","26",4.9,"",2.8,"",15.1,"",13.7,"",80.8,"",1011.7,"",1012.8,"",.0,"",.0,""
"354180155","GDAÑSK-ŒWIBNO","2018","08","27",4.3,"",3.5,"",16.0,"",12.2,"",70.6,"",1014.0,"",1015.1,"",.0,"",.5,""
"354180155","GDAÑSK-ŒWIBNO","2018","08","28",4.9,"",2.4,"",16.9,"",14.7,"",76.8,"",1015.6,"",1016.7,"",5.3,"",.0,""
"354180155","GDAÑSK-ŒWIBNO","2018","08","29",2.4,"",2.8,"",16.3,"",14.8,"",81.1,"",1018.5,"",1019.6,"",.0,"",.0,""
"354180155","GDAÑSK-ŒWIBNO","2018","08","30",5.5,"",4.6,"",19.3,"",15.0,"",69.3,"",1013.8,"",1014.8,"",.0,"",.0,""
"354180155","GDAÑSK-ŒWIBNO","2018","08","31",6.0,"",3.4,"",18.1,"",16.9,"",81.5,"",1014.8,"",1015.9,"",.5,"",.0,""
"354180155","GDAÑSK-ŒWIBNO","2018","09","01",6.5,"",2.6,"",17.9,"",16.0,"",79.1,"",1022.5,"",1023.6,"",.0,"",.0,""
"354180155","GDAÑSK-ŒWIBNO","2018","09","02",4.3,"",3.3,"",18.7,"",17.7,"",82.3,"",1026.3,"",1027.4,"",.0,"",.0,""
"354180155","GDAÑSK-ŒWIBNO","2018","09","03",.8,"",4.1,"",19.1,"",18.1,"",82.6,"",1021.4,"",1022.5,"",.0,"",.0,""
"354180155","GDAÑSK-ŒWIBNO","2018","09","04",4.8,"",3.6,"",19.5,"",19.7,"",87.1,"",1015.6,"",1016.7,"",.0,"",.0,""
"354180155","GDAÑSK-ŒWIBNO","2018","09","05",3.8,"",4.0,"",19.5,"",18.5,"",82.1,"",1016.7,"",1017.8,"",.0,"",.0,""
"354180155","GDAÑSK-ŒWIBNO","2018","09","06",3.1,"",3.8,"",19.6,"",19.8,"",87.1,"",1014.2,"",1015.3,"",.0,"",.0,""
"354180155","GDAÑSK-ŒWIBNO","2018","09","07",2.4,"",2.5,"",19.6,"",19.5,"",86.0,"",1011.5,"",1012.5,"",.0,"",.3,""
"354180155","GDAÑSK-ŒWIBNO","2018","09","08",3.5,"",3.0,"",16.7,"",14.7,"",78.0,"",1017.1,"",1018.2,"",4.1,"",.0,""
"354180155","GDAÑSK-ŒWIBNO","2018","09","09",2.9,"",1.8,"",15.3,"",13.9,"",81.6,"",1022.0,"",1023.1,"",.0,"",.0,""
"354180155","GDAÑSK-ŒWIBNO","2018","09","10",4.1,"",3.0,"",17.7,"",13.8,"",72.0,"",1020.2,"",1021.2,"",.0,"",.7,""
"354180155","GDAÑSK-ŒWIBNO","2018","09","11",7.4,"",3.0,"",17.8,"",14.9,"",73.9,"",1017.2,"",1018.3,"",.0,"",.0,""
"354180155","GDAÑSK-ŒWIBNO","2018","09","12",6.3,"",3.9,"",19.2,"",16.7,"",75.5,"",1015.6,"",1016.7,"",.0,"",.0,""
"354180155","GDAÑSK-ŒWIBNO","2018","09","13",6.0,"",2.0,"",15.1,"",12.6,"",74.5,"",1019.3,"",1020.4,"",.0,"",.0,""
"354180155","GDAÑSK-ŒWIBNO","2018","09","14",3.1,"",1.9,"",14.2,"",12.7,"",80.3,"",1018.9,"",1020.0,"",.0,"",.0,""
"354180155","GDAÑSK-ŒWIBNO","2018","09","15",5.9,"",3.6,"",16.2,"",12.4,"",70.1,"",1016.8,"",1017.9,"",.0,"",.0,""
"354180155","GDAÑSK-ŒWIBNO","2018","09","16",3.0,"",2.1,"",14.2,"",11.5,"",73.6,"",1021.6,"",1022.7,"",.0,"",.0,""
"354180155","GDAÑSK-ŒWIBNO","2018","09","17",5.4,"",2.9,"",17.0,"",12.4,"",68.6,"",1018.7,"",1019.8,"",.0,"",.0,""
"354180155","GDAÑSK-ŒWIBNO","2018","09","18",4.5,"",2.9,"",17.9,"",13.3,"",69.9,"",1016.3,"",1017.4,"",.0,"",.0,""
"354180155","GDAÑSK-ŒWIBNO","2018","09","19",.9,"",2.4,"",17.7,"",16.4,"",82.5,"",1015.2,"",1016.3,"",.0,"",.0,""
"354180155","GDAÑSK-ŒWIBNO","2018","09","20",2.0,"",3.1,"",19.8,"",16.6,"",77.3,"",1015.3,"",1016.4,"",.0,"",.0,""
"354180155","GDAÑSK-ŒWIBNO","2018","09","21",4.5,"",6.3,"",21.1,"",15.2,"",65.3,"",1007.6,"",1008.7,"",.0,"",4.2,""
"354180155","GDAÑSK-ŒWIBNO","2018","09","22",4.3,"",4.6,"",13.0,"",10.9,"",73.8,"",1010.7,"",1011.8,"",.0,"",1.8,""
"354180155","GDAÑSK-ŒWIBNO","2018","09","23",5.1,"",3.9,"",11.6,"",10.7,"",79.1,"",1008.3,"",1009.4,"",.2,"",.7,""
"354180155","GDAÑSK-ŒWIBNO","2018","09","24",6.1,"",5.5,"",10.3,"",9.1,"",73.1,"",1010.6,"",1011.7,"",2.5,"",.2,""
"354180155","GDAÑSK-ŒWIBNO","2018","09","25",2.4,"",5.5,"",10.1,"",6.6,"",54.6,"",1028.0,"",1029.1,"",.0,"",.0,""
"354180155","GDAÑSK-ŒWIBNO","2018","09","26",5.8,"",5.8,"",9.8,"",8.5,"",70.9,"",1025.5,"",1026.6,"",2.0,"",.0,""
"354180155","GDAÑSK-ŒWIBNO","2018","09","27",4.5,"",6.4,"",16.2,"",13.5,"",74.3,"",1017.7,"",1018.8,"",.0,"",.2,""
"354180155","GDAÑSK-ŒWIBNO","2018","09","28",5.1,"",5.6,"",13.3,"",10.9,"",70.3,"",1014.9,"",1016.0,"",.1,"",.0,""
"354180155","GDAÑSK-ŒWIBNO","2018","09","29",2.4,"",3.3,"",9.7,"",6.8,"",59.4,"",1023.6,"",1024.7,"",.0,"",.0,""
"354180155","GDAÑSK-ŒWIBNO","2018","09","30",4.3,"",3.6,"",9.7,"",7.2,"",63.4,"",1017.3,"",1018.4,"",.0,"",.0,""
"354180155","GDAÑSK-ŒWIBNO","2018","10","01",2.9,"",2.9,"",10.2,"",8.1,"",66.9,"",1008.9,"",1010.0,"",.0,"",.0,""
"354180155","GDAÑSK-ŒWIBNO","2018","10","02",5.8,"",5.3,"",9.9,"",8.5,"",71.0,"",1007.0,"",1008.1,"",.0,"",3.1,""
"354180155","GDAÑSK-ŒWIBNO","2018","10","03",5.9,"",7.5,"",9.0,"",8.9,"",78.3,"",1004.3,"",1005.4,"",.5,"",.0,""
"354180155","GDAÑSK-ŒWIBNO","2018","10","04",4.3,"",3.8,"",9.5,"",8.7,"",74.6,"",1019.7,"",1020.8,"",.0,"",.0,""
"354180155","GDAÑSK-ŒWIBNO","2018","10","05",5.8,"",4.5,"",13.8,"",12.3,"",79.0,"",1020.2,"",1021.3,"",.0,"",.0,""
"354180155","GDAÑSK-ŒWIBNO","2018","10","06",1.1,"",4.1,"",12.0,"",10.3,"",75.4,"",1011.8,"",1012.9,"",.0,"",.0,""
"354180155","GDAÑSK-ŒWIBNO","2018","10","07",5.4,"",4.4,"",11.1,"",10.9,"",83.1,"",1010.7,"",1011.8,"",2.2,"",.2,""
"354180155","GDAÑSK-ŒWIBNO","2018","10","08",6.4,"",2.5,"",10.4,"",9.4,"",75.0,"",1022.4,"",1023.5,"",.0,"",.0,""
"354180155","GDAÑSK-ŒWIBNO","2018","10","09",4.5,"",3.1,"",10.7,"",9.5,"",75.6,"",1022.2,"",1023.3,"",.0,"",.0,""
"354180155","GDAÑSK-ŒWIBNO","2018","10","10",3.0,"",2.5,"",12.5,"",11.8,"",82.6,"",1024.8,"",1025.9,"",.0,"",.0,""
"354180155","GDAÑSK-ŒWIBNO","2018","10","11",.8,"",4.0,"",13.1,"",11.6,"",78.9,"",1025.3,"",1026.4,"",.0,"",.0,""
"354180155","GDAÑSK-ŒWIBNO","2018","10","12",.3,"",4.5,"",13.7,"",11.7,"",75.6,"",1025.4,"",1026.5,"",.0,"",.0,""
"354180155","GDAÑSK-ŒWIBNO","2018","10","13",.0,"",3.5,"",13.6,"",11.9,"",78.6,"",1026.2,"",1027.3,"",.0,"",.0,""
"354180155","GDAÑSK-ŒWIBNO","2018","10","14",.0,"",5.3,"",14.0,"",11.3,"",73.5,"",1021.9,"",1023.0,"",.0,"",.0,""
"354180155","GDAÑSK-ŒWIBNO","2018","10","15",.9,"",5.1,"",14.1,"",10.7,"",69.4,"",1018.8,"",1019.9,"",.0,"",.0,""
"354180155","GDAÑSK-ŒWIBNO","2018","10","16",1.6,"",3.3,"",12.4,"",10.6,"",75.1,"",1019.3,"",1020.4,"",.0,"",.0,""
"354180155","GDAÑSK-ŒWIBNO","2018","10","17",.8,"",2.4,"",11.8,"",10.5,"",77.8,"",1020.1,"",1021.2,"",.0,"",.0,""
"354180155","GDAÑSK-ŒWIBNO","2018","10","18",1.6,"",2.6,"",12.2,"",11.5,"",81.8,"",1018.4,"",1019.5,"",.0,"",.0,""
"354180155","GDAÑSK-ŒWIBNO","2018","10","19",3.1,"",2.8,"",11.2,"",10.1,"",76.5,"",1022.3,"",1023.4,"",.0,"",.0,""
"354180155","GDAÑSK-ŒWIBNO","2018","10","20",5.4,"",2.4,"",7.9,"",8.6,"",81.9,"",1023.4,"",1024.5,"",.2,"",.0,""
"354180155","GDAÑSK-ŒWIBNO","2018","10","21",3.5,"",2.6,"",8.8,"",9.1,"",82.5,"",1025.9,"",1027.0,"",.0,"",.0,""
"354180155","GDAÑSK-ŒWIBNO","2018","10","22",5.1,"",3.9,"",8.2,"",9.3,"",85.3,"",1021.1,"",1022.2,"",3.7,"",.3,""
"354180155","GDAÑSK-ŒWIBNO","2018","10","23",6.3,"",6.0,"",7.4,"",9.0,"",87.0,"",1000.9,"",1002.0,"",12.3,"",5.3,""
"354180155","GDAÑSK-ŒWIBNO","2018","10","24",6.0,"",8.9,"",7.7,"",7.1,"",67.9,"",1000.7,"",1001.8,"",.2,"",.1,""
"354180155","GDAÑSK-ŒWIBNO","2018","10","25",6.4,"",5.5,"",7.9,"",9.2,"",85.3,"",1000.2,"",1001.3,"",2.2,"",3.2,""
"354180155","GDAÑSK-ŒWIBNO","2018","10","26",6.5,"",4.3,"",8.2,"",9.2,"",85.4,"",1002.5,"",1003.6,"",.3,"",.3,""
"354180155","GDAÑSK-ŒWIBNO","2018","10","27",5.9,"",5.8,"",8.7,"",8.6,"",76.5,"",999.4,"",1000.5,"",.2,"",.0,""
"354180155","GDAÑSK-ŒWIBNO","2018","10","28",6.1,"",4.4,"",6.9,"",7.6,"",75.8,"",1015.5,"",1016.6,"",2.6,"",.6,""
"354180155","GDAÑSK-ŒWIBNO","2018","10","29",8.0,"",6.5,"",4.1,"",7.0,"",84.8,"",1014.2,"",1015.3,"",.2,"",.0,""
"354180155","GDAÑSK-ŒWIBNO","2018","10","30",5.9,"",7.6,"",13.7,"",12.4,"",79.4,"",1003.5,"",1004.6,"",.0,"",.0,""
"354180155","GDAÑSK-ŒWIBNO","2018","10","31",.8,"",4.4,"",9.7,"",8.6,"",72.3,"",1017.3,"",1018.4,"",.0,"",.0,""
"354180155","GDAÑSK-ŒWIBNO","2018","11","01",5.6,"",3.9,"",9.1,"",9.9,"",85.1,"",1018.6,"",1019.7,"",.0,"",.0,""
"354180155","GDAÑSK-ŒWIBNO","2018","11","02",5.9,"",3.6,"",10.7,"",10.6,"",82.3,"",1019.3,"",1020.4,"",.0,"",.0,""
"354180155","GDAÑSK-ŒWIBNO","2018","11","03",5.1,"",1.8,"",7.9,"",9.5,"",89.4,"",1027.6,"",1028.7,"",.1,"",.0,""
"354180155","GDAÑSK-ŒWIBNO","2018","11","04",5.9,"",2.5,"",6.6,"",9.1,"",92.3,"",1025.7,"",1026.8,"",.0,"",.0,""
"354180155","GDAÑSK-ŒWIBNO","2018","11","05",7.0,"",5.1,"",10.5,"",11.8,"",93.4,"",1018.7,"",1019.8,"",.0,"",.0,""
"354180155","GDAÑSK-ŒWIBNO","2018","11","06",3.0,"",5.3,"",11.1,"",11.2,"",85.8,"",1015.8,"",1016.9,"",.0,"",.0,""
"354180155","GDAÑSK-ŒWIBNO","2018","11","07",.9,"",5.1,"",8.3,"",10.0,"",91.0,"",1015.6,"",1016.7,"",.0,"",.0,""
"354180155","GDAÑSK-ŒWIBNO","2018","11","08",4.5,"",2.3,"",7.1,"",9.5,"",94.5,"",1018.1,"",1019.2,"",.0,"",.0,""
"354180155","GDAÑSK-ŒWIBNO","2018","11","09",8.0,"",2.3,"",8.4,"",10.7,"",96.6,"",1018.4,"",1019.5,"",.0,"",.0,""
"354180155","GDAÑSK-ŒWIBNO","2018","11","10",7.9,"",3.1,"",8.9,"",10.9,"",95.8,"",1014.3,"",1015.4,"",.0,"",.0,""
"354180155","GDAÑSK-ŒWIBNO","2018","11","11",8.0,"",6.3,"",7.5,"",9.5,"",92.5,"",1015.1,"",1016.2,"",.0,"",.0,""
"354180155","GDAÑSK-ŒWIBNO","2018","11","12",7.4,"",5.8,"",8.7,"",10.2,"",91.1,"",1018.9,"",1020.0,"",.0,"",.0,""
"354180155","GDAÑSK-ŒWIBNO","2018","11","13",7.3,"",3.4,"",9.2,"",10.9,"",93.9,"",1018.3,"",1019.4,"",10.2,"",10.3,""
"354180155","GDAÑSK-ŒWIBNO","2018","11","14",6.4,"",3.1,"",8.8,"",10.2,"",90.8,"",1023.8,"",1024.9,"",.7,"",.0,""
"354180155","GDAÑSK-ŒWIBNO","2018","11","15",6.6,"",1.3,"",8.5,"",10.3,"",92.3,"",1031.8,"",1032.9,"",.0,"",.0,""
"354180155","GDAÑSK-ŒWIBNO","2018","11","16",4.3,"",3.3,"",3.6,"",7.0,"",88.1,"",1039.0,"",1040.2,"",.0,"",.0,""
"354180155","GDAÑSK-ŒWIBNO","2018","11","17",3.4,"",1.9,"",1.7,"",6.1,"",88.1,"",1040.4,"",1041.6,"",.0,"",.0,""
"354180155","GDAÑSK-ŒWIBNO","2018","11","18",6.5,"",5.5,"",5.5,"",7.5,"",82.5,"",1028.7,"",1029.8,"",.8,"",.1,""
"354180155","GDAÑSK-ŒWIBNO","2018","11","19",6.6,"",6.8,"",5.0,"",6.8,"",78.6,"",1027.6,"",1028.7,"",.0,"",.0,""
"354180155","GDAÑSK-ŒWIBNO","2018","11","20",5.9,"",4.9,"",3.3,"",5.9,"",76.8,"",1026.8,"",1027.9,"",.0,"",.0,""
"354180155","GDAÑSK-ŒWIBNO","2018","11","21",6.0,"",3.9,"",.8,"",5.0,"",77.1,"",1027.5,"",1028.6,"",.0,"",.0,""
"354180155","GDAÑSK-ŒWIBNO","2018","11","22",7.3,"",2.3,"",-.6,"",4.6,"",78.1,"",1027.7,"",1028.8,"",.0,"",.0,""
"354180155","GDAÑSK-ŒWIBNO","2018","11","23",8.0,"",3.9,"",-1.4,"",5.0,"",89.4,"",1025.3,"",1026.5,"",.0,"",.0,""
"354180155","GDAÑSK-ŒWIBNO","2018","11","24",7.9,"",2.6,"",.9,"",6.1,"",92.5,"",1015.8,"",1016.9,"",.0,"",.0,""
"354180155","GDAÑSK-ŒWIBNO","2018","11","25",7.1,"",1.5,"",2.3,"",6.7,"",92.5,"",1013.3,"",1014.4,"",.0,"",.0,""
"354180155","GDAÑSK-ŒWIBNO","2018","11","26",5.3,"",2.3,"",1.2,"",5.9,"",88.1,"",1015.0,"",1016.1,"",.0,"",.0,""
"354180155","GDAÑSK-ŒWIBNO","2018","11","27",6.1,"",3.6,"",3.6,"",5.7,"",73.1,"",1019.1,"",1020.2,"",.3,"",2.0,""
"354180155","GDAÑSK-ŒWIBNO","2018","11","28",7.8,"",3.1,"",-2.5,"",4.9,"",95.0,"",1030.8,"",1031.9,"",.0,"",.0,""
"354180155","GDAÑSK-ŒWIBNO","2018","11","29",4.0,"",10.5,"",-3.0,"",3.8,"",77.9,"",1030.1,"",1031.3,"",.0,"",.0,""
"354180155","GDAÑSK-ŒWIBNO","2018","11","30",3.8,"",10.5,"",-3.2,"",3.3,"",68.1,"",1022.2,"",1023.4,"",.0,"",.0,""
"354180155","GDAÑSK-ŒWIBNO","2018","12","01",5.1,"",6.0,"",-5.2,"",3.0,"",70.3,"",1016.4,"",1017.6,"",.0,"",.0,""
"354180155","GDAÑSK-ŒWIBNO","2018","12","02",7.1,"",6.1,"",.5,"",5.7,"",89.8,"",1006.9,"",1008.0,"",.0,"",3.0,""
"354180155","GDAÑSK-ŒWIBNO","2018","12","03",8.0,"",4.3,"",4.1,"",8.0,"",97.1,"",998.1,"",999.2,"",5.5,"",.5,""
"354180155","GDAÑSK-ŒWIBNO","2018","12","04",6.9,"",4.5,"",5.9,"",8.3,"",88.6,"",1004.4,"",1005.5,"",1.0,"",.0,""
"354180155","GDAÑSK-ŒWIBNO","2018","12","05",2.5,"",3.9,"",1.8,"",5.6,"",81.1,"",1021.0,"",1022.1,"",.0,"",.0,""
"354180155","GDAÑSK-ŒWIBNO","2018","12","06",6.4,"",5.3,"",.1,"",5.8,"",93.8,"",1019.5,"",1020.6,"",.0,"",3.3,""
"354180155","GDAÑSK-ŒWIBNO","2018","12","07",7.6,"",4.6,"",5.7,"",9.0,"",96.3,"",1003.2,"",1004.3,"",.2,"",7.4,""
"354180155","GDAÑSK-ŒWIBNO","2018","12","08",6.6,"",6.0,"",7.3,"",8.5,"",82.3,"",994.7,"",995.8,"",.0,"",.0,""
"354180155","GDAÑSK-ŒWIBNO","2018","12","09",7.0,"",5.0,"",5.6,"",8.2,"",90.5,"",988.6,"",989.7,"",1.1,"",.4,""
"354180155","GDAÑSK-ŒWIBNO","2018","12","10",4.8,"",4.0,"",3.6,"",6.9,"",87.3,"",997.6,"",998.7,"",.0,"",1.2,""
"354180155","GDAÑSK-ŒWIBNO","2018","12","11",7.4,"",2.8,"",2.7,"",6.7,"",91.1,"",1008.1,"",1009.2,"",.0,"",.0,""
"354180155","GDAÑSK-ŒWIBNO","2018","12","12",6.4,"",2.1,"",2.5,"",6.4,"",87.3,"",1021.8,"",1022.9,"",.9,"",.3,""
"354180155","GDAÑSK-ŒWIBNO","2018","12","13",7.5,"",3.0,"",.1,"",5.1,"",82.5,"",1024.6,"",1025.7,"",.2,"",.0,""
"354180155","GDAÑSK-ŒWIBNO","2018","12","14",7.5,"",2.0,"",.1,"",5.3,"",86.9,"",1027.4,"",1028.5,"",.1,"",.0,""
"354180155","GDAÑSK-ŒWIBNO","2018","12","15",7.9,"",2.6,"",.4,"",5.8,"",91.6,"",1029.5,"",1030.6,"",.2,"",.1,""
"354180155","GDAÑSK-ŒWIBNO","2018","12","16",8.0,"",4.1,"",-.4,"",5.5,"",92.1,"",1020.6,"",1021.7,"",.5,"",.0,""
"354180155","GDAÑSK-ŒWIBNO","2018","12","17",8.0,"",2.3,"",-1.4,"",5.0,"",89.8,"",1021.3,"",1022.4,"",.0,"",.0,""
"354180155","GDAÑSK-ŒWIBNO","2018","12","18",7.6,"",3.1,"",-1.1,"",5.0,"",87.6,"",1027.0,"",1028.2,"",.0,"",.1,""
"354180155","GDAÑSK-ŒWIBNO","2018","12","19",7.9,"",6.4,"",-.6,"",5.2,"",87.9,"",1023.8,"",1024.9,"",.0,"",.0,""
"354180155","GDAÑSK-ŒWIBNO","2018","12","20",8.0,"",5.8,"",-2.0,"",4.8,"",90.5,"",1017.3,"",1018.4,"",2.0,"",.6,""
"354180155","GDAÑSK-ŒWIBNO","2018","12","21",8.0,"",4.0,"",.2,"",6.0,"",97.3,"",1009.3,"",1010.4,"",.2,"",2.1,""
"354180155","GDAÑSK-ŒWIBNO","2018","12","22",7.8,"",4.8,"",2.2,"",6.6,"",93.0,"",999.6,"",1000.7,"",3.8,"",.5,""
"354180155","GDAÑSK-ŒWIBNO","2018","12","23",7.3,"",3.1,"",1.5,"",6.2,"",91.5,"",1011.1,"",1012.2,"",3.5,"",1.3,""
"354180155","GDAÑSK-ŒWIBNO","2018","12","24",7.3,"",5.8,"",1.1,"",5.4,"",82.0,"",1015.0,"",1016.1,"",1.5,"",.0,""
"354180155","GDAÑSK-ŒWIBNO","2018","12","25",7.9,"",3.3,"",2.0,"",6.4,"",88.8,"",1017.8,"",1018.9,"",1.1,"",.0,""
"354180155","GDAÑSK-ŒWIBNO","2018","12","26",5.5,"",5.0,"",4.7,"",7.1,"",83.1,"",1016.8,"",1017.9,"",.0,"",1.1,""
"354180155","GDAÑSK-ŒWIBNO","2018","12","27",7.4,"",4.3,"",5.7,"",8.4,"",90.8,"",1014.9,"",1016.0,"",2.6,"",.2,""
"354180155","GDAÑSK-ŒWIBNO","2018","12","28",7.5,"",4.1,"",5.8,"",7.9,"",86.1,"",1016.3,"",1017.4,"",.0,"",.0,""
"354180155","GDAÑSK-ŒWIBNO","2018","12","29",7.4,"",2.9,"",5.3,"",7.9,"",87.8,"",1019.3,"",1020.4,"",.0,"",.0,""
"354180155","GDAÑSK-ŒWIBNO","2018","12","30",7.9,"",4.1,"",5.0,"",8.2,"",94.0,"",1014.0,"",1015.1,"",5.7,"",.9,""
"354180155","GDAÑSK-ŒWIBNO","2018","12","31",6.3,"",3.9,"",3.1,"",6.5,"",85.1,"",1024.2,"",1025.3,"",.7,"",.0,""
