"354180155","GDAÑSK-ŒWIBNO","2018","01","01",9.6,"",2.8,"",7.0,"",2.3,"",.0,"","W",0,"9",.0,"9",.0,"9",2.4,"",.0,"9",.0,"9",.0,"9",.0,"9",1.8,"",.0,"9",.0,"9",.0,"9",.0,"9",.0,"9",.0,"9",.0,"9",.0,"9",.0,"9",.0,"9",0,"",0,"","R",0,"9",0,"9",0,"8"
"354180155","GDAÑSK-ŒWIBNO","2018","01","02",5.4,"",.1,"",1.6,"",-2.7,"",2.3,"","W",0,"9",.0,"9",.1,"",6.8,"",.0,"9",.0,"9",.0,"9",2.1,"",14.8,"",.0,"9",.0,"9",.0,"9",.0,"9",.0,"9",.0,"9",.0,"9",.0,"9",.0,"9",9.0,"",0,"",0,"","Z",0,"9",0,"9",0,"8"
"354180155","GDAÑSK-ŒWIBNO","2018","01","03",4.1,"",1.7,"",2.9,"",.1,"",2.3,"","W",0,"9",.0,"9",1.4,"",4.8,"",.0,"9",.0,"9",.0,"9",.0,"9",13.0,"",.0,"9",.0,"9",.0,"9",.0,"9",.0,"9",5.3,"",.0,"9",.0,"9",.0,"9",.0,"9",0,"",0,"","R",0,"9",0,"9",0,"8"
"354180155","GDAÑSK-ŒWIBNO","2018","01","04",6.0,"",2.0,"",4.4,"",1.6,"",1.8,"","W",0,"9",.0,"9",.6,"",4.4,"",.0,"9",.0,"9",.0,"9",.0,"9",.9,"",.0,"9",.0,"9",.0,"9",.0,"9",.0,"9",.0,"9",.0,"9",.0,"9",.0,"9",.0,"9",0,"",0,"","R",0,"9",0,"9",0,"8"
"354180155","GDAÑSK-ŒWIBNO","2018","01","05",6.9,"",2.4,"",5.5,"",.8,"",.4,"","W",0,"9",.0,"9",.0,"9",6.0,"",.0,"9",.0,"9",.0,"9",.0,"9",.0,"9",.0,"9",.0,"9",.0,"9",.0,"9",.0,"9",.0,"9",.0,"9",.0,"9",.0,"9",.0,"9",0,"",0,"","R",0,"9",0,"9",0,"8"
"354180155","GDAÑSK-ŒWIBNO","2018","01","06",6.3,"",3.1,"",4.1,"",1.1,"",.7,"","W",0,"9",.0,"9",.2,"",3.2,"",.0,"9",.0,"9",.0,"9",.0,"9",.0,"9",.0,"9",.0,"9",.0,"9",.0,"9",.0,"9",.0,"9",.0,"9",.0,"9",.0,"9",.0,"9",0,"",0,"","R",0,"9",0,"9",0,"8"
"354180155","GDAÑSK-ŒWIBNO","2018","01","07",4.3,"",-2.2,"",1.2,"",-5.5,"",.0,"9","",0,"9",.0,"9",2.4,"",1.0,"",.0,"9",.0,"9",.0,"9",.0,"9",4.8,"",.0,"9",.0,"9",.0,"9",.0,"9",.0,"9",.0,"9",.0,"9",.0,"9",.0,"9",6.0,"",0,"",0,"","Z",0,"9",0,"9",0,"8"
"354180155","GDAÑSK-ŒWIBNO","2018","01","08",3.2,"",-4.4,"",-1.0,"",-6.8,"",.0,"9","",0,"9",.0,"9",.0,"9",.0,"9",.0,"9",.0,"9",.0,"9",.0,"9",1.7,"",.0,"9",.0,"9",.0,"9",.0,"9",.0,"9",.0,"9",.0,"9",.0,"9",.0,"9",14.0,"",0,"",0,"","Z",0,"9",0,"9",0,"8"
"354180155","GDAÑSK-ŒWIBNO","2018","01","09",1.3,"",-4.1,"",-1.1,"",-6.4,"",.0,"9","",0,"9",.0,"9",6.6,"",.0,"9",.0,"9",.0,"9",.0,"9",.0,"9",11.3,"",.0,"9",.0,"9",.0,"9",.0,"9",.0,"9",.0,"9",.0,"9",.0,"9",.0,"9",11.0,"",0,"",0,"","Z",0,"9",0,"9",0,"8"
"354180155","GDAÑSK-ŒWIBNO","2018","01","10",1.6,"",-.3,"",.9,"",-1.6,"",.0,"9","",0,"9",.0,"9",.0,"9",.0,"9",.0,"9",.0,"9",.0,"9",.0,"9",.0,"9",.0,"9",.0,"9",.0,"9",.0,"9",.0,"9",.0,"9",.0,"9",.0,"9",.0,"9",.0,"9",0,"",0,"","Z",0,"9",0,"9",0,"8"
"354180155","GDAÑSK-ŒWIBNO","2018","01","11",.6,"",-2.0,"",-.6,"",-3.1,"",.0,"9","",0,"9",.0,"9",.0,"9",.0,"9",.0,"9",.0,"9",.0,"9",.0,"9",4.1,"",.0,"9",.0,"9",.0,"9",.0,"9",.0,"9",.0,"9",.0,"9",.0,"9",.0,"9",.0,"9",0,"",0,"","Z",0,"9",0,"9",0,"8"
"354180155","GDAÑSK-ŒWIBNO","2018","01","12",1.0,"",-3.8,"",-2.5,"",-3.4,"",.0,"9","",0,"9",.0,"9",.0,"9",.0,"9",.0,"9",.0,"9",.0,"9",.0,"9",14.1,"",.0,"9",.0,"9",.0,"9",.0,"9",.0,"9",.0,"9",.0,"9",.0,"9",.0,"9",.0,"9",0,"",0,"","Z",0,"9",0,"9",0,"8"
"354180155","GDAÑSK-ŒWIBNO","2018","01","13",.6,"",-2.3,"",-1.4,"",-3.9,"",.0,"9","",0,"9",.0,"9",4.7,"",.0,"9",.0,"9",.0,"9",.0,"9",.0,"9",.0,"9",.0,"9",.0,"9",.0,"9",.0,"9",.0,"9",.0,"9",.0,"9",.0,"9",.0,"9",.0,"9",0,"",0,"","Z",0,"9",0,"9",0,"8"
"354180155","GDAÑSK-ŒWIBNO","2018","01","14",-2.3,"",-6.2,"",-5.2,"",-6.9,"",.0,"9","",0,"9",.0,"9",.0,"9",.0,"9",.0,"9",.0,"9",.0,"9",.0,"9",.0,"9",.0,"9",.0,"9",.0,"9",.0,"9",.0,"9",.0,"9",.0,"9",.0,"9",.0,"9",23.0,"",0,"",0,"","Z",0,"9",0,"9",0,"8"
"354180155","GDAÑSK-ŒWIBNO","2018","01","15",-4.5,"",-6.4,"",-5.8,"",-6.7,"",.0,"9","",0,"9",.0,"9",4.3,"",.0,"9",.0,"9",.0,"9",.0,"9",.0,"9",.0,"9",.0,"9",.0,"9",.0,"9",.0,"9",.0,"9",9.7,"",.0,"9",.0,"9",.0,"9",8.0,"",0,"",0,"","Z",0,"9",0,"9",0,"8"
"354180155","GDAÑSK-ŒWIBNO","2018","01","16",-2.8,"",-6.2,"",-4.1,"",-6.8,"",2.2,"","S",0,"9",.0,"9",.0,"9",.0,"9",12.1,"",.0,"9",.0,"9",.0,"9",14.3,"",.0,"9",.0,"9",.0,"9",.0,"9",.0,"9",16.2,"",.0,"9",.0,"9",.0,"9",.0,"9",0,"",0,"","Z",0,"9",0,"9",0,"8"
"354180155","GDAÑSK-ŒWIBNO","2018","01","17",2.9,"",-2.8,"",-.8,"",-9.0,"",.3,"","S",4,"",.0,"9",1.5,"",.0,"9",2.8,"",.0,"9",.0,"9",.3,"",10.1,"",.0,"9",.0,"9",.0,"9",.0,"9",.0,"9",.0,"9",.0,"9",.0,"9",.0,"9",.0,"9",1,"",0,"","Z",0,"9",0,"9",0,"8"
"354180155","GDAÑSK-ŒWIBNO","2018","01","18",1.3,"",-4.1,"",.0,"",-9.1,"",1.1,"","S",4,"",.0,"9",1.3,"",.0,"9",5.3,"",.0,"9",.0,"9",.0,"9",.4,"",.0,"9",.0,"9",.0,"9",.0,"9",.0,"9",.0,"9",.0,"9",.0,"9",.0,"9",.0,"9",1,"",0,"","Z",0,"9",0,"9",0,"8"
"354180155","GDAÑSK-ŒWIBNO","2018","01","19",3.6,"",.3,"",1.4,"",-.4,"",.0,"","S",7,"",1.1,"",1.2,"",.0,"9",5.5,"",.9,"",.0,"9",.0,"9",1.2,"",.0,"9",.0,"9",.0,"9",.0,"9",.0,"9",.0,"9",.0,"9",.0,"9",.0,"9",.0,"9",1,"",0,"","",0,"9",0,"9",0,"8"
"354180155","GDAÑSK-ŒWIBNO","2018","01","20",.9,"",-2.2,"",-.5,"",-4.1,"",.0,"","S",5,"",1.3,"",.0,"9",.0,"9",2.8,"",.0,"9",.0,"9",3.9,"",20.1,"",.0,"9",.0,"9",.0,"9",.0,"9",.0,"9",.0,"9",.0,"9",.0,"9",.0,"9",.0,"9",1,"",0,"","",0,"9",0,"9",0,"8"
"354180155","GDAÑSK-ŒWIBNO","2018","01","21",.0,"",-6.2,"",-1.7,"",-8.4,"",.0,"","S",3,"",.0,"9",1.3,"",.0,"9",3.2,"",.0,"9",.0,"9",4.8,"",19.2,"",.0,"9",.0,"9",.0,"9",.0,"9",.0,"9",.0,"9",.0,"9",.0,"9",.0,"9",.0,"9",1,"",0,"","",0,"9",0,"9",0,"8"
"354180155","GDAÑSK-ŒWIBNO","2018","01","22",-2.7,"",-6.1,"",-4.5,"",-6.0,"",.0,"9","",3,"",.0,"9",.0,"9",.0,"9",.0,"9",.0,"9",.0,"9",.0,"9",22.2,"",.0,"9",.0,"9",.0,"9",.0,"9",.0,"9",.0,"9",.0,"9",.0,"9",.0,"9",.0,"9",1,"",0,"","Z",0,"9",0,"9",0,"8"
"354180155","GDAÑSK-ŒWIBNO","2018","01","23",-4.5,"",-8.4,"",-6.3,"",-11.4,"",.0,"","S",3,"",.0,"9",2.0,"",.0,"9",.0,"9",.0,"9",.0,"9",.0,"9",24.0,"",.0,"9",.0,"9",.0,"9",.0,"9",.0,"9",.0,"9",.0,"9",.0,"9",.0,"9",.0,"9",1,"",0,"","",0,"9",0,"9",0,"8"
"354180155","GDAÑSK-ŒWIBNO","2018","01","24",3.3,"",-6.9,"",.6,"",-8.0,"",.1,"","W",3,"",.0,"9",.0,"9",.4,"",.3,"",.0,"9",.0,"9",.0,"9",24.0,"",.0,"9",2.1,"",.0,"9",.0,"9",.0,"9",.0,"9",.0,"9",.0,"9",.0,"9",.0,"9",1,"",0,"","",0,"9",0,"9",0,"8"
"354180155","GDAÑSK-ŒWIBNO","2018","01","25",5.8,"",2.4,"",3.8,"",1.8,"",7.7,"","W",0,"9",.0,"9",.0,"9",3.5,"",.0,"9",.0,"9",.0,"9",.7,"",11.3,"",.0,"9",.0,"9",.0,"9",.0,"9",.0,"9",.0,"9",.0,"9",.0,"9",.0,"9",.0,"9",0,"",0,"","Z",0,"9",0,"9",0,"8"
"354180155","GDAÑSK-ŒWIBNO","2018","01","26",3.9,"",1.6,"",2.4,"",1.3,"",4.2,"","W",0,"9",.0,"9",.0,"9",17.3,"",.0,"9",.0,"9",.0,"9",24.0,"",.0,"9",.0,"9",.0,"9",.0,"9",.0,"9",.0,"9",.0,"9",.0,"9",.0,"9",.0,"9",.0,"9",0,"",0,"","R",0,"9",0,"9",0,"8"
"354180155","GDAÑSK-ŒWIBNO","2018","01","27",5.4,"",.6,"",2.8,"",-.1,"",.9,"","W",0,"9",.0,"9",.2,"",.0,"9",.0,"9",.0,"9",.0,"9",4.2,"",10.6,"",.0,"9",.0,"9",.0,"9",.0,"9",.0,"9",.0,"9",.0,"9",.0,"9",.0,"9",.0,"9",0,"",0,"","R",0,"9",0,"9",0,"8"
"354180155","GDAÑSK-ŒWIBNO","2018","01","28",7.2,"",2.1,"",5.0,"",1.6,"",1.2,"","W",0,"9",.0,"9",.3,"",3.4,"",.0,"9",.0,"9",.0,"9",.0,"9",7.3,"",.0,"9",.0,"9",.0,"9",.0,"9",.0,"9",.0,"9",.0,"9",.0,"9",.0,"9",.0,"9",0,"",0,"","R",0,"9",0,"9",0,"8"
"354180155","GDAÑSK-ŒWIBNO","2018","01","29",9.9,"",4.4,"",6.8,"",2.8,"",2.6,"","W",0,"9",.0,"9",.0,"9",7.4,"",.0,"9",.0,"9",.0,"9",.0,"9",2.2,"",.0,"9",.0,"9",.0,"9",.0,"9",.0,"9",5.0,"",.0,"9",.0,"9",.0,"9",.0,"9",0,"",0,"","R",0,"9",0,"9",0,"8"
"354180155","GDAÑSK-ŒWIBNO","2018","01","30",8.5,"",2.3,"",3.8,"",1.4,"",5.9,"","S",0,"9",.0,"9",.4,"",8.1,"",.0,"9",.5,"",.0,"9",.0,"9",.0,"9",.0,"9",.0,"9",.0,"9",.0,"9",.0,"9",2.7,"",.0,"9",.0,"9",.0,"9",.0,"9",0,"",0,"","R",0,"9",0,"9",0,"8"
"354180155","GDAÑSK-ŒWIBNO","2018","01","31",4.1,"",.8,"",2.6,"",-.6,"",3.3,"","W",0,"9",.0,"9",.4,"",3.7,"",.0,"9",.0,"9",.0,"9",.0,"9",7.0,"",.0,"9",.0,"9",.0,"9",.0,"9",.0,"9",.0,"9",.0,"9",.0,"9",.0,"9",.0,"9",0,"",0,"","R",0,"9",0,"9",0,"8"
"354180155","GDAÑSK-ŒWIBNO","2018","02","01",5.6,"",1.9,"",3.8,"",.5,"",.0,"9","",0,"9",.0,"9",1.8,"",1.3,"",.0,"9",.0,"9",.0,"9",.0,"9",4.2,"",.0,"9",.0,"9",.0,"9",.0,"9",.0,"9",.0,"9",.0,"9",.0,"9",.0,"9",.0,"9",0,"",0,"","R",0,"9",0,"9",0,"8"
"354180155","GDAÑSK-ŒWIBNO","2018","02","02",3.1,"",-1.8,"",.4,"",-4.7,"",.0,"","S",0,"9",.0,"9",7.6,"",.0,"9",.1,"",.0,"9",.0,"9",.0,"9",23.8,"",.0,"9",.0,"9",.0,"9",.0,"9",.0,"9",.0,"9",.0,"9",.0,"9",.0,"9",10.8,"",0,"",0,"","",0,"9",0,"9",0,"8"
"354180155","GDAÑSK-ŒWIBNO","2018","02","03",1.7,"",-.3,"",.8,"",-1.7,"",.5,"","S",0,"",.0,"9",.0,"9",.0,"9",6.9,"",.0,"9",.0,"9",.0,"9",24.0,"",.0,"9",.0,"9",.0,"9",.0,"9",.0,"9",.0,"9",.0,"9",.0,"9",.0,"9",.0,"9",0,"",0,"","Z",0,"9",0,"9",0,"8"
"354180155","GDAÑSK-ŒWIBNO","2018","02","04",2.1,"",-.4,"",.6,"",-2.5,"",.3,"","S",1,"",.0,"9",1.5,"",.0,"9",5.3,"",.0,"9",.0,"9",.0,"9",6.6,"",.0,"9",.0,"9",.0,"9",.0,"9",.0,"9",.7,"",.0,"9",.0,"9",.0,"9",.0,"9",1,"",0,"","Z",0,"9",0,"9",0,"8"
"354180155","GDAÑSK-ŒWIBNO","2018","02","05",1.2,"",-3.8,"",-2.0,"",-3.8,"",6.6,"","S",0,"",.0,"9",1.4,"",.0,"9",11.9,"",.0,"9",.0,"9",.0,"9",.0,"9",.0,"9",.0,"9",.0,"9",.0,"9",.0,"9",.0,"9",.0,"9",.0,"9",.0,"9",.0,"9",0,"",0,"","Z",0,"9",0,"9",0,"8"
"354180155","GDAÑSK-ŒWIBNO","2018","02","06",-.3,"",-8.1,"",-3.6,"",-11.7,"",.0,"","S",7,"",1.6,"",5.7,"",.0,"9",2.4,"",.0,"9",.0,"9",.0,"9",2.7,"",.0,"9",.0,"9",.0,"9",.0,"9",.0,"9",.0,"9",.0,"9",.0,"9",.0,"9",.0,"9",1,"",0,"","",0,"9",0,"9",0,"8"
"354180155","GDAÑSK-ŒWIBNO","2018","02","07",-2.5,"",-12.7,"",-7.3,"",-13.7,"",.0,"9","",7,"",1.3,"",7.2,"",.0,"9",.0,"9",.0,"9",.0,"9",4.4,"",15.6,"",7.3,"",.0,"9",.0,"9",.0,"9",2.2,"",.0,"9",.0,"9",.0,"9",.0,"9",.0,"9",1,"",0,"","Z",0,"9",0,"9",0,"8"
"354180155","GDAÑSK-ŒWIBNO","2018","02","08",-.9,"",-14.4,"",-8.2,"",-16.3,"",.0,"9","",6,"",1.5,"",7.0,"",.0,"9",.0,"9",.0,"9",.0,"9",8.6,"",14.0,"",12.1,"",.0,"9",.0,"9",.0,"9",.0,"9",.0,"9",.0,"9",.0,"9",.0,"9",.0,"9",1,"",0,"","Z",0,"9",0,"9",0,"8"
"354180155","GDAÑSK-ŒWIBNO","2018","02","09",-4.6,"",-12.3,"",-9.2,"",-13.6,"",.1,"","W",6,"",1.7,"",6.7,"",.0,"9",.0,"9",.0,"9",.0,"9",4.8,"",19.2,"",24.0,"",.0,"9",.0,"9",.0,"9",.0,"9",.0,"9",.0,"9",.0,"9",.0,"9",.0,"9",1,"",0,"","Z",0,"9",0,"9",0,"8"
"354180155","GDAÑSK-ŒWIBNO","2018","02","10",-4.6,"",-10.6,"",-5.4,"",-13.1,"",.0,"9","",5,"",1.5,"",.0,"9",.0,"9",.0,"9",.0,"9",.0,"9",10.3,"",13.8,"",24.0,"",.0,"9",.0,"9",.0,"9",.0,"9",.0,"9",.0,"9",.0,"9",.0,"9",.0,"9",1,"",0,"","Z",0,"9",0,"9",0,"8"
"354180155","GDAÑSK-ŒWIBNO","2018","02","11",-.9,"",-4.7,"",-2.7,"",-4.6,"",.3,"","S",5,"",1.6,"",.8,"",.0,"9",2.7,"",.0,"9",.0,"9",.0,"9",24.0,"",2.0,"",.0,"9",.0,"9",.0,"9",.0,"9",.0,"9",.0,"9",.0,"9",.0,"9",.0,"9",1,"",0,"","Z",0,"9",0,"9",0,"8"
"354180155","GDAÑSK-ŒWIBNO","2018","02","12",2.7,"",-2.0,"",1.0,"",-2.5,"",.0,"9","",6,"",2.0,"",5.1,"",.0,"9",3.6,"",.0,"9",.0,"9",.0,"9",11.3,"",.0,"9",.0,"9",.0,"9",.0,"9",.0,"9",.0,"9",.0,"9",.0,"9",.0,"9",.0,"9",1,"",0,"","Z",0,"9",0,"9",0,"8"
"354180155","GDAÑSK-ŒWIBNO","2018","02","13",1.8,"",-4.4,"",-1.8,"",-8.7,"",.0,"9","",5,"",2.0,"",2.8,"",.0,"9",.0,"9",.0,"9",.0,"9",2.0,"",8.7,"",.0,"9",.0,"9",.0,"9",.0,"9",.0,"9",.0,"9",.0,"9",.0,"9",.0,"9",.0,"9",1,"",0,"","Z",0,"9",0,"9",0,"8"
"354180155","GDAÑSK-ŒWIBNO","2018","02","14",2.6,"",-5.8,"",-1.1,"",-6.9,"",.0,"9","",5,"",2.2,"",5.3,"",.0,"9",.0,"9",.0,"9",.0,"9",1.1,"",20.5,"",.0,"9",.0,"9",.0,"9",.0,"9",.0,"9",.0,"9",.0,"9",.0,"9",.0,"9",.0,"9",1,"",0,"","Z",0,"9",0,"9",0,"8"
"354180155","GDAÑSK-ŒWIBNO","2018","02","15",.4,"",-2.4,"",-1.3,"",-6.2,"",.0,"","S",5,"",2.4,"",.0,"9",.0,"9",.0,"9",.0,"9",.0,"9",.0,"9",16.8,"",.0,"9",.0,"9",.0,"9",.0,"9",.0,"9",.2,"",.0,"9",.0,"9",.0,"9",.0,"9",1,"",0,"","",0,"9",0,"9",0,"8"
"354180155","GDAÑSK-ŒWIBNO","2018","02","16",3.1,"",-3.1,"",-.4,"",-3.0,"",.3,"","S",5,"",2.2,"",.4,"",.0,"9",4.9,"",2.1,"",.0,"9",.0,"9",13.7,"",.0,"9",.0,"9",.0,"9",.0,"9",.0,"9",.0,"9",.0,"9",.0,"9",.0,"9",.0,"9",1,"",0,"","Z",0,"9",0,"9",0,"8"
"354180155","GDAÑSK-ŒWIBNO","2018","02","17",3.4,"",.5,"",1.9,"",-1.0,"",.9,"","S",4,"",.0,"9",1.0,"",1.8,"",1.4,"",.4,"",.0,"9",.0,"9",.0,"9",.0,"9",.0,"9",.0,"9",.0,"9",.0,"9",.0,"9",.0,"9",.0,"9",.0,"9",.0,"9",1,"",0,"","Z",0,"9",0,"9",0,"8"
"354180155","GDAÑSK-ŒWIBNO","2018","02","18",1.8,"",-.2,"",.5,"",-3.8,"",.5,"","S",4,"",.0,"9",.3,"",.0,"9",5.5,"",.0,"9",.0,"9",.0,"9",.0,"9",.0,"9",.0,"9",.0,"9",.0,"9",.0,"9",.0,"9",.0,"9",.0,"9",.0,"9",.0,"9",1,"",0,"","Z",0,"9",0,"9",0,"8"
"354180155","GDAÑSK-ŒWIBNO","2018","02","19",2.3,"",-.6,"",.5,"",-1.6,"",.0,"9","",3,"",.0,"9",.0,"9",.0,"9",.0,"9",.0,"9",.0,"9",.0,"9",5.7,"",.0,"9",.0,"9",.0,"9",.0,"9",.0,"9",.0,"9",.0,"9",.0,"9",.0,"9",.0,"9",1,"",0,"","Z",25,"",0,"9",0,"8"
"354180155","GDAÑSK-ŒWIBNO","2018","02","20",3.1,"",-.6,"",.9,"",-1.7,"",.0,"9","",2,"",.0,"9",6.3,"",.0,"9",.0,"9",.0,"9",.0,"9",.0,"9",2.8,"",.0,"9",.0,"9",.0,"9",.0,"9",.0,"9",.0,"9",.0,"9",.0,"9",.0,"9",.0,"9",1,"",0,"","Z",25,"",0,"9",0,"8"
"354180155","GDAÑSK-ŒWIBNO","2018","02","21",1.1,"",-3.1,"",-.8,"",-4.2,"",.4,"","S",0,"9",.0,"9",6.4,"",.0,"9",1.8,"",.0,"9",.0,"9",.0,"9",.0,"9",.0,"9",.0,"9",.0,"9",.0,"9",.0,"9",.0,"9",.0,"9",.0,"9",.0,"9",.0,"9",0,"",0,"","Z",25,"",0,"9",0,"8"
"354180155","GDAÑSK-ŒWIBNO","2018","02","22",.1,"",-7.1,"",-5.1,"",-8.2,"",.0,"9","",0,"",.0,"9",9.3,"",.0,"9",.0,"9",.0,"9",.0,"9",.0,"9",.0,"9",.0,"9",.0,"9",.0,"9",.0,"9",.0,"9",.0,"9",.0,"9",.0,"9",.0,"9",.0,"9",0,"",0,"","Z",25,"",0,"9",0,"8"
"354180155","GDAÑSK-ŒWIBNO","2018","02","23",-1.7,"",-11.7,"",-6.0,"",-12.2,"",1.4,"","S",0,"9",.0,"9",8.6,"",.0,"9",4.5,"",.0,"9",.0,"9",.0,"9",.0,"9",.0,"9",.0,"9",3.4,"",.8,"",.0,"9",.0,"9",.0,"9",.0,"9",.0,"9",.0,"9",0,"",0,"","Z",28,"",0,"9",0,"8"
"354180155","GDAÑSK-ŒWIBNO","2018","02","24",-.8,"",-8.7,"",-5.9,"",-8.6,"",.0,"","S",2,"",.0,"9",4.6,"",.0,"9",6.3,"",.0,"9",.0,"9",.0,"9",.0,"9",.0,"9",.0,"9",2.2,"",2.6,"",.0,"9",4.5,"",.0,"9",.0,"9",.0,"9",.0,"9",1,"",0,"","",30,"",0,"9",0,"8"
"354180155","GDAÑSK-ŒWIBNO","2018","02","25",-6.1,"",-11.9,"",-9.8,"",-12.7,"",.2,"","S",2,"",.0,"9",2.9,"",.0,"9",17.3,"",.0,"9",.0,"9",.0,"9",4.5,"",.0,"9",.0,"9",.0,"9",.0,"9",.0,"9",.0,"9",.0,"9",.0,"9",.0,"9",.0,"9",1,"",0,"","Z",38,"",0,"9",0,"8"
"354180155","GDAÑSK-ŒWIBNO","2018","02","26",-6.3,"",-15.3,"",-10.4,"",-16.2,"",.2,"","S",4,"",.0,"9",9.9,"",.0,"9",1.8,"",.0,"9",.0,"9",.0,"9",.0,"9",.0,"9",.0,"9",.0,"9",.0,"9",.0,"9",.0,"9",.0,"9",.0,"9",.0,"9",.0,"9",1,"",0,"","Z",40,"",0,"9",0,"8"
"354180155","GDAÑSK-ŒWIBNO","2018","02","27",-7.9,"",-14.0,"",-10.8,"",-13.7,"",.0,"9","",4,"",.0,"9",9.1,"",.0,"9",2.5,"",.0,"9",.0,"9",.0,"9",.0,"9",.0,"9",.0,"9",.0,"9",.0,"9",.0,"9",.0,"9",.0,"9",.0,"9",.0,"9",.0,"9",1,"",0,"","Z",42,"",0,"9",0,"8"
"354180155","GDAÑSK-ŒWIBNO","2018","02","28",-7.8,"",-14.6,"",-11.5,"",-15.2,"",.0,"","S",3,"",.0,"9",8.3,"",.0,"9",3.3,"",.0,"9",.0,"9",.0,"9",.0,"9",.0,"9",.0,"9",.0,"9",.0,"9",.0,"9",.0,"9",.0,"9",.0,"9",.0,"9",.0,"9",1,"",0,"","",46,"",0,"9",0,"8"
"354180155","GDAÑSK-ŒWIBNO","2018","03","01",-8.7,"",-13.8,"",-11.6,"",-13.9,"",.7,"","S",3,"",.0,"9",7.3,"",.0,"9",12.9,"",.0,"9",.0,"9",.0,"9",5.1,"",.0,"9",.0,"9",.0,"9",.0,"9",.0,"9",.0,"9",.0,"9",.0,"9",.0,"9",.0,"9",1,"",0,"","Z",47,"",0,"9",0,"8"
"354180155","GDAÑSK-ŒWIBNO","2018","03","02",-6.9,"",-14.3,"",-10.4,"",-15.9,"",.1,"","S",7,"",1.4,"",9.0,"",.0,"9",1.8,"",.0,"9",.0,"9",.0,"9",.0,"9",.0,"9",.0,"9",.0,"9",.0,"9",.0,"9",.0,"9",.0,"9",.0,"9",.0,"9",.0,"9",1,"",0,"","Z",46,"",0,"9",0,"8"
"354180155","GDAÑSK-ŒWIBNO","2018","03","03",-4.3,"",-12.3,"",-7.3,"",-12.8,"",.0,"","S",8,"",1.6,"",4.8,"",.0,"9",5.3,"",.0,"9",.0,"9",.0,"9",5.4,"",.0,"9",.0,"9",.0,"9",.0,"9",.0,"9",.0,"9",.0,"9",.0,"9",.0,"9",.0,"9",1,"",0,"","",45,"",0,"9",0,"8"
"354180155","GDAÑSK-ŒWIBNO","2018","03","04",-.3,"",-6.4,"",-3.6,"",-9.7,"",.0,"","S",6,"",1.7,"",2.1,"",.0,"9",1.8,"",.0,"9",.0,"9",.0,"9",4.0,"",.0,"9",.0,"9",.0,"9",.0,"9",.0,"9",.0,"9",.0,"9",.0,"9",.0,"9",.0,"9",1,"",0,"","",44,"",0,"9",0,"8"
"354180155","GDAÑSK-ŒWIBNO","2018","03","05",1.0,"",-9.7,"",-3.8,"",-12.1,"",.0,"9","",6,"",1.9,"",4.9,"",.0,"9",.0,"9",.0,"9",.0,"9",.0,"9",17.0,"",.0,"9",.0,"9",.0,"9",.0,"9",3.6,"",.0,"9",.0,"9",.0,"9",.0,"9",.0,"9",1,"",0,"","Z",46,"",0,"9",0,"8"
"354180155","GDAÑSK-ŒWIBNO","2018","03","06",3.0,"",-4.8,"",-.6,"",-9.3,"",.1,"","S",6,"",2.0,"",8.1,"",.0,"9",.0,"9",.0,"9",.0,"9",.0,"9",13.5,"",.0,"9",.0,"9",.0,"9",.0,"9",5.3,"",.0,"9",.0,"9",.0,"9",.0,"9",.0,"9",1,"",0,"","Z",47,"",0,"9",0,"8"
"354180155","GDAÑSK-ŒWIBNO","2018","03","07",2.3,"",-.5,"",.3,"",-3.2,"",.3,"","S",0,"",.0,"9",.0,"9",2.2,"",7.0,"",.0,"9",.0,"9",.0,"9",22.5,"",.0,"9",1.7,"",.0,"9",.0,"9",.0,"9",.0,"9",.0,"9",.0,"9",.0,"9",.0,"9",0,"",0,"","Z",45,"",0,"9",0,"8"
"354180155","GDAÑSK-ŒWIBNO","2018","03","08",3.6,"",.7,"",2.1,"",.4,"",.0,"9","",0,"9",.0,"9",.0,"9",.0,"9",.0,"9",.0,"9",.0,"9",.0,"9",23.2,"",.0,"9",.0,"9",.0,"9",.0,"9",.0,"9",.0,"9",.0,"9",.0,"9",.0,"9",.0,"9",0,"",0,"","Z",43,"",0,"9",0,"8"
"354180155","GDAÑSK-ŒWIBNO","2018","03","09",5.3,"",.4,"",2.2,"",-.5,"",2.4,"","W",0,"9",.0,"9",.4,"",4.8,"",.0,"9",.0,"9",.0,"9",.0,"9",12.4,"",.0,"9",.0,"9",.0,"9",.0,"9",.0,"9",.0,"9",.0,"9",.0,"9",.0,"9",.0,"9",0,"",0,"","R",43,"",10,"",0,"8"
"354180155","GDAÑSK-ŒWIBNO","2018","03","10",4.1,"",-1.4,"",1.5,"",-2.7,"",2.8,"","W",0,"9",.0,"9",1.9,"",4.3,"",.0,"9",.0,"9",.0,"9",.0,"9",5.3,"",.0,"9",.0,"9",.0,"9",.0,"9",.0,"9",.0,"9",.0,"9",.0,"9",.0,"9",.0,"9",0,"",0,"","Z",43,"",0,"9",0,"8"
"354180155","GDAÑSK-ŒWIBNO","2018","03","11",10.1,"",1.7,"",4.6,"",1.0,"",1.0,"","W",0,"9",.0,"9",4.1,"",10.4,"",.0,"9",.0,"9",.0,"9",.0,"9",24.0,"",.0,"9",.0,"9",.0,"9",.0,"9",.0,"9",.0,"9",.0,"9",.0,"9",.0,"9",.0,"9",0,"",0,"","R",41,"",13,"",0,"8"
"354180155","GDAÑSK-ŒWIBNO","2018","03","12",11.1,"",2.9,"",6.4,"",.6,"",3.0,"","W",0,"9",.0,"9",1.3,"",.0,"9",.0,"9",.0,"9",.0,"9",.0,"9",16.6,"",.0,"9",.0,"9",.0,"9",.0,"9",.0,"9",.0,"9",.0,"9",.0,"9",.0,"9",.0,"9",0,"",0,"","R",37,"",10,"",0,"8"
"354180155","GDAÑSK-ŒWIBNO","2018","03","13",10.0,"",6.6,"",7.8,"",5.5,"",.7,"","W",0,"9",.0,"9",.0,"9",10.0,"",.0,"9",.0,"9",.0,"9",.0,"9",6.8,"",.0,"9",.0,"9",.0,"9",.0,"9",.0,"9",.0,"9",.0,"9",.0,"9",.0,"9",.0,"9",0,"",0,"","R",37,"",18,"",0,"8"
"354180155","GDAÑSK-ŒWIBNO","2018","03","14",8.2,"",1.3,"",2.3,"",1.0,"",.1,"","S",0,"9",.0,"9",.0,"9",6.9,"",.0,"9",.9,"",.0,"9",.0,"9",2.2,"",.0,"9",.0,"9",.0,"9",.0,"9",.0,"9",.0,"9",.0,"9",.0,"9",.0,"9",.0,"9",0,"",0,"","R",26,"",19,"",0,"8"
"354180155","GDAÑSK-ŒWIBNO","2018","03","15",1.7,"",-.7,"",-.2,"",-1.3,"",.0,"9","",0,"9",.0,"9",6.9,"",.0,"9",.0,"9",.0,"9",.0,"9",.0,"9",.0,"9",.0,"9",.0,"9",.0,"9",.0,"9",.0,"9",.0,"9",.0,"9",.0,"9",.0,"9",.0,"9",0,"",0,"","Z",37,"",0,"9",0,"8"
"354180155","GDAÑSK-ŒWIBNO","2018","03","16",-.1,"",-3.9,"",-2.6,"",-4.5,"",.0,"9","",0,"9",.0,"9",5.8,"",.0,"9",.0,"9",.0,"9",.0,"9",.0,"9",.0,"9",.0,"9",.0,"9",.0,"9",.0,"9",.0,"9",2.8,"",.0,"9",.0,"9",.0,"9",.0,"9",0,"",0,"","Z",37,"",0,"9",0,"8"
"354180155","GDAÑSK-ŒWIBNO","2018","03","17",-2.4,"",-5.8,"",-4.1,"",-6.0,"",.0,"9","",0,"9",.0,"9",10.6,"",.0,"9",.0,"9",.0,"9",.0,"9",.0,"9",.0,"9",.0,"9",.0,"9",.0,"9",.0,"9",.0,"9",.8,"",.0,"9",.0,"9",.0,"9",.0,"9",0,"",0,"","Z",37,"",0,"9",0,"8"
"354180155","GDAÑSK-ŒWIBNO","2018","03","18",-.5,"",-6.1,"",-2.8,"",-7.3,"",.0,"9","",0,"9",.0,"9",11.1,"",.0,"9",.0,"9",.0,"9",.0,"9",.0,"9",.0,"9",.0,"9",.0,"9",.0,"9",.0,"9",.0,"9",.0,"9",.0,"9",.0,"9",.0,"9",.0,"9",0,"",0,"","Z",37,"",0,"9",0,"8"
"354180155","GDAÑSK-ŒWIBNO","2018","03","19",4.4,"",-6.8,"",-1.2,"",-8.4,"",.0,"9","",0,"9",.0,"9",11.1,"",.0,"9",.0,"9",.0,"9",.0,"9",.0,"9",7.2,"",.0,"9",.0,"9",.0,"9",.0,"9",.4,"",.0,"9",.0,"9",.0,"9",.0,"9",7.0,"",0,"",0,"","Z",37,"",0,"9",0,"8"
"354180155","GDAÑSK-ŒWIBNO","2018","03","20",2.4,"",-4.8,"",-1.1,"",-6.4,"",.2,"","S",0,"9",.0,"9",2.8,"",.2,"",3.0,"",.0,"9",.0,"9",.0,"9",6.7,"",.0,"9",.0,"9",.0,"9",.0,"9",.0,"9",.0,"9",.0,"9",.0,"9",.0,"9",8.0,"",0,"",0,"","Z",37,"",0,"9",0,"8"
"354180155","GDAÑSK-ŒWIBNO","2018","03","21",5.1,"",-.4,"",1.6,"",-2.1,"",.0,"","S",0,"9",.0,"9",10.3,"",.0,"9",.1,"",.0,"9",.0,"9",.0,"9",.0,"9",.0,"9",.0,"9",.0,"9",.0,"9",.0,"9",.0,"9",.0,"9",.0,"9",.0,"9",.0,"9",0,"",0,"","",37,"",0,"9",0,"8"
"354180155","GDAÑSK-ŒWIBNO","2018","03","22",4.8,"",-.4,"",1.9,"",-3.6,"",.0,"","W",0,"9",.0,"9",.4,"",4.2,"",.0,"9",.0,"9",.0,"9",.0,"9",9.6,"",.0,"9",.0,"9",.0,"9",.0,"9",.0,"9",.0,"9",.0,"9",.0,"9",.0,"9",.0,"9",0,"",0,"","Z",35,"",0,"9",0,"8"
"354180155","GDAÑSK-ŒWIBNO","2018","03","23",2.6,"",.5,"",1.5,"",.2,"",.0,"9","",0,"9",.0,"9",.0,"9",.0,"9",.0,"9",.0,"9",.0,"9",3.4,"",20.6,"",.0,"9",.0,"9",.0,"9",.0,"9",.0,"9",.0,"9",.0,"9",.0,"9",.0,"9",.0,"9",0,"",0,"","R",33,"",5,"",0,"8"
"354180155","GDAÑSK-ŒWIBNO","2018","03","24",6.9,"",.3,"",2.9,"",-.5,"",.0,"9","",0,"9",.0,"9",.6,"",.0,"9",.0,"9",.0,"9",.0,"9",.0,"9",20.1,"",.0,"9",.0,"9",.0,"9",.0,"9",.0,"9",.0,"9",.0,"9",.0,"9",.0,"9",.0,"9",0,"",0,"","R",33,"",10,"",0,"8"
"354180155","GDAÑSK-ŒWIBNO","2018","03","25",11.1,"",1.9,"",5.1,"",1.1,"",.0,"9","",0,"9",.0,"9",6.1,"",.0,"9",.0,"9",.0,"9",.0,"9",.0,"9",16.0,"",.0,"9",.0,"9",.0,"9",.0,"9",2.0,"",.0,"9",.0,"9",.0,"9",.0,"9",.0,"9",0,"",0,"","R",32,"",10,"",0,"8"
"354180155","GDAÑSK-ŒWIBNO","2018","03","26",7.1,"",2.2,"",3.4,"",1.2,"",.0,"","W",0,"9",.0,"9",1.0,"",1.7,"",.0,"9",.0,"9",.0,"9",.0,"9",10.0,"",.0,"9",.0,"9",.0,"9",.0,"9",.0,"9",.0,"9",.0,"9",.0,"9",.0,"9",.0,"9",0,"",0,"","R",0,"9",0,"9",0,"8"
"354180155","GDAÑSK-ŒWIBNO","2018","03","27",2.8,"",.1,"",.7,"",-.5,"",.0,"9","",0,"9",.0,"9",5.8,"",.0,"9",.0,"9",.0,"9",.0,"9",.0,"9",.0,"9",.0,"9",.0,"9",.0,"9",.0,"9",.0,"9",.0,"9",.0,"9",.0,"9",.0,"9",.0,"9",0,"",0,"","Z",1,"",0,"9",0,"8"
"354180155","GDAÑSK-ŒWIBNO","2018","03","28",3.9,"",-1.0,"",1.2,"",-1.4,"",.0,"","S",0,"9",.0,"9",9.4,"",.0,"9",.0,"9",.0,"9",.0,"9",.0,"9",.0,"9",.0,"9",.0,"9",.0,"9",.0,"9",.0,"9",.0,"9",.0,"9",.0,"9",.0,"9",.0,"9",0,"",0,"","",1,"",0,"9",0,"8"
"354180155","GDAÑSK-ŒWIBNO","2018","03","29",2.1,"",-.8,"",.5,"",-2.1,"",1.7,"","S",0,"",.0,"9",.0,"9",.9,"",9.1,"",.0,"9",.0,"9",.0,"9",16.0,"",.0,"9",.0,"9",.0,"9",.0,"9",.0,"9",.0,"9",.0,"9",.0,"9",.0,"9",.0,"9",0,"",0,"","Z",1,"",0,"9",0,"8"
"354180155","GDAÑSK-ŒWIBNO","2018","03","30",4.6,"",.9,"",2.5,"",-1.1,"",.0,"9","",0,"9",.0,"9",.2,"",.0,"9",.0,"9",.0,"9",.0,"9",.0,"9",.0,"9",.0,"9",.0,"9",.0,"9",.0,"9",.0,"9",.0,"9",.0,"9",.0,"9",.0,"9",.0,"9",0,"",0,"","R",0,"9",0,"9",0,"8"
"354180155","GDAÑSK-ŒWIBNO","2018","03","31",3.9,"",1.2,"",2.7,"",.7,"",6.4,"","W",0,"9",.0,"9",5.1,"",4.1,"",.0,"9",.0,"9",.0,"9",.0,"9",.0,"9",.0,"9",.0,"9",.0,"9",.0,"9",.0,"9",.0,"9",.0,"9",.0,"9",.0,"9",.0,"9",0,"",0,"","R",0,"9",0,"9",0,"8"
"354180155","GDAÑSK-ŒWIBNO","2018","04","01",4.9,"",2.9,"",3.3,"",2.8,"",2.9,"","S",0,"9",.0,"9",.0,"9",18.2,"",.0,"9",.0,"9",.0,"9",.0,"9",21.7,"",.0,"9",.0,"9",.0,"9",.0,"9",.0,"9",.0,"9",.0,"9",.0,"9",.0,"9",.0,"9",0,"",0,"","R",0,"9",0,"9",0,"8"
"354180155","GDAÑSK-ŒWIBNO","2018","04","02",6.7,"",.9,"",2.6,"",.5,"",.0,"","S",0,"9",.0,"9",5.7,"",3.9,"",.0,"9",2.4,"",.0,"9",.0,"9",.0,"9",.0,"9",.0,"9",.0,"9",.0,"9",.0,"9",.3,"",.0,"9",.0,"9",.0,"9",3.0,"",0,"",0,"","",0,"9",0,"9",0,"8"
"354180155","GDAÑSK-ŒWIBNO","2018","04","03",11.1,"",-1.6,"",4.7,"",-4.0,"",.1,"","W",0,"9",.0,"9",.2,"",5.1,"",.0,"9",.0,"9",.0,"9",.0,"9",9.7,"",.0,"9",.0,"9",.0,"9",.0,"9",.0,"9",.0,"9",.0,"9",.0,"9",.0,"9",6.8,"",0,"",0,"","Z",1,"",0,"9",0,"8"
"354180155","GDAÑSK-ŒWIBNO","2018","04","04",21.0,"",3.4,"",10.1,"",1.6,"",.0,"","W",0,"9",.0,"9",7.6,"",.0,"9",.0,"9",.0,"9",.0,"9",.0,"9",8.0,"",.0,"9",.0,"9",.0,"9",.0,"9",.0,"9",.0,"9",.0,"9",.0,"9",.0,"9",.0,"9",0,"",0,"","R",0,"9",0,"9",0,"8"
"354180155","GDAÑSK-ŒWIBNO","2018","04","05",18.1,"",3.3,"",9.3,"",2.5,"",.0,"","W",0,"9",.0,"9",4.7,"",.6,"",.0,"9",.0,"9",.0,"9",.0,"9",8.2,"",.0,"9",.0,"9",.0,"9",.0,"9",.0,"9",.0,"9",.0,"9",.0,"9",.0,"9",.0,"9",0,"",0,"","R",0,"9",0,"9",0,"8"
"354180155","GDAÑSK-ŒWIBNO","2018","04","06",11.1,"",2.7,"",6.8,"",1.8,"",.0,"9","",0,"9",.0,"9",11.9,"",.0,"9",.0,"9",.0,"9",.0,"9",.0,"9",.0,"9",.0,"9",.0,"9",.0,"9",.0,"9",.0,"9",4.3,"",.0,"9",.0,"9",.0,"9",.0,"9",0,"",0,"","R",0,"9",0,"9",0,"8"
"354180155","GDAÑSK-ŒWIBNO","2018","04","07",15.1,"",-.8,"",7.3,"",-3.0,"",.0,"9","",0,"9",.0,"9",12.2,"",.0,"9",.0,"9",.0,"9",.0,"9",.0,"9",.0,"9",.0,"9",.0,"9",.0,"9",.0,"9",.0,"9",1.0,"",.0,"9",.0,"9",.0,"9",4.0,"",0,"",0,"","Z",1,"",0,"9",0,"8"
"354180155","GDAÑSK-ŒWIBNO","2018","04","08",21.8,"",4.5,"",13.1,"",.8,"",.0,"9","",0,"9",.0,"9",12.1,"",.0,"9",.0,"9",.0,"9",.0,"9",.0,"9",.2,"",.0,"9",.0,"9",.0,"9",.0,"9",.0,"9",1.2,"",.0,"9",.0,"9",.0,"9",.0,"9",0,"",0,"","R",0,"9",0,"9",0,"8"
"354180155","GDAÑSK-ŒWIBNO","2018","04","09",20.8,"",8.9,"",13.3,"",6.8,"",.0,"","W",0,"9",.0,"9",9.3,"",.1,"",.0,"9",.0,"9",.0,"9",.0,"9",2.8,"",.0,"9",.0,"9",.0,"9",.0,"9",.0,"9",.0,"9",.0,"9",.0,"9",4.0,"",.0,"9",0,"",0,"","R",0,"9",0,"9",0,"8"
"354180155","GDAÑSK-ŒWIBNO","2018","04","10",9.5,"",4.8,"",6.7,"",2.8,"",.0,"9","",0,"9",.0,"9",11.3,"",.0,"9",.0,"9",.0,"9",.0,"9",2.8,"",8.2,"",.0,"9",.0,"9",.0,"9",.0,"9",.0,"9",.3,"",.0,"9",.0,"9",2.9,"",.0,"9",0,"",0,"","R",0,"9",0,"9",0,"8"
"354180155","GDAÑSK-ŒWIBNO","2018","04","11",10.4,"",5.1,"",8.1,"",4.8,"",.0,"","W",0,"9",.0,"9",6.0,"",.3,"",.0,"9",.0,"9",.0,"9",.0,"9",.4,"",.0,"9",.0,"9",.0,"9",.0,"9",.0,"9",.0,"9",.0,"9",.0,"9",.0,"9",.0,"9",0,"",0,"","R",0,"9",0,"9",0,"8"
"354180155","GDAÑSK-ŒWIBNO","2018","04","12",14.5,"",6.5,"",10.6,"",5.6,"",.0,"9","",0,"9",.0,"9",11.4,"",.0,"9",.0,"9",.0,"9",.0,"9",.0,"9",.0,"9",.0,"9",.0,"9",.0,"9",.0,"9",.0,"9",.0,"9",.0,"9",.0,"9",6.0,"",.0,"9",0,"",0,"","R",0,"9",0,"9",0,"8"
"354180155","GDAÑSK-ŒWIBNO","2018","04","13",22.0,"",8.2,"",14.4,"",6.6,"",.0,"9","",0,"9",.0,"9",11.8,"",.0,"9",.0,"9",.0,"9",.0,"9",.0,"9",.0,"9",.0,"9",.0,"9",.0,"9",.0,"9",.0,"9",.0,"9",.0,"9",.0,"9",7.0,"",.0,"9",0,"",0,"","R",0,"9",0,"9",0,"8"
"354180155","GDAÑSK-ŒWIBNO","2018","04","14",20.8,"",11.2,"",15.2,"",9.5,"",.0,"9","",0,"9",.0,"9",9.7,"",.0,"9",.0,"9",.0,"9",.0,"9",.0,"9",.0,"9",.0,"9",.0,"9",.0,"9",.0,"9",.0,"9",.3,"",.0,"9",.0,"9",.0,"9",.0,"9",0,"",0,"","R",0,"9",0,"9",0,"8"
"354180155","GDAÑSK-ŒWIBNO","2018","04","15",21.9,"",8.3,"",15.4,"",6.5,"",.0,"9","",0,"9",.0,"9",10.1,"",.0,"9",.0,"9",.0,"9",.0,"9",.0,"9",4.3,"",.0,"9",.0,"9",.0,"9",.0,"9",.0,"9",.0,"9",.0,"9",.0,"9",7.0,"",.0,"9",0,"",0,"","R",0,"9",0,"9",0,"8"
"354180155","GDAÑSK-ŒWIBNO","2018","04","16",18.0,"",11.7,"",13.8,"",9.3,"",13.2,"","W",0,"9",.0,"9",.2,"",7.0,"",.0,"9",.0,"9",.0,"9",.0,"9",6.8,"",.0,"9",.0,"9",.0,"9",.0,"9",.0,"9",.0,"9",.0,"9",.0,"9",7.0,"",.0,"9",0,"",0,"","R",0,"9",0,"9",0,"8"
"354180155","GDAÑSK-ŒWIBNO","2018","04","17",15.0,"",6.6,"",9.6,"",6.6,"",.0,"9","",0,"9",.0,"9",6.3,"",2.2,"",.0,"9",.0,"9",.0,"9",.0,"9",7.0,"",.0,"9",.0,"9",.0,"9",.0,"9",.0,"9",.0,"9",.0,"9",.0,"9",.0,"9",.0,"9",0,"",0,"","R",0,"9",0,"9",0,"8"
"354180155","GDAÑSK-ŒWIBNO","2018","04","18",19.6,"",4.6,"",12.7,"",3.0,"",.0,"9","",0,"9",.0,"9",12.2,"",.0,"9",.0,"9",.0,"9",.0,"9",.0,"9",5.8,"",.0,"9",.0,"9",.0,"9",.0,"9",.0,"9",.0,"9",.0,"9",.0,"9",.0,"9",.0,"9",0,"",0,"","R",0,"9",0,"9",0,"8"
"354180155","GDAÑSK-ŒWIBNO","2018","04","19",17.7,"",8.4,"",10.2,"",7.8,"",.0,"","W",0,"9",.0,"9",12.7,"",.0,"9",.0,"9",.0,"9",.0,"9",.0,"9",3.9,"",.0,"9",.0,"9",.0,"9",.0,"9",.0,"9",.0,"9",.0,"9",.0,"9",2.3,"",.0,"9",0,"",0,"","R",0,"9",0,"9",0,"8"
"354180155","GDAÑSK-ŒWIBNO","2018","04","20",23.1,"",5.0,"",14.6,"",3.3,"",.0,"9","",0,"9",.0,"9",12.3,"",.0,"9",.0,"9",.0,"9",.0,"9",4.2,"",2.3,"",.0,"9",.0,"9",.0,"9",.0,"9",.0,"9",.0,"9",.0,"9",.0,"9",.3,"",.0,"9",0,"",0,"","R",0,"9",0,"9",0,"8"
"354180155","GDAÑSK-ŒWIBNO","2018","04","21",19.0,"",12.6,"",13.7,"",9.7,"",.0,"9","",0,"9",.0,"9",12.6,"",.0,"9",.0,"9",.0,"9",.0,"9",.0,"9",.0,"9",.0,"9",.0,"9",.0,"9",.0,"9",.0,"9",.0,"9",.0,"9",.0,"9",5.0,"",.0,"9",0,"",0,"","R",0,"9",0,"9",0,"8"
"354180155","GDAÑSK-ŒWIBNO","2018","04","22",12.6,"",5.2,"",8.5,"",2.6,"",.0,"9","",0,"9",.0,"9",12.9,"",.0,"9",.0,"9",.0,"9",.0,"9",.0,"9",.0,"9",.0,"9",.0,"9",.0,"9",.0,"9",.0,"9",.0,"9",.0,"9",.0,"9",3.0,"",.0,"9",0,"",0,"","R",0,"9",0,"9",0,"8"
"354180155","GDAÑSK-ŒWIBNO","2018","04","23",19.0,"",3.4,"",11.1,"",2.2,"",4.8,"","W",0,"9",.0,"9",4.2,"",4.4,"",.0,"9",.0,"9",.0,"9",2.2,"",3.5,"",.0,"9",.0,"9",.0,"9",.0,"9",.0,"9",.0,"9",.0,"9",.9,"",1.0,"",.0,"9",0,"",0,"","R",0,"9",0,"9",0,"8"
"354180155","GDAÑSK-ŒWIBNO","2018","04","24",15.7,"",5.7,"",11.1,"",3.9,"",.2,"","W",0,"9",.0,"9",2.8,"",.5,"",.0,"9",.0,"9",.0,"9",.0,"9",.0,"9",.0,"9",.0,"9",.0,"9",.0,"9",.0,"9",.0,"9",.0,"9",.0,"9",.0,"9",.0,"9",0,"",0,"","R",0,"9",0,"9",0,"8"
"354180155","GDAÑSK-ŒWIBNO","2018","04","25",16.5,"",8.9,"",10.4,"",6.7,"",8.4,"","W",0,"9",.0,"9",2.2,"",7.7,"",.0,"9",.0,"9",.1,"",.0,"9",6.3,"",.0,"9",.0,"9",.0,"9",.0,"9",.0,"9",.3,"",.0,"9",.5,"",.0,"9",.0,"9",0,"",0,"","R",0,"9",0,"9",0,"8"
"354180155","GDAÑSK-ŒWIBNO","2018","04","26",13.2,"",6.6,"",9.1,"",5.5,"",.3,"","W",0,"9",.0,"9",3.2,"",1.0,"",.0,"9",.0,"9",.0,"9",.0,"9",.0,"9",.0,"9",.0,"9",.0,"9",.0,"9",.0,"9",.0,"9",.0,"9",.0,"9",.0,"9",.0,"9",0,"",0,"","R",0,"9",0,"9",0,"8"
"354180155","GDAÑSK-ŒWIBNO","2018","04","27",14.6,"",5.1,"",9.6,"",3.8,"",.0,"9","",0,"9",.0,"9",7.7,"",.0,"9",.0,"9",.0,"9",.0,"9",.0,"9",.0,"9",.0,"9",.0,"9",.0,"9",.0,"9",.0,"9",.0,"9",.0,"9",.0,"9",2.0,"",.0,"9",0,"",0,"","R",0,"9",0,"9",0,"8"
"354180155","GDAÑSK-ŒWIBNO","2018","04","28",19.1,"",7.2,"",12.2,"",4.6,"",.0,"","W",0,"9",.0,"9",6.3,"",.8,"",.0,"9",.0,"9",.0,"9",.0,"9",.0,"9",.0,"9",.0,"9",.0,"9",.0,"9",.0,"9",.0,"9",.0,"9",.0,"9",8.0,"",.0,"9",0,"",0,"","R",0,"9",0,"9",0,"8"
"354180155","GDAÑSK-ŒWIBNO","2018","04","29",20.4,"",9.4,"",13.0,"",6.8,"",.0,"9","",0,"9",.0,"9",9.8,"",.1,"",.0,"9",.0,"9",.0,"9",.0,"9",.0,"9",.0,"9",.0,"9",.0,"9",.0,"9",.0,"9",.0,"9",.0,"9",.0,"9",2.0,"",.0,"9",0,"",0,"","R",0,"9",0,"9",0,"8"
"354180155","GDAÑSK-ŒWIBNO","2018","04","30",27.1,"",9.4,"",17.6,"",8.3,"",4.2,"","W",0,"9",.0,"9",9.9,"",.9,"",.0,"9",.0,"9",.0,"9",.0,"9",1.5,"",.0,"9",.0,"9",.0,"9",.0,"9",.0,"9",2.3,"",.0,"9",2.8,"",7.0,"",.0,"9",0,"",0,"","R",0,"9",0,"9",0,"8"
"354180155","GDAÑSK-ŒWIBNO","2018","05","01",20.8,"",9.8,"",15.2,"",6.8,"",.0,"","W",0,"9",.0,"9",9.2,"",.6,"",.0,"9",.0,"9",.0,"9",.0,"9",1.7,"",.0,"9",.0,"9",.0,"9",.0,"9",.0,"9",.0,"9",.0,"9",.0,"9",.0,"9",.0,"9",0,"",0,"","R",0,"9",0,"9",0,"8"
"354180155","GDAÑSK-ŒWIBNO","2018","05","02",17.0,"",6.0,"",11.7,"",3.0,"",10.4,"","W",0,"9",.0,"9",10.5,"",.0,"9",.0,"9",.0,"9",.0,"9",.0,"9",.0,"9",.0,"9",.0,"9",.0,"9",.0,"9",.0,"9",.0,"9",.0,"9",.0,"9",8.0,"",.0,"9",0,"",0,"","R",0,"9",0,"9",0,"8"
"354180155","GDAÑSK-ŒWIBNO","2018","05","03",18.8,"",11.2,"",13.5,"",10.9,"",.6,"","W",0,"9",.0,"9",6.7,"",3.2,"",.0,"9",.0,"9",.0,"9",.0,"9",.0,"9",.0,"9",.0,"9",.0,"9",.0,"9",.0,"9",.0,"9",.0,"9",2.3,"",.0,"9",.0,"9",0,"",0,"","R",0,"9",0,"9",0,"8"
"354180155","GDAÑSK-ŒWIBNO","2018","05","04",12.8,"",8.6,"",10.0,"",7.7,"",.0,"9","",0,"9",.0,"9",12.1,"",.0,"9",.0,"9",.0,"9",.0,"9",.0,"9",.0,"9",.0,"9",.0,"9",.0,"9",.0,"9",.0,"9",.0,"9",.0,"9",.0,"9",.0,"9",.0,"9",0,"",0,"","R",0,"9",0,"9",0,"8"
"354180155","GDAÑSK-ŒWIBNO","2018","05","05",13.5,"",3.0,"",9.5,"",1.4,"",.0,"9","",0,"9",.0,"9",12.9,"",.0,"9",.0,"9",.0,"9",.0,"9",.0,"9",.0,"9",.0,"9",.0,"9",.0,"9",.0,"9",.0,"9",.0,"9",.0,"9",.0,"9",9.0,"",.0,"9",0,"",0,"","R",0,"9",0,"9",0,"8"
"354180155","GDAÑSK-ŒWIBNO","2018","05","06",17.0,"",5.5,"",11.9,"",3.7,"",.0,"9","",0,"9",.0,"9",14.2,"",.0,"9",.0,"9",.0,"9",.0,"9",.0,"9",.5,"",.0,"9",.0,"9",.0,"9",.0,"9",.0,"9",.0,"9",.0,"9",.0,"9",9.0,"",.0,"9",0,"",0,"","R",0,"9",0,"9",0,"8"
"354180155","GDAÑSK-ŒWIBNO","2018","05","07",17.4,"",7.0,"",12.6,"",5.5,"",.0,"9","",0,"9",.0,"9",14.2,"",.0,"9",.0,"9",.0,"9",.0,"9",1.8,"",1.2,"",.0,"9",.0,"9",.0,"9",.0,"9",.0,"9",.0,"9",.0,"9",.0,"9",4.3,"",.0,"9",0,"",0,"","R",0,"9",0,"9",0,"8"
"354180155","GDAÑSK-ŒWIBNO","2018","05","08",17.3,"",9.0,"",14.2,"",6.4,"",.0,"9","",0,"9",.0,"9",14.3,"",.0,"9",.0,"9",.0,"9",.0,"9",.0,"9",.0,"9",.0,"9",.0,"9",.0,"9",.0,"9",.0,"9",.0,"9",.0,"9",.0,"9",9.0,"",.0,"9",0,"",0,"","R",0,"9",0,"9",0,"8"
"354180155","GDAÑSK-ŒWIBNO","2018","05","09",19.5,"",13.5,"",16.3,"",11.1,"",.0,"9","",0,"9",.0,"9",14.2,"",.0,"9",.0,"9",.0,"9",.0,"9",.0,"9",.0,"9",.0,"9",.0,"9",.0,"9",.0,"9",.0,"9",.0,"9",.0,"9",.0,"9",6.0,"",.0,"9",0,"",0,"","R",0,"9",0,"9",0,"8"
"354180155","GDAÑSK-ŒWIBNO","2018","05","10",27.1,"",11.9,"",20.2,"",9.6,"",.0,"9","",0,"9",.0,"9",13.7,"",.0,"9",.0,"9",.0,"9",.0,"9",.0,"9",.3,"",.0,"9",.0,"9",.0,"9",.0,"9",.0,"9",.0,"9",.0,"9",.0,"9",6.0,"",.0,"9",0,"",0,"","R",0,"9",0,"9",0,"8"
"354180155","GDAÑSK-ŒWIBNO","2018","05","11",26.9,"",15.4,"",18.4,"",11.9,"",15.7,"","W",0,"9",.0,"9",8.3,"",7.4,"",.0,"9",.0,"9",.0,"9",.0,"9",.8,"",.0,"9",.0,"9",.0,"9",.0,"9",.0,"9",.0,"9",.0,"9",3.5,"",.0,"9",.0,"9",0,"",0,"","R",0,"9",0,"9",0,"8"
"354180155","GDAÑSK-ŒWIBNO","2018","05","12",19.0,"",12.8,"",16.4,"",12.8,"",.0,"9","",0,"9",.0,"9",10.1,"",.0,"9",.0,"9",.0,"9",.0,"9",.0,"9",3.2,"",.0,"9",.0,"9",.0,"9",.0,"9",.0,"9",.0,"9",.0,"9",.0,"9",.0,"9",.0,"9",0,"",0,"","R",0,"9",0,"9",0,"8"
"354180155","GDAÑSK-ŒWIBNO","2018","05","13",21.1,"",11.5,"",17.4,"",8.5,"",.0,"9","",0,"9",.0,"9",14.2,"",.0,"9",.0,"9",.0,"9",.0,"9",.0,"9",.0,"9",.0,"9",.0,"9",.0,"9",.0,"9",.0,"9",.0,"9",.0,"9",.0,"9",.0,"9",.0,"9",0,"",0,"","R",0,"9",0,"9",0,"8"
"354180155","GDAÑSK-ŒWIBNO","2018","05","14",21.0,"",13.2,"",17.2,"",8.7,"",.0,"9","",0,"9",.0,"9",13.6,"",.0,"9",.0,"9",.0,"9",.0,"9",.0,"9",.0,"9",.0,"9",.0,"9",.0,"9",.0,"9",.0,"9",.0,"9",.0,"9",.0,"9",6.0,"",.0,"9",0,"",0,"","R",0,"9",0,"9",0,"8"
"354180155","GDAÑSK-ŒWIBNO","2018","05","15",19.0,"",12.6,"",16.4,"",10.5,"",.0,"","W",0,"9",.0,"9",7.2,"",.0,"",.0,"9",.0,"9",.0,"9",.0,"9",.0,"9",.0,"9",.0,"9",.0,"9",.0,"9",.0,"9",.0,"9",.0,"9",.0,"9",5.0,"",.0,"9",0,"",0,"","R",0,"9",0,"9",0,"8"
"354180155","GDAÑSK-ŒWIBNO","2018","05","16",18.8,"",12.4,"",16.2,"",9.3,"",1.2,"","W",0,"9",.0,"9",11.5,"",.0,"9",.0,"9",.0,"9",.0,"9",.0,"9",.0,"9",.0,"9",.0,"9",.0,"9",.0,"9",.0,"9",.0,"9",.0,"9",.0,"9",5.0,"",.0,"9",0,"",0,"","R",0,"9",0,"9",0,"8"
"354180155","GDAÑSK-ŒWIBNO","2018","05","17",17.1,"",14.2,"",15.0,"",13.9,"",1.1,"","W",0,"9",.0,"9",3.6,"",6.6,"",.0,"9",.0,"9",.0,"9",.0,"9",.0,"9",.0,"9",.0,"9",.0,"9",.0,"9",.0,"9",.0,"9",.0,"9",.0,"9",.0,"9",.0,"9",0,"",0,"","R",0,"9",0,"9",0,"8"
"354180155","GDAÑSK-ŒWIBNO","2018","05","18",14.9,"",11.1,"",12.3,"",11.2,"",.0,"","W",0,"9",.0,"9",9.1,"",.2,"",.0,"9",.0,"9",.0,"9",.0,"9",.0,"9",.0,"9",.0,"9",.0,"9",.0,"9",.0,"9",.0,"9",.0,"9",.0,"9",.0,"9",.0,"9",0,"",0,"","R",0,"9",0,"9",0,"8"
"354180155","GDAÑSK-ŒWIBNO","2018","05","19",13.9,"",10.0,"",11.4,"",8.9,"",.0,"9","",0,"9",.0,"9",14.5,"",.0,"9",.0,"9",.0,"9",.0,"9",.0,"9",.0,"9",.0,"9",.0,"9",.0,"9",.0,"9",.0,"9",.0,"9",.0,"9",.0,"9",.0,"9",.0,"9",0,"",0,"","R",0,"9",0,"9",0,"8"
"354180155","GDAÑSK-ŒWIBNO","2018","05","20",15.4,"",9.5,"",12.6,"",7.0,"",.0,"9","",0,"9",.0,"9",14.6,"",.0,"9",.0,"9",.0,"9",.0,"9",.0,"9",.0,"9",.0,"9",.0,"9",.0,"9",.0,"9",.0,"9",.0,"9",.0,"9",.0,"9",4.5,"",.0,"9",0,"",0,"","R",0,"9",0,"9",0,"8"
"354180155","GDAÑSK-ŒWIBNO","2018","05","21",17.8,"",10.8,"",14.5,"",7.0,"",.0,"","W",0,"9",.0,"9",14.2,"",.0,"9",.0,"9",.0,"9",.0,"9",.0,"9",.0,"9",.0,"9",.0,"9",.0,"9",.0,"9",.0,"9",.0,"9",.0,"9",.0,"9",.0,"9",.0,"9",0,"",0,"","R",0,"9",0,"9",0,"8"
"354180155","GDAÑSK-ŒWIBNO","2018","05","22",17.9,"",12.2,"",15.1,"",10.5,"",.5,"","W",0,"9",.0,"9",8.9,"",1.4,"",.0,"9",.0,"9",.0,"9",.0,"9",.0,"9",.0,"9",.0,"9",.0,"9",.0,"9",.0,"9",.0,"9",.0,"9",1.3,"",2.0,"",.0,"9",0,"",0,"","R",0,"9",0,"9",0,"8"
"354180155","GDAÑSK-ŒWIBNO","2018","05","23",17.4,"",8.2,"",14.2,"",7.2,"",.0,"9","",0,"9",.0,"9",14.8,"",.0,"9",.0,"9",.0,"9",.0,"9",.9,"",.0,"9",.0,"9",.0,"9",.0,"9",.0,"9",.0,"9",.0,"9",.0,"9",.0,"9",2.6,"",.0,"9",0,"",0,"","R",0,"9",0,"9",0,"8"
"354180155","GDAÑSK-ŒWIBNO","2018","05","24",17.4,"",12.6,"",15.0,"",10.2,"",.0,"9","",0,"9",.0,"9",14.8,"",.0,"9",.0,"9",.0,"9",.0,"9",.0,"9",.0,"9",.0,"9",.0,"9",.0,"9",.0,"9",.0,"9",.0,"9",.0,"9",.0,"9",4.0,"",.0,"9",0,"",0,"","R",0,"9",0,"9",0,"8"
"354180155","GDAÑSK-ŒWIBNO","2018","05","25",19.2,"",11.8,"",15.6,"",10.0,"",3.5,"","W",0,"9",.0,"9",12.3,"",2.8,"",.0,"9",.0,"9",.0,"9",.0,"9",.0,"9",.0,"9",.0,"9",.0,"9",.0,"9",.0,"9",.0,"9",.0,"9",4.2,"",.0,"9",.0,"9",0,"",0,"","R",0,"9",0,"9",0,"8"
"354180155","GDAÑSK-ŒWIBNO","2018","05","26",23.1,"",12.7,"",18.2,"",11.2,"",.0,"9","",0,"9",.0,"9",12.0,"",.0,"9",.0,"9",.0,"9",.0,"9",.0,"9",.4,"",.0,"9",.0,"9",.0,"9",.0,"9",.0,"9",.0,"9",.0,"9",.0,"9",2.0,"",.0,"9",0,"",1,"","R",0,"9",0,"9",0,"8"
"354180155","GDAÑSK-ŒWIBNO","2018","05","27",21.6,"",14.7,"",18.1,"",12.9,"",.0,"9","",0,"9",.0,"9",14.6,"",.0,"9",.0,"9",.0,"9",.0,"9",.0,"9",.0,"9",.0,"9",.0,"9",.0,"9",.0,"9",.0,"9",.0,"9",.0,"9",.0,"9",6.0,"",.0,"9",0,"",0,"","R",0,"9",0,"9",0,"8"
"354180155","GDAÑSK-ŒWIBNO","2018","05","28",25.4,"",14.8,"",21.6,"",13.6,"",.0,"9","",0,"9",.0,"9",14.9,"",.0,"9",.0,"9",.0,"9",.0,"9",.0,"9",.0,"9",.0,"9",.0,"9",.0,"9",.0,"9",.0,"9",.0,"9",.0,"9",.0,"9",4.0,"",.0,"9",0,"",0,"","R",0,"9",0,"9",0,"8"
"354180155","GDAÑSK-ŒWIBNO","2018","05","29",28.4,"",15.5,"",22.6,"",12.1,"",.0,"9","",0,"9",.0,"9",14.9,"",.0,"9",.0,"9",.0,"9",.0,"9",.0,"9",.0,"9",.0,"9",.0,"9",.0,"9",.0,"9",.0,"9",.0,"9",.0,"9",.0,"9",2.0,"",.0,"9",0,"",0,"","R",0,"9",0,"9",0,"8"
"354180155","GDAÑSK-ŒWIBNO","2018","05","30",29.5,"",15.6,"",22.7,"",12.0,"",.0,"9","",0,"9",.0,"9",15.0,"",.0,"9",.0,"9",.0,"9",.0,"9",.0,"9",.0,"9",.0,"9",.0,"9",.0,"9",.0,"9",.0,"9",.0,"9",.0,"9",.0,"9",.0,"9",.0,"9",0,"",0,"","R",0,"9",0,"9",0,"8"
"354180155","GDAÑSK-ŒWIBNO","2018","05","31",22.5,"",17.7,"",19.4,"",16.3,"",.0,"9","",0,"9",.0,"9",15.0,"",.0,"9",.0,"9",.0,"9",.0,"9",.0,"9",.0,"9",.0,"9",.0,"9",.0,"9",.0,"9",.0,"9",.0,"9",.0,"9",.0,"9",3.0,"",.0,"9",0,"",0,"","R",0,"9",0,"9",0,"8"
"354180155","GDAÑSK-ŒWIBNO","2018","06","01",25.7,"",17.2,"",21.5,"",13.7,"",.0,"","W",0,"9",.0,"9",12.1,"",.8,"",.0,"9",.0,"9",.0,"9",.0,"9",.0,"9",.0,"9",.0,"9",.0,"9",.0,"9",.0,"9",.0,"9",.0,"9",2.8,"",.0,"9",.0,"9",0,"",0,"","R",0,"9",0,"9",0,"8"
"354180155","GDAÑSK-ŒWIBNO","2018","06","02",23.6,"",16.7,"",19.8,"",14.5,"",.0,"9","",0,"9",.0,"9",15.1,"",.0,"9",.0,"9",.0,"9",.0,"9",.0,"9",1.3,"",.0,"9",.0,"9",.0,"9",.0,"9",.0,"9",.0,"9",.0,"9",.0,"9",4.0,"",.0,"9",0,"",0,"","R",0,"9",0,"9",0,"8"
"354180155","GDAÑSK-ŒWIBNO","2018","06","03",28.3,"",11.1,"",20.0,"",10.2,"",.0,"9","",0,"9",.0,"9",14.9,"",.0,"9",.0,"9",.0,"9",.0,"9",.0,"9",2.9,"",.0,"9",.0,"9",.0,"9",.0,"9",.0,"9",.0,"9",.0,"9",.0,"9",.0,"9",.0,"9",0,"",0,"","R",0,"9",0,"9",0,"8"
"354180155","GDAÑSK-ŒWIBNO","2018","06","04",28.4,"",14.8,"",22.0,"",11.7,"",.5,"","W",0,"9",.0,"9",14.7,"",.0,"9",.0,"9",.0,"9",.0,"9",.0,"9",.0,"9",.0,"9",.0,"9",.0,"9",.0,"9",.0,"9",.0,"9",.0,"9",.0,"9",4.0,"",.0,"9",0,"",0,"","R",0,"9",0,"9",0,"8"
"354180155","GDAÑSK-ŒWIBNO","2018","06","05",23.0,"",13.4,"",15.6,"",13.6,"",.0,"9","",0,"9",.0,"9",9.1,"",4.1,"",.0,"9",.0,"9",.0,"9",.0,"9",3.2,"",.0,"9",.0,"9",.0,"9",.0,"9",.0,"9",.0,"9",.0,"9",.0,"9",.0,"9",.0,"9",0,"",0,"","R",0,"9",0,"9",0,"8"
"354180155","GDAÑSK-ŒWIBNO","2018","06","06",17.4,"",5.9,"",12.8,"",4.5,"",.0,"9","",0,"9",.0,"9",14.2,"",.0,"9",.0,"9",.0,"9",.0,"9",.0,"9",.0,"9",.0,"9",.0,"9",.0,"9",.0,"9",.0,"9",.0,"9",.0,"9",.0,"9",.0,"9",.0,"9",0,"",0,"","R",0,"9",0,"9",0,"8"
"354180155","GDAÑSK-ŒWIBNO","2018","06","07",23.4,"",8.1,"",16.9,"",5.7,"",.0,"9","",0,"9",.0,"9",15.3,"",.0,"9",.0,"9",.0,"9",.0,"9",.0,"9",.0,"9",.0,"9",.0,"9",.0,"9",.0,"9",.0,"9",.0,"9",.0,"9",.0,"9",.0,"9",.0,"9",0,"",0,"","R",0,"9",0,"9",0,"8"
"354180155","GDAÑSK-ŒWIBNO","2018","06","08",24.4,"",10.8,"",18.6,"",7.2,"",.0,"9","",0,"9",.0,"9",15.3,"",.0,"9",.0,"9",.0,"9",.0,"9",.0,"9",.0,"9",.0,"9",.0,"9",.0,"9",.0,"9",.0,"9",.0,"9",.0,"9",.0,"9",4.0,"",.0,"9",0,"",0,"","R",0,"9",0,"9",0,"8"
"354180155","GDAÑSK-ŒWIBNO","2018","06","09",22.3,"",14.2,"",19.3,"",9.9,"",.0,"9","",0,"9",.0,"9",15.4,"",.0,"9",.0,"9",.0,"9",.0,"9",.0,"9",.0,"9",.0,"9",.0,"9",.0,"9",.0,"9",.0,"9",.0,"9",.0,"9",.0,"9",.0,"9",.0,"9",0,"",0,"","R",0,"9",0,"9",0,"8"
"354180155","GDAÑSK-ŒWIBNO","2018","06","10",26.5,"",14.0,"",21.5,"",10.3,"",2.9,"","W",0,"9",.0,"9",14.2,"",.6,"",.0,"9",.0,"9",.0,"9",.0,"9",.0,"9",.0,"9",.0,"9",.0,"9",.0,"9",.0,"9",.0,"9",.0,"9",.0,"9",.0,"9",.0,"9",0,"",0,"","R",0,"9",0,"9",0,"8"
"354180155","GDAÑSK-ŒWIBNO","2018","06","11",24.1,"",18.3,"",19.8,"",18.1,"",.0,"","W",0,"9",.0,"9",7.7,"",5.2,"",.0,"9",.0,"9",.0,"9",.0,"9",1.8,"",.0,"9",.0,"9",.0,"9",.0,"9",.0,"9",.0,"9",.0,"9",.0,"9",.0,"9",.0,"9",0,"",0,"","R",0,"9",0,"9",0,"8"
"354180155","GDAÑSK-ŒWIBNO","2018","06","12",19.2,"",11.0,"",15.7,"",8.5,"",.0,"","W",0,"9",.0,"9",1.8,"",.4,"",.0,"9",.0,"9",.0,"9",.0,"9",.0,"9",.0,"9",.0,"9",.0,"9",.0,"9",.0,"9",.0,"9",.0,"9",.0,"9",.0,"9",.0,"9",0,"",0,"","R",0,"9",0,"9",0,"8"
"354180155","GDAÑSK-ŒWIBNO","2018","06","13",20.0,"",11.5,"",16.7,"",9.1,"",7.6,"","W",0,"9",.0,"9",5.9,"",7.1,"",.0,"9",.0,"9",.0,"9",.0,"9",.0,"9",.0,"9",.0,"9",.0,"9",.0,"9",.0,"9",.0,"9",.0,"9",.0,"9",.0,"9",.0,"9",0,"",0,"","R",0,"9",0,"9",0,"8"
"354180155","GDAÑSK-ŒWIBNO","2018","06","14",19.9,"",13.4,"",16.4,"",13.1,"",.0,"","W",0,"9",.0,"9",12.2,"",1.0,"",.0,"9",.0,"9",.0,"9",.0,"9",3.3,"",.0,"9",.0,"9",.0,"9",.0,"9",.0,"9",.0,"9",.0,"9",.0,"9",.0,"9",.0,"9",0,"",0,"","R",0,"9",0,"9",0,"8"
"354180155","GDAÑSK-ŒWIBNO","2018","06","15",21.4,"",12.4,"",17.6,"",11.0,"",.0,"9","",0,"9",.0,"9",8.4,"",.0,"9",.0,"9",.0,"9",.0,"9",1.2,"",1.3,"",.0,"9",.0,"9",.0,"9",.0,"9",.0,"9",.0,"9",.0,"9",.0,"9",.0,"9",.0,"9",0,"",0,"","R",0,"9",0,"9",0,"8"
"354180155","GDAÑSK-ŒWIBNO","2018","06","16",21.4,"",16.0,"",18.3,"",15.0,"",.0,"9","",0,"9",.0,"9",8.0,"",.0,"9",.0,"9",.0,"9",.0,"9",.0,"9",.0,"9",.0,"9",.0,"9",.0,"9",.0,"9",.0,"9",.0,"9",.0,"9",.0,"9",.0,"9",.0,"9",0,"",0,"","R",0,"9",0,"9",0,"8"
"354180155","GDAÑSK-ŒWIBNO","2018","06","17",27.9,"",11.8,"",20.7,"",9.8,"",.0,"","W",0,"9",.0,"9",13.4,"",.0,"9",.0,"9",.0,"9",.0,"9",3.1,"",1.1,"",.0,"9",.0,"9",.0,"9",.0,"9",.0,"9",.0,"9",.0,"9",.0,"9",.0,"9",.0,"9",0,"",0,"","R",0,"9",0,"9",0,"8"
"354180155","GDAÑSK-ŒWIBNO","2018","06","18",23.9,"",17.4,"",18.6,"",16.8,"",.0,"9","",0,"9",.0,"9",4.4,"",.3,"",.0,"9",.0,"9",.0,"9",.0,"9",.0,"9",.0,"9",.0,"9",.0,"9",.0,"9",.0,"9",.0,"9",.0,"9",.0,"9",.0,"9",.0,"9",0,"",0,"","R",0,"9",0,"9",0,"8"
"354180155","GDAÑSK-ŒWIBNO","2018","06","19",25.3,"",14.5,"",20.1,"",12.7,"",.0,"9","",0,"9",.0,"9",6.4,"",.0,"9",.0,"9",.0,"9",.0,"9",.0,"9",.0,"9",.0,"9",.0,"9",.0,"9",.0,"9",.0,"9",.0,"9",.0,"9",.0,"9",.0,"9",.0,"9",0,"",0,"","R",0,"9",0,"9",0,"8"
"354180155","GDAÑSK-ŒWIBNO","2018","06","20",24.2,"",12.6,"",18.4,"",10.2,"",.0,"9","",0,"9",.0,"9",13.1,"",.0,"9",.0,"9",.0,"9",.0,"9",.0,"9",.1,"",.0,"9",.0,"9",.0,"9",.0,"9",.0,"9",.0,"9",.0,"9",.0,"9",.0,"9",.0,"9",0,"",0,"","R",0,"9",0,"9",0,"8"
"354180155","GDAÑSK-ŒWIBNO","2018","06","21",30.0,"",13.1,"",18.6,"",13.0,"",1.7,"","W",0,"9",.0,"9",7.0,"",2.7,"",.0,"9",.0,"9",.0,"9",.0,"9",.2,"",.0,"9",.0,"9",.0,"9",.0,"9",.0,"9",.3,"",.0,"9",.0,"9",.0,"9",.0,"9",0,"",0,"","R",0,"9",0,"9",0,"8"
"354180155","GDAÑSK-ŒWIBNO","2018","06","22",18.9,"",9.4,"",13.9,"",8.5,"",1.4,"","W",0,"9",.0,"9",9.9,"",.0,"9",.0,"9",.0,"9",.0,"9",.0,"9",.0,"9",.0,"9",.0,"9",.0,"9",.0,"9",.0,"9",.3,"",.0,"9",.0,"9",.0,"9",.0,"9",0,"",0,"","R",0,"9",0,"9",0,"8"
"354180155","GDAÑSK-ŒWIBNO","2018","06","23",18.0,"",9.4,"",13.2,"",8.6,"",1.3,"","W",0,"9",.0,"9",5.1,"",3.3,"",.0,"9",.0,"9",.0,"9",.0,"9",.5,"",.0,"9",.0,"9",.0,"9",.0,"9",.0,"9",.0,"9",.0,"9",.0,"9",4.5,"",.0,"9",0,"",0,"","R",0,"9",0,"9",0,"8"
"354180155","GDAÑSK-ŒWIBNO","2018","06","24",17.9,"",10.6,"",14.5,"",9.2,"",.6,"","W",0,"9",.0,"9",7.3,"",5.5,"",.0,"9",.0,"9",.0,"9",.0,"9",5.5,"",.0,"9",.0,"9",.0,"9",.0,"9",.0,"9",.0,"9",.0,"9",.8,"",.0,"9",.0,"9",0,"",0,"","R",0,"9",0,"9",0,"8"
"354180155","GDAÑSK-ŒWIBNO","2018","06","25",19.5,"",12.4,"",15.8,"",11.4,"",3.5,"","W",0,"9",.0,"9",2.0,"",4.1,"",.0,"9",.0,"9",.0,"9",.0,"9",.0,"9",.0,"9",.0,"9",.0,"9",.0,"9",.0,"9",.0,"9",.0,"9",.5,"",.0,"9",.0,"9",0,"",0,"","R",0,"9",0,"9",0,"8"
"354180155","GDAÑSK-ŒWIBNO","2018","06","26",18.4,"",15.7,"",17.0,"",14.9,"",.0,"9","",0,"9",.0,"9",12.4,"",.0,"9",.0,"9",.0,"9",.0,"9",.0,"9",.0,"9",.0,"9",.0,"9",.0,"9",.0,"9",.0,"9",.0,"9",.0,"9",.0,"9",.0,"9",.0,"9",0,"",0,"","R",0,"9",0,"9",0,"8"
"354180155","GDAÑSK-ŒWIBNO","2018","06","27",20.6,"",16.0,"",18.4,"",14.1,"",.0,"9","",0,"9",.0,"9",14.5,"",.0,"9",.0,"9",.0,"9",.0,"9",.0,"9",.0,"9",.0,"9",.0,"9",.0,"9",.0,"9",.0,"9",.0,"9",.0,"9",.0,"9",4.0,"",.0,"9",0,"",0,"","R",0,"9",0,"9",0,"8"
"354180155","GDAÑSK-ŒWIBNO","2018","06","28",21.7,"",18.1,"",19.5,"",16.9,"",.0,"9","",0,"9",.0,"9",15.4,"",.0,"9",.0,"9",.0,"9",.0,"9",.0,"9",.0,"9",.0,"9",.0,"9",.0,"9",.0,"9",.0,"9",.0,"9",.0,"9",.0,"9",.0,"9",.0,"9",0,"",0,"","R",0,"9",0,"9",0,"8"
"354180155","GDAÑSK-ŒWIBNO","2018","06","29",22.3,"",14.8,"",16.8,"",13.1,"",.0,"9","",0,"9",.0,"9",6.3,"",.0,"9",.0,"9",.0,"9",.0,"9",.0,"9",.0,"9",.0,"9",.0,"9",.0,"9",.0,"9",.0,"9",.2,"",.0,"9",.0,"9",.0,"9",.0,"9",0,"",0,"","R",0,"9",0,"9",0,"8"
"354180155","GDAÑSK-ŒWIBNO","2018","06","30",17.6,"",14.5,"",15.5,"",13.7,"",.0,"9","",0,"9",.0,"9",9.8,"",.0,"9",.0,"9",.0,"9",.0,"9",.0,"9",.0,"9",.0,"9",.0,"9",.0,"9",.0,"9",.0,"9",.0,"9",.0,"9",.0,"9",.0,"9",.0,"9",0,"",0,"","R",0,"9",0,"9",0,"8"
"354180155","GDAÑSK-ŒWIBNO","2018","07","01",17.8,"",14.4,"",15.6,"",13.6,"",.0,"","W",0,"9",.0,"9",8.5,"",.0,"",.0,"9",.0,"9",.0,"9",.0,"9",.0,"9",.0,"9",.0,"9",.0,"9",.0,"9",.0,"9",.0,"9",.0,"9",.0,"9",.0,"9",.0,"9",0,"",0,"","R",0,"9",0,"9",0,"8"
"354180155","GDAÑSK-ŒWIBNO","2018","07","02",18.9,"",14.0,"",15.9,"",13.7,"",.8,"","W",0,"9",.0,"9",3.6,"",3.5,"",.0,"9",.0,"9",.0,"9",.0,"9",.0,"9",.0,"9",.0,"9",.0,"9",.0,"9",.0,"9",.0,"9",.0,"9",.0,"9",.0,"9",.0,"9",0,"",0,"","R",0,"9",0,"9",0,"8"
"354180155","GDAÑSK-ŒWIBNO","2018","07","03",20.0,"",14.3,"",16.3,"",13.8,"",.0,"","W",0,"9",.0,"9",3.4,"",.7,"",.0,"9",.0,"9",.0,"9",.0,"9",.0,"9",.0,"9",.0,"9",.0,"9",.0,"9",.0,"9",.0,"9",.0,"9",.0,"9",.0,"9",.0,"9",0,"",0,"","R",0,"9",0,"9",0,"8"
"354180155","GDAÑSK-ŒWIBNO","2018","07","04",28.4,"",13.6,"",21.5,"",10.9,"",.0,"9","",0,"9",.0,"9",14.3,"",.0,"9",.0,"9",.0,"9",.0,"9",.0,"9",.0,"9",.0,"9",.0,"9",.0,"9",.0,"9",.0,"9",.0,"9",.0,"9",.0,"9",.0,"9",.0,"9",0,"",0,"","R",0,"9",0,"9",0,"8"
"354180155","GDAÑSK-ŒWIBNO","2018","07","05",24.7,"",12.6,"",19.0,"",10.4,"",.0,"9","",0,"9",.0,"9",14.6,"",.0,"9",.0,"9",.0,"9",.0,"9",.0,"9",.0,"9",.0,"9",.0,"9",.0,"9",.0,"9",.0,"9",.0,"9",.0,"9",.0,"9",5.0,"",.0,"9",0,"",0,"","R",0,"9",0,"9",0,"8"
"354180155","GDAÑSK-ŒWIBNO","2018","07","06",22.3,"",12.9,"",18.1,"",10.9,"",.0,"9","",0,"9",.0,"9",14.1,"",.0,"9",.0,"9",.0,"9",.0,"9",.0,"9",.0,"9",.0,"9",.0,"9",.0,"9",.0,"9",.0,"9",.0,"9",.0,"9",.0,"9",4.0,"",.0,"9",0,"",0,"","R",0,"9",0,"9",0,"8"
"354180155","GDAÑSK-ŒWIBNO","2018","07","07",21.3,"",12.2,"",17.6,"",10.6,"",.9,"","W",0,"9",.0,"9",12.6,"",.5,"",.0,"9",.0,"9",.0,"9",.0,"9",.0,"9",.0,"9",.0,"9",.0,"9",.0,"9",.0,"9",.0,"9",.0,"9",.0,"9",.0,"9",.0,"9",0,"",0,"","R",0,"9",0,"9",0,"8"
"354180155","GDAÑSK-ŒWIBNO","2018","07","08",20.3,"",16.4,"",18.1,"",15.6,"",.0,"9","",0,"9",.0,"9",12.2,"",.0,"9",.0,"9",.0,"9",.0,"9",1.1,"",.2,"",.0,"9",.0,"9",.0,"9",.0,"9",.0,"9",.0,"9",.0,"9",.0,"9",.9,"",.0,"9",0,"",0,"","R",0,"9",0,"9",0,"8"
"354180155","GDAÑSK-ŒWIBNO","2018","07","09",26.4,"",11.7,"",17.8,"",10.6,"",.2,"","W",0,"9",.0,"9",4.4,"",.0,"9",.0,"9",.0,"9",.0,"9",3.3,"",1.0,"",.0,"9",.0,"9",.0,"9",.0,"9",.0,"9",.0,"9",.0,"9",.0,"9",.0,"9",.0,"9",0,"",0,"","R",0,"9",0,"9",0,"8"
"354180155","GDAÑSK-ŒWIBNO","2018","07","10",21.9,"",17.1,"",19.2,"",16.2,"",.0,"","W",0,"9",.0,"9",5.1,"",1.2,"",.0,"9",.0,"9",.0,"9",.0,"9",.0,"9",.0,"9",.0,"9",.0,"9",.0,"9",.0,"9",.0,"9",.0,"9",.0,"9",.0,"9",.0,"9",0,"",0,"","R",0,"9",0,"9",0,"8"
"354180155","GDAÑSK-ŒWIBNO","2018","07","11",24.4,"",18.0,"",20.1,"",16.4,"",5.4,"","W",0,"9",.0,"9",9.4,"",1.1,"",.0,"9",.0,"9",.0,"9",.0,"9",.0,"9",.0,"9",.0,"9",.0,"9",.0,"9",.0,"9",.0,"9",.0,"9",1.6,"",.0,"9",.0,"9",0,"",0,"","R",0,"9",0,"9",0,"8"
"354180155","GDAÑSK-ŒWIBNO","2018","07","12",20.5,"",17.7,"",18.9,"",17.5,"",8.6,"","W",0,"9",.0,"9",2.1,"",9.4,"",.0,"9",.0,"9",.0,"9",.0,"9",.0,"9",.0,"9",.0,"9",.0,"9",.0,"9",.0,"9",.0,"9",.0,"9",1.3,"",.0,"9",.0,"9",0,"",0,"","R",0,"9",0,"9",0,"8"
"354180155","GDAÑSK-ŒWIBNO","2018","07","13",20.2,"",15.7,"",18.2,"",15.6,"",5.0,"","W",0,"9",.0,"9",.5,"",8.6,"",.0,"9",.0,"9",.0,"9",.0,"9",.0,"9",.0,"9",.0,"9",.0,"9",.0,"9",.0,"9",.0,"9",.0,"9",.2,"",.0,"9",.0,"9",0,"",0,"","R",0,"9",0,"9",0,"8"
"354180155","GDAÑSK-ŒWIBNO","2018","07","14",22.6,"",17.7,"",19.5,"",17.4,"",.0,"","W",0,"9",.0,"9",7.7,"",3.8,"",.0,"9",.0,"9",.0,"9",.0,"9",.0,"9",.0,"9",.0,"9",.0,"9",.0,"9",.0,"9",.0,"9",.0,"9",.0,"9",.0,"9",.0,"9",0,"",0,"","R",0,"9",0,"9",0,"8"
"354180155","GDAÑSK-ŒWIBNO","2018","07","15",23.1,"",16.8,"",20.0,"",15.8,"",.0,"9","",0,"9",.0,"9",13.7,"",.0,"9",.0,"9",.0,"9",.0,"9",.0,"9",.0,"9",.0,"9",.0,"9",.0,"9",.0,"9",.0,"9",.0,"9",.0,"9",.0,"9",.0,"9",.0,"9",0,"",0,"","R",0,"9",0,"9",0,"8"
"354180155","GDAÑSK-ŒWIBNO","2018","07","16",21.8,"",18.3,"",19.8,"",17.5,"",5.3,"","W",0,"9",.0,"9",5.5,"",4.2,"",.0,"9",.0,"9",.0,"9",.0,"9",.0,"9",.0,"9",.0,"9",.0,"9",.0,"9",.0,"9",.0,"9",.0,"9",.4,"",.0,"9",.0,"9",0,"",0,"","R",0,"9",0,"9",0,"8"
"354180155","GDAÑSK-ŒWIBNO","2018","07","17",20.3,"",19.0,"",19.7,"",18.6,"",18.7,"","W",0,"9",.0,"9",.0,"9",12.8,"",.0,"9",.0,"9",.0,"9",.0,"9",6.3,"",.0,"9",.0,"9",.0,"9",.0,"9",.0,"9",.0,"9",.0,"9",.8,"",.0,"9",.0,"9",0,"",0,"","R",0,"9",0,"9",0,"8"
"354180155","GDAÑSK-ŒWIBNO","2018","07","18",23.6,"",19.4,"",21.2,"",19.0,"",.0,"9","",0,"9",.0,"9",8.2,"",.0,"9",.0,"9",.0,"9",.0,"9",.0,"9",2.4,"",.0,"9",.0,"9",.0,"9",.0,"9",.0,"9",.0,"9",.0,"9",.0,"9",3.0,"",.0,"9",0,"",0,"","R",0,"9",0,"9",0,"8"
"354180155","GDAÑSK-ŒWIBNO","2018","07","19",24.2,"",19.3,"",21.5,"",18.6,"",.0,"9","",0,"9",.0,"9",10.9,"",.0,"9",.0,"9",.0,"9",.0,"9",.0,"9",.0,"9",.0,"9",.0,"9",.0,"9",.0,"9",.0,"9",.0,"9",.0,"9",.0,"9",7.0,"",.0,"9",0,"",0,"","R",0,"9",0,"9",0,"8"
"354180155","GDAÑSK-ŒWIBNO","2018","07","20",25.7,"",18.3,"",21.7,"",17.7,"",.0,"9","",0,"9",.0,"9",13.7,"",.0,"9",.0,"9",.0,"9",.0,"9",.0,"9",.0,"9",.0,"9",.0,"9",.0,"9",.0,"9",.0,"9",.0,"9",.0,"9",.0,"9",9.0,"",.0,"9",0,"",0,"","R",0,"9",0,"9",0,"8"
"354180155","GDAÑSK-ŒWIBNO","2018","07","21",25.5,"",13.0,"",19.7,"",11.5,"",.0,"9","",0,"9",.0,"9",14.2,"",.0,"9",.0,"9",.0,"9",.0,"9",.0,"9",.0,"9",.0,"9",.0,"9",.0,"9",.0,"9",.0,"9",.0,"9",.0,"9",.0,"9",9.0,"",.0,"9",0,"",0,"","R",0,"9",0,"9",0,"8"
"354180155","GDAÑSK-ŒWIBNO","2018","07","22",23.5,"",15.5,"",19.8,"",13.8,"",.0,"9","",0,"9",.0,"9",14.3,"",.0,"9",.0,"9",.0,"9",.0,"9",1.7,"",1.2,"",.0,"9",.0,"9",.0,"9",.0,"9",.0,"9",.0,"9",.0,"9",.0,"9",9.1,"",.0,"9",0,"",0,"","R",0,"9",0,"9",0,"8"
"354180155","GDAÑSK-ŒWIBNO","2018","07","23",25.4,"",13.9,"",20.4,"",12.6,"",.0,"9","",0,"9",.0,"9",13.8,"",.0,"9",.0,"9",.0,"9",.0,"9",.0,"9",7.3,"",.0,"9",.0,"9",.0,"9",.0,"9",.0,"9",.0,"9",.0,"9",.0,"9",2.0,"",.0,"9",0,"",0,"","R",0,"9",0,"9",0,"8"
"354180155","GDAÑSK-ŒWIBNO","2018","07","24",24.2,"",14.9,"",20.9,"",14.3,"",.0,"9","",0,"9",.0,"9",14.4,"",.0,"9",.0,"9",.0,"9",.0,"9",.3,"",5.0,"",.0,"9",.0,"9",.0,"9",.0,"9",.0,"9",.0,"9",.0,"9",.0,"9",4.3,"",.0,"9",0,"",0,"","R",0,"9",0,"9",0,"8"
"354180155","GDAÑSK-ŒWIBNO","2018","07","25",24.9,"",20.8,"",22.6,"",19.5,"",.0,"9","",0,"9",.0,"9",13.8,"",.0,"9",.0,"9",.0,"9",.0,"9",.0,"9",.0,"9",.0,"9",.0,"9",.0,"9",.0,"9",.0,"9",.0,"9",.0,"9",.0,"9",9.0,"",.0,"9",0,"",0,"","R",0,"9",0,"9",0,"8"
"354180155","GDAÑSK-ŒWIBNO","2018","07","26",25.4,"",21.5,"",23.4,"",20.9,"",.0,"9","",0,"9",.0,"9",12.0,"",.0,"9",.0,"9",.0,"9",.0,"9",.0,"9",.0,"9",.0,"9",.0,"9",.0,"9",.0,"9",.0,"9",.0,"9",.0,"9",.0,"9",10.0,"",.0,"9",0,"",0,"","R",0,"9",0,"9",0,"8"
"354180155","GDAÑSK-ŒWIBNO","2018","07","27",25.5,"",21.6,"",23.7,"",20.0,"",.0,"9","",0,"9",.0,"9",12.6,"",.0,"9",.0,"9",.0,"9",.0,"9",.0,"9",.0,"9",.0,"9",.0,"9",.0,"9",.0,"9",.0,"9",.0,"9",.0,"9",.0,"9",8.0,"",.0,"9",0,"",0,"","R",0,"9",0,"9",0,"8"
"354180155","GDAÑSK-ŒWIBNO","2018","07","28",26.2,"",21.4,"",23.2,"",20.7,"",8.3,"","W",0,"9",.0,"9",6.4,"",1.9,"",.0,"9",.0,"9",.0,"9",.0,"9",4.7,"",.0,"9",.0,"9",.0,"9",.0,"9",.0,"9",.0,"9",.0,"9",2.0,"",5.0,"",.0,"9",0,"",0,"","R",0,"9",0,"9",0,"8"
"354180155","GDAÑSK-ŒWIBNO","2018","07","29",28.2,"",20.3,"",23.0,"",19.6,"",9.5,"","W",0,"9",.0,"9",6.8,"",3.0,"",.0,"9",.0,"9",.0,"9",1.3,"",4.6,"",.0,"9",.0,"9",.0,"9",.0,"9",.0,"9",.0,"9",.0,"9",2.0,"",.0,"9",.0,"9",0,"",0,"","R",0,"9",0,"9",0,"8"
"354180155","GDAÑSK-ŒWIBNO","2018","07","30",25.2,"",18.2,"",22.5,"",17.3,"",.0,"","W",0,"9",.0,"9",12.3,"",.0,"9",.0,"9",.0,"9",.0,"9",.7,"",5.5,"",.0,"9",.0,"9",.0,"9",.0,"9",.0,"9",.0,"9",.0,"9",.0,"9",.0,"9",.0,"9",0,"",0,"","R",0,"9",0,"9",0,"8"
"354180155","GDAÑSK-ŒWIBNO","2018","07","31",29.5,"",19.4,"",24.6,"",18.0,"",.0,"","W",0,"9",.0,"9",13.8,"",.1,"",.0,"9",.0,"9",.0,"9",.0,"9",.0,"9",.0,"9",.0,"9",.0,"9",.0,"9",.0,"9",.0,"9",.0,"9",2.2,"",9.0,"",.0,"9",0,"",0,"","R",0,"9",0,"9",0,"8"
"354180155","GDAÑSK-ŒWIBNO","2018","08","01",32.6,"",21.1,"",25.8,"",19.8,"",.0,"9","",0,"9",.0,"9",8.7,"",.0,"9",.0,"9",.0,"9",.0,"9",.0,"9",1.2,"",.0,"9",.0,"9",.0,"9",.0,"9",.0,"9",.0,"9",.0,"9",1.5,"",6.0,"",.0,"9",0,"",0,"","R",0,"9",0,"9",0,"8"
"354180155","GDAÑSK-ŒWIBNO","2018","08","02",29.6,"",20.8,"",24.9,"",19.4,"",.0,"9","",0,"9",.0,"9",7.7,"",.0,"9",.0,"9",.0,"9",.0,"9",.0,"9",3.3,"",.0,"9",.0,"9",.0,"9",.0,"9",.0,"9",.0,"9",.0,"9",.0,"9",9.0,"",.0,"9",0,"",0,"","R",0,"9",0,"9",0,"8"
"354180155","GDAÑSK-ŒWIBNO","2018","08","03",26.8,"",18.1,"",22.8,"",16.6,"",.0,"9","",0,"9",.0,"9",13.8,"",.0,"9",.0,"9",.0,"9",.0,"9",.0,"9",.0,"9",.0,"9",.0,"9",.0,"9",.0,"9",.0,"9",.0,"9",.0,"9",.0,"9",7.0,"",.0,"9",0,"",0,"","R",0,"9",0,"9",0,"8"
"354180155","GDAÑSK-ŒWIBNO","2018","08","04",28.6,"",16.3,"",22.2,"",14.5,"",1.1,"","W",0,"9",.0,"9",11.4,"",.6,"",.0,"9",.0,"9",.0,"9",.0,"9",.0,"9",.0,"9",.0,"9",.0,"9",.0,"9",.0,"9",.0,"9",.0,"9",.6,"",10.0,"",.0,"9",0,"",0,"","R",0,"9",0,"9",0,"8"
"354180155","GDAÑSK-ŒWIBNO","2018","08","05",25.0,"",17.9,"",21.0,"",16.6,"",2.5,"","W",0,"9",.0,"9",7.9,"",.4,"",.0,"9",.0,"9",.0,"9",.0,"9",.0,"9",.0,"9",.0,"9",.0,"9",.0,"9",.0,"9",.0,"9",.0,"9",.0,"",9.0,"",.0,"9",0,"",0,"","R",0,"9",0,"9",0,"8"
"354180155","GDAÑSK-ŒWIBNO","2018","08","06",25.3,"",14.6,"",19.6,"",13.2,"",.0,"","W",0,"9",.0,"9",10.0,"",.7,"",.0,"9",.0,"9",.0,"9",.0,"9",.0,"9",.0,"9",.0,"9",.0,"9",.0,"9",.0,"9",.0,"9",.0,"9",.0,"9",5.0,"",.0,"9",0,"",0,"","R",0,"9",0,"9",0,"8"
"354180155","GDAÑSK-ŒWIBNO","2018","08","07",29.6,"",15.6,"",22.5,"",13.7,"",.0,"9","",0,"9",.0,"9",12.6,"",.0,"9",.0,"9",.0,"9",.0,"9",.0,"9",.0,"9",.0,"9",.0,"9",.0,"9",.0,"9",.0,"9",.0,"9",.0,"9",.0,"9",6.0,"",.0,"9",0,"",0,"","R",0,"9",0,"9",0,"8"
"354180155","GDAÑSK-ŒWIBNO","2018","08","08",31.5,"",16.4,"",24.5,"",14.6,"",.0,"9","",0,"9",.0,"9",14.1,"",.0,"9",.0,"9",.0,"9",.0,"9",.0,"9",.0,"9",.0,"9",.0,"9",.0,"9",.0,"9",.0,"9",.0,"9",.0,"9",.0,"9",.0,"9",.0,"9",0,"",0,"","R",0,"9",0,"9",0,"8"
"354180155","GDAÑSK-ŒWIBNO","2018","08","09",32.9,"",19.0,"",26.0,"",17.4,"",.0,"9","",0,"9",.0,"9",13.8,"",.0,"9",.0,"9",.0,"9",.0,"9",.0,"9",.0,"9",.0,"9",.0,"9",.0,"9",.0,"9",.0,"9",.0,"9",.0,"9",.0,"9",.0,"9",.0,"9",0,"",0,"","R",0,"9",0,"9",0,"8"
"354180155","GDAÑSK-ŒWIBNO","2018","08","10",29.0,"",21.9,"",23.3,"",21.4,"",.8,"","W",0,"9",.0,"9",5.0,"",1.0,"",.0,"9",.0,"9",.0,"9",.0,"9",.0,"9",.0,"9",.0,"9",.0,"9",.0,"9",.0,"9",.0,"9",.0,"9",.0,"9",.0,"9",.0,"9",0,"",0,"","R",0,"9",0,"9",0,"8"
"354180155","GDAÑSK-ŒWIBNO","2018","08","11",24.6,"",15.5,"",17.9,"",14.5,"",4.2,"","W",0,"9",.0,"9",3.6,"",2.0,"",.0,"9",.0,"9",.0,"9",.0,"9",.0,"9",.0,"9",.0,"9",.0,"9",.0,"9",.0,"9",.0,"9",.0,"9",.2,"",.0,"9",.0,"9",0,"",0,"","R",0,"9",0,"9",0,"8"
"354180155","GDAÑSK-ŒWIBNO","2018","08","12",23.5,"",12.7,"",17.7,"",11.2,"",.0,"9","",0,"9",.0,"9",8.1,"",.0,"9",.0,"9",.0,"9",.0,"9",.0,"9",.0,"9",.0,"9",.0,"9",.0,"9",.0,"9",.0,"9",.0,"9",.0,"9",.0,"9",.0,"9",.0,"9",0,"",0,"","R",0,"9",0,"9",0,"8"
"354180155","GDAÑSK-ŒWIBNO","2018","08","13",23.5,"",15.7,"",19.8,"",14.5,"",.6,"","W",0,"9",.0,"9",7.7,"",.0,"9",.0,"9",.0,"9",.0,"9",.0,"9",.0,"9",.0,"9",.0,"9",.0,"9",.0,"9",.0,"9",.0,"9",.0,"9",.0,"9",.0,"9",.0,"9",0,"",0,"","R",0,"9",0,"9",0,"8"
"354180155","GDAÑSK-ŒWIBNO","2018","08","14",23.9,"",17.4,"",19.6,"",17.2,"",1.5,"","W",0,"9",.0,"9",2.3,"",6.0,"",.0,"9",.0,"9",.0,"9",.0,"9",.0,"9",.0,"9",.0,"9",.0,"9",.0,"9",.0,"9",.0,"9",.0,"9",.0,"9",.0,"9",.0,"9",0,"",0,"","R",0,"9",0,"9",0,"8"
"354180155","GDAÑSK-ŒWIBNO","2018","08","15",23.0,"",17.3,"",19.4,"",16.2,"",.9,"","W",0,"9",.0,"9",2.7,"",.7,"",.0,"9",.0,"9",.0,"9",.0,"9",.0,"9",.0,"9",.0,"9",.0,"9",.0,"9",.0,"9",.0,"9",.0,"9",.0,"9",.0,"9",.0,"9",0,"",0,"","R",0,"9",0,"9",0,"8"
"354180155","GDAÑSK-ŒWIBNO","2018","08","16",24.8,"",12.7,"",19.4,"",10.9,"",.0,"9","",0,"9",.0,"9",13.1,"",.0,"9",.0,"9",.0,"9",.0,"9",.0,"9",2.5,"",.0,"9",.0,"9",.0,"9",.0,"9",.0,"9",.0,"9",.0,"9",.0,"9",.0,"9",.0,"9",0,"",0,"","R",0,"9",0,"9",0,"8"
"354180155","GDAÑSK-ŒWIBNO","2018","08","17",28.1,"",14.8,"",21.7,"",13.4,"",.0,"9","",0,"9",.0,"9",11.1,"",.0,"9",.0,"9",.0,"9",.0,"9",.0,"9",.0,"9",.0,"9",.0,"9",.0,"9",.0,"9",.0,"9",.0,"9",.0,"9",.0,"9",7.0,"",.0,"9",0,"",0,"","R",0,"9",0,"9",0,"8"
"354180155","GDAÑSK-ŒWIBNO","2018","08","18",23.7,"",16.8,"",19.7,"",14.7,"",.0,"9","",0,"9",.0,"9",8.4,"",.0,"9",.0,"9",.0,"9",.0,"9",.0,"9",.0,"9",.0,"9",.0,"9",.0,"9",.0,"9",.0,"9",.0,"9",.0,"9",.0,"9",8.0,"",.0,"9",0,"",0,"","R",0,"9",0,"9",0,"8"
"354180155","GDAÑSK-ŒWIBNO","2018","08","19",26.6,"",13.9,"",19.7,"",11.7,"",.0,"9","",0,"9",.0,"9",11.4,"",.0,"9",.0,"9",.0,"9",.0,"9",.1,"",1.1,"",.0,"9",.0,"9",.0,"9",.0,"9",.0,"9",.0,"9",.0,"9",.0,"9",6.9,"",.0,"9",0,"",0,"","R",0,"9",0,"9",0,"8"
"354180155","GDAÑSK-ŒWIBNO","2018","08","20",27.8,"",14.3,"",20.6,"",13.8,"",.1,"","W",0,"9",.0,"9",6.4,"",.4,"",.0,"9",.0,"9",.0,"9",.3,"",3.7,"",.0,"9",.0,"9",.0,"9",.0,"9",.0,"9",.0,"9",.0,"9",.0,"9",.0,"9",.0,"9",0,"",0,"","R",0,"9",0,"9",0,"8"
"354180155","GDAÑSK-ŒWIBNO","2018","08","21",21.2,"",14.3,"",17.9,"",13.1,"",.0,"9","",0,"9",.0,"9",12.0,"",.0,"9",.0,"9",.0,"9",.0,"9",.0,"9",.0,"9",.0,"9",.0,"9",.0,"9",.0,"9",.0,"9",.0,"9",.0,"9",.0,"9",1.0,"",.0,"9",0,"",0,"","R",0,"9",0,"9",0,"8"
"354180155","GDAÑSK-ŒWIBNO","2018","08","22",24.1,"",10.4,"",17.7,"",8.6,"",.0,"9","",0,"9",.0,"9",12.1,"",.0,"9",.0,"9",.0,"9",.0,"9",.0,"9",3.3,"",.0,"9",.0,"9",.0,"9",.0,"9",.0,"9",.0,"9",.0,"9",.0,"9",9.0,"",.0,"9",0,"",0,"","R",0,"9",0,"9",0,"8"
"354180155","GDAÑSK-ŒWIBNO","2018","08","23",28.8,"",12.9,"",21.2,"",11.5,"",2.0,"","W",0,"9",.0,"9",11.9,"",.0,"9",.0,"9",.0,"9",.0,"9",.0,"9",.0,"9",.0,"9",.0,"9",.0,"9",.0,"9",.0,"9",.0,"9",.0,"9",.0,"9",6.0,"",.0,"9",0,"",0,"","R",0,"9",0,"9",0,"8"
"354180155","GDAÑSK-ŒWIBNO","2018","08","24",25.7,"",15.9,"",19.6,"",14.0,"",5.8,"","W",0,"9",.0,"9",2.7,"",2.8,"",.0,"9",.0,"9",.0,"9",.0,"9",.0,"9",.0,"9",.0,"9",.0,"9",.0,"9",.0,"9",.0,"9",.0,"9",2.2,"",.0,"9",.0,"9",0,"",0,"","R",0,"9",0,"9",0,"8"
"354180155","GDAÑSK-ŒWIBNO","2018","08","25",19.9,"",14.8,"",16.5,"",14.4,"",1.5,"","W",0,"9",.0,"9",1.7,"",6.2,"",.0,"9",.0,"9",.0,"9",.0,"9",.0,"9",.0,"9",.0,"9",.0,"9",.0,"9",.0,"9",.0,"9",.0,"9",.0,"9",.0,"9",.0,"9",0,"",0,"","R",0,"9",0,"9",0,"8"
"354180155","GDAÑSK-ŒWIBNO","2018","08","26",20.4,"",11.9,"",15.1,"",11.2,"",.0,"9","",0,"9",.0,"9",4.3,"",.0,"9",.0,"9",.0,"9",.0,"9",.0,"9",.0,"9",.0,"9",.0,"9",.0,"9",.0,"9",.0,"9",.0,"9",.0,"9",.0,"9",.0,"9",.0,"9",0,"",0,"","R",0,"9",0,"9",0,"8"
"354180155","GDAÑSK-ŒWIBNO","2018","08","27",21.5,"",9.2,"",16.0,"",7.0,"",.5,"","W",0,"9",.0,"9",8.5,"",.0,"9",.0,"9",.0,"9",.0,"9",.7,"",2.2,"",.0,"9",.0,"9",.0,"9",.0,"9",.0,"9",.0,"9",.0,"9",.0,"9",3.8,"",.0,"9",0,"",0,"","R",0,"9",0,"9",0,"8"
"354180155","GDAÑSK-ŒWIBNO","2018","08","28",20.6,"",14.1,"",16.9,"",11.7,"",5.3,"","W",0,"9",.0,"9",4.5,"",2.2,"",.0,"9",.0,"9",.0,"9",.0,"9",.0,"9",.0,"9",.0,"9",.0,"9",.0,"9",.0,"9",.0,"9",.0,"9",.0,"9",4.0,"",.0,"9",0,"",0,"","R",0,"9",0,"9",0,"8"
"354180155","GDAÑSK-ŒWIBNO","2018","08","29",20.8,"",10.4,"",16.3,"",8.9,"",.0,"9","",0,"9",.0,"9",10.0,"",.0,"9",.0,"9",.0,"9",.0,"9",.0,"9",.0,"9",.0,"9",.0,"9",.0,"9",.0,"9",.0,"9",.0,"9",.0,"9",.0,"9",10.0,"",.0,"9",0,"",0,"","R",0,"9",0,"9",0,"8"
"354180155","GDAÑSK-ŒWIBNO","2018","08","30",24.4,"",12.8,"",19.3,"",11.6,"",.0,"","W",0,"9",.0,"9",8.6,"",.3,"",.0,"9",.0,"9",.0,"9",.0,"9",.0,"9",.0,"9",.0,"9",.0,"9",.0,"9",.0,"9",.0,"9",.0,"9",.0,"9",8.0,"",.0,"9",0,"",0,"","R",0,"9",0,"9",0,"8"
"354180155","GDAÑSK-ŒWIBNO","2018","08","31",21.3,"",16.9,"",18.1,"",16.3,"",.5,"","W",0,"9",.0,"9",2.0,"",.9,"",.0,"9",.0,"9",.0,"9",.0,"9",.0,"9",.0,"9",.0,"9",.0,"9",.0,"9",.0,"9",.0,"9",.0,"9",.0,"9",.0,"9",.0,"9",0,"",0,"","R",0,"9",0,"9",0,"8"
"354180155","GDAÑSK-ŒWIBNO","2018","09","01",23.3,"",13.1,"",17.9,"",11.4,"",.0,"","W",0,"9",.0,"9",7.4,"",.0,"9",.0,"9",.0,"9",.0,"9",.0,"9",.9,"",.0,"9",.0,"9",.0,"9",.0,"9",.0,"9",.0,"9",.0,"9",.0,"9",7.0,"",.0,"9",0,"",0,"","R",0,"9",0,"9",0,"8"
"354180155","GDAÑSK-ŒWIBNO","2018","09","02",20.9,"",16.5,"",18.7,"",15.2,"",.0,"9","",0,"9",.0,"9",7.6,"",.1,"",.0,"9",.0,"9",.0,"9",.0,"9",.0,"9",.0,"9",.0,"9",.0,"9",.0,"9",.0,"9",.0,"9",.0,"9",.0,"9",.0,"9",.0,"9",0,"",0,"","R",0,"9",0,"9",0,"8"
"354180155","GDAÑSK-ŒWIBNO","2018","09","03",21.0,"",16.5,"",19.1,"",13.5,"",.0,"9","",0,"9",.0,"9",12.3,"",.0,"9",.0,"9",.0,"9",.0,"9",.0,"9",.0,"9",.0,"9",.0,"9",.0,"9",.0,"9",.0,"9",.0,"9",.0,"9",.0,"9",7.0,"",.0,"9",0,"",0,"","R",0,"9",0,"9",0,"8"
"354180155","GDAÑSK-ŒWIBNO","2018","09","04",21.2,"",17.2,"",19.5,"",15.7,"",.0,"9","",0,"9",.0,"9",7.8,"",.0,"9",.0,"9",.0,"9",.0,"9",.0,"9",.0,"9",.0,"9",.0,"9",.0,"9",.0,"9",.0,"9",.0,"9",.0,"9",.0,"9",5.0,"",.0,"9",0,"",0,"","R",0,"9",0,"9",0,"8"
"354180155","GDAÑSK-ŒWIBNO","2018","09","05",21.4,"",18.2,"",19.5,"",17.1,"",.0,"","W",0,"9",.0,"9",10.7,"",.0,"9",.0,"9",.0,"9",.0,"9",.0,"9",.0,"9",.0,"9",.0,"9",.0,"9",.0,"9",.0,"9",.0,"9",.0,"9",.0,"9",.0,"9",.0,"9",0,"",0,"","R",0,"9",0,"9",0,"8"
"354180155","GDAÑSK-ŒWIBNO","2018","09","06",21.0,"",18.2,"",19.6,"",16.7,"",.0,"9","",0,"9",.0,"9",10.3,"",.3,"",.0,"9",.0,"9",.0,"9",.0,"9",3.2,"",.0,"9",.0,"9",.0,"9",.0,"9",.0,"9",.0,"9",.0,"9",.0,"9",3.0,"",.0,"9",0,"",0,"","R",0,"9",0,"9",0,"8"
"354180155","GDAÑSK-ŒWIBNO","2018","09","07",21.9,"",17.3,"",19.6,"",15.7,"",.3,"","W",0,"9",.0,"9",7.7,"",.0,"9",.0,"9",.0,"9",.0,"9",.0,"9",5.0,"",.0,"9",.0,"9",.0,"9",.0,"9",.0,"9",.0,"9",.0,"9",.0,"9",7.0,"",.0,"9",0,"",0,"","R",0,"9",0,"9",0,"8"
"354180155","GDAÑSK-ŒWIBNO","2018","09","08",21.1,"",13.5,"",16.7,"",11.6,"",4.1,"","W",0,"9",.0,"9",5.7,"",1.5,"",.0,"9",.0,"9",.0,"9",.0,"9",.0,"9",.0,"9",.0,"9",.0,"9",.0,"9",.0,"9",.0,"9",.0,"9",.0,"9",3.4,"",.0,"9",0,"",0,"","R",0,"9",0,"9",0,"8"
"354180155","GDAÑSK-ŒWIBNO","2018","09","09",20.4,"",9.7,"",15.3,"",7.6,"",.0,"9","",0,"9",.0,"9",6.9,"",.0,"9",.0,"9",.0,"9",.0,"9",1.3,"",2.7,"",.0,"9",.0,"9",.0,"9",.0,"9",.0,"9",.0,"9",.0,"9",.0,"9",.0,"9",.0,"9",0,"",0,"","R",0,"9",0,"9",0,"8"
"354180155","GDAÑSK-ŒWIBNO","2018","09","10",24.8,"",11.3,"",17.7,"",9.6,"",.7,"","W",0,"9",.0,"9",10.2,"",.7,"",.0,"9",.0,"9",.0,"9",.0,"9",.0,"9",.0,"9",.0,"9",.0,"9",.0,"9",.0,"9",.0,"9",.0,"9",.0,"9",6.0,"",.0,"9",0,"",0,"","R",0,"9",0,"9",0,"8"
"354180155","GDAÑSK-ŒWIBNO","2018","09","11",21.9,"",15.2,"",17.8,"",14.3,"",.0,"","W",0,"9",.0,"9",2.0,"",.7,"",.0,"9",.0,"9",.0,"9",.0,"9",.0,"9",.0,"9",.0,"9",.0,"9",.0,"9",.0,"9",.0,"9",.0,"9",.0,"9",.0,"9",.0,"9",0,"",0,"","R",0,"9",0,"9",0,"8"
"354180155","GDAÑSK-ŒWIBNO","2018","09","12",26.0,"",16.2,"",19.2,"",16.0,"",.0,"9","",0,"9",.0,"9",5.3,"",.0,"9",.0,"9",.0,"9",.0,"9",.0,"9",.0,"9",.0,"9",.0,"9",.0,"9",.0,"9",.0,"9",.0,"9",.0,"9",.0,"9",.0,"9",.0,"9",0,"",0,"","R",0,"9",0,"9",0,"8"
"354180155","GDAÑSK-ŒWIBNO","2018","09","13",18.1,"",12.1,"",15.1,"",11.2,"",.0,"9","",0,"9",.0,"9",2.5,"",.0,"9",.0,"9",.0,"9",.0,"9",.0,"9",.0,"9",.0,"9",.0,"9",.0,"9",.0,"9",.0,"9",.0,"9",.0,"9",.0,"9",1.0,"",.0,"9",0,"",0,"","R",0,"9",0,"9",0,"8"
"354180155","GDAÑSK-ŒWIBNO","2018","09","14",20.2,"",9.6,"",14.2,"",7.4,"",.0,"9","",0,"9",.0,"9",4.0,"",.0,"9",.0,"9",.0,"9",.0,"9",3.4,"",1.5,"",.0,"9",.0,"9",.0,"9",.0,"9",.0,"9",.0,"9",.0,"9",.0,"9",4.2,"",.0,"9",0,"",0,"","R",0,"9",0,"9",0,"8"
"354180155","GDAÑSK-ŒWIBNO","2018","09","15",22.1,"",11.4,"",16.2,"",8.5,"",.0,"9","",0,"9",.0,"9",6.1,"",.0,"9",.0,"9",.0,"9",.0,"9",.0,"9",.0,"9",.0,"9",.0,"9",.0,"9",.0,"9",.0,"9",.0,"9",.0,"9",.0,"9",6.0,"",.0,"9",0,"",0,"","R",0,"9",0,"9",0,"8"
"354180155","GDAÑSK-ŒWIBNO","2018","09","16",19.0,"",9.1,"",14.2,"",7.0,"",.0,"9","",0,"9",.0,"9",5.7,"",.0,"9",.0,"9",.0,"9",.0,"9",.0,"9",.0,"9",.0,"9",.0,"9",.0,"9",.0,"9",.0,"9",.0,"9",.0,"9",.0,"9",7.0,"",.0,"9",0,"",0,"","R",0,"9",0,"9",0,"8"
"354180155","GDAÑSK-ŒWIBNO","2018","09","17",25.8,"",9.4,"",17.0,"",6.7,"",.0,"9","",0,"9",.0,"9",8.1,"",.0,"9",.0,"9",.0,"9",.0,"9",1.6,"",2.4,"",.0,"9",.0,"9",.0,"9",.0,"9",.0,"9",.0,"9",.0,"9",.0,"9",5.0,"",.0,"9",0,"",0,"","R",0,"9",0,"9",0,"8"
"354180155","GDAÑSK-ŒWIBNO","2018","09","18",28.1,"",9.8,"",17.9,"",8.5,"",.0,"9","",0,"9",.0,"9",10.4,"",.0,"9",.0,"9",.0,"9",.0,"9",.3,"",3.3,"",.0,"9",.0,"9",.0,"9",.0,"9",.0,"9",.0,"9",.0,"9",.0,"9",.0,"9",.0,"9",0,"",0,"","R",0,"9",0,"9",0,"8"
"354180155","GDAÑSK-ŒWIBNO","2018","09","19",24.9,"",12.4,"",17.7,"",10.5,"",.0,"9","",0,"9",.0,"9",10.9,"",.0,"9",.0,"9",.0,"9",.0,"9",2.8,"",5.5,"",.0,"9",.0,"9",.0,"9",.0,"9",.0,"9",.0,"9",.0,"9",.0,"9",6.0,"",.0,"9",0,"",0,"","R",0,"9",0,"9",0,"8"
"354180155","GDAÑSK-ŒWIBNO","2018","09","20",30.0,"",12.5,"",19.8,"",11.5,"",.0,"9","",0,"9",.0,"9",10.5,"",.0,"9",.0,"9",.0,"9",.0,"9",2.1,"",3.3,"",.0,"9",.0,"9",.0,"9",.0,"9",.0,"9",.0,"9",.0,"9",.0,"9",2.0,"",.0,"9",0,"",0,"","R",0,"9",0,"9",0,"8"
"354180155","GDAÑSK-ŒWIBNO","2018","09","21",29.6,"",14.3,"",21.1,"",12.2,"",4.2,"","W",0,"9",.0,"9",10.0,"",3.3,"",.0,"9",.0,"9",.0,"9",.0,"9",.0,"9",.0,"9",.0,"9",.0,"9",.0,"9",.0,"9",4.8,"",.0,"9",.0,"9",6.0,"",.0,"9",0,"",0,"","R",0,"9",0,"9",0,"8"
"354180155","GDAÑSK-ŒWIBNO","2018","09","22",24.5,"",10.9,"",13.0,"",9.6,"",1.8,"","W",0,"9",.0,"9",7.8,"",1.3,"",.0,"9",.0,"9",.0,"9",.0,"9",.0,"9",.0,"9",.0,"9",.0,"9",.0,"9",.0,"9",.0,"9",.0,"9",.0,"9",.0,"9",.0,"9",0,"",0,"","R",0,"9",0,"9",0,"8"
"354180155","GDAÑSK-ŒWIBNO","2018","09","23",15.3,"",8.8,"",11.6,"",7.2,"",.9,"","W",0,"9",.0,"9",4.8,"",3.2,"",.0,"9",.0,"9",.0,"9",.0,"9",.0,"9",.0,"9",.0,"9",.0,"9",.0,"9",.0,"9",.0,"9",.0,"9",.0,"9",.0,"9",.0,"9",0,"",0,"","R",0,"9",0,"9",0,"8"
"354180155","GDAÑSK-ŒWIBNO","2018","09","24",14.7,"",8.6,"",10.3,"",7.5,"",2.7,"","W",0,"9",.0,"9",5.0,"",4.4,"",.0,"9",.0,"9",.0,"9",.0,"9",.0,"9",.0,"9",.0,"9",.0,"9",.0,"9",.0,"9",.0,"9",.0,"9",.2,"",.0,"9",.0,"9",0,"",0,"","R",0,"9",0,"9",0,"8"
"354180155","GDAÑSK-ŒWIBNO","2018","09","25",13.2,"",7.7,"",10.1,"",5.5,"",.0,"9","",0,"9",.0,"9",9.1,"",.0,"9",.0,"9",.0,"9",.0,"9",.0,"9",.0,"9",.0,"9",.0,"9",.0,"9",.0,"9",.0,"9",.0,"9",.0,"9",.0,"9",.0,"9",.0,"9",0,"",0,"","R",0,"9",0,"9",0,"8"
"354180155","GDAÑSK-ŒWIBNO","2018","09","26",12.8,"",4.0,"",9.8,"",1.9,"",2.0,"","W",0,"9",.0,"9",1.6,"",3.9,"",.0,"9",.0,"9",.0,"9",.0,"9",.0,"9",.0,"9",.0,"9",.0,"9",.0,"9",.0,"9",.0,"9",.0,"9",.0,"9",.0,"9",.0,"9",0,"",0,"","R",0,"9",0,"9",0,"8"
"354180155","GDAÑSK-ŒWIBNO","2018","09","27",19.6,"",12.8,"",16.2,"",11.9,"",.2,"","W",0,"9",.0,"9",6.2,"",1.1,"",.0,"9",.0,"9",.0,"9",.0,"9",.0,"9",.0,"9",.0,"9",.0,"9",.0,"9",.0,"9",.0,"9",.0,"9",.0,"9",.0,"9",.0,"9",0,"",0,"","R",0,"9",0,"9",0,"8"
"354180155","GDAÑSK-ŒWIBNO","2018","09","28",16.7,"",11.6,"",13.3,"",10.7,"",.1,"","W",0,"9",.0,"9",7.3,"",1.8,"",.0,"9",.0,"9",.0,"9",.0,"9",.0,"9",.0,"9",.0,"9",.0,"9",.0,"9",.0,"9",.0,"9",.0,"9",.0,"9",.0,"9",.0,"9",0,"",0,"","R",0,"9",0,"9",0,"8"
"354180155","GDAÑSK-ŒWIBNO","2018","09","29",15.6,"",2.4,"",9.7,"",.5,"",.0,"9","",0,"9",.0,"9",9.5,"",.0,"9",.0,"9",.0,"9",.0,"9",.0,"9",.0,"9",.0,"9",.0,"9",.0,"9",.0,"9",.0,"9",.0,"9",.0,"9",.0,"9",1.0,"",.0,"9",0,"",0,"","R",0,"9",0,"9",0,"8"
"354180155","GDAÑSK-ŒWIBNO","2018","09","30",16.9,"",3.5,"",9.7,"",1.8,"",.0,"9","",0,"9",.0,"9",5.1,"",.0,"9",.0,"9",.0,"9",.0,"9",.0,"9",.0,"9",.0,"9",.0,"9",.0,"9",.0,"9",.0,"9",.0,"9",.0,"9",.0,"9",8.0,"",.0,"9",0,"",0,"","R",0,"9",0,"9",0,"8"
"354180155","GDAÑSK-ŒWIBNO","2018","10","01",17.1,"",2.2,"",10.2,"",.7,"",.0,"9","",0,"9",.0,"9",8.9,"",.0,"9",.0,"9",.0,"9",.0,"9",.0,"9",.0,"9",.0,"9",.0,"9",.0,"9",.0,"9",.0,"9",.0,"9",.0,"9",.0,"9",8.0,"",.0,"9",0,"",0,"","R",0,"9",0,"9",0,"8"
"354180155","GDAÑSK-ŒWIBNO","2018","10","02",13.6,"",7.7,"",9.9,"",6.3,"",3.1,"","W",0,"9",.0,"9",4.1,"",2.0,"",.0,"9",.0,"9",.0,"9",.0,"9",.0,"9",.0,"9",.0,"9",.0,"9",.0,"9",.0,"9",.0,"9",.0,"9",.0,"9",.0,"9",.0,"9",0,"",0,"","R",0,"9",0,"9",0,"8"
"354180155","GDAÑSK-ŒWIBNO","2018","10","03",11.5,"",7.6,"",9.0,"",7.1,"",.5,"","W",0,"9",.0,"9",1.8,"",5.6,"",.0,"9",.0,"9",.0,"9",.0,"9",.0,"9",.0,"9",.0,"9",.0,"9",.0,"9",.0,"9",1.7,"",.0,"9",.0,"9",.0,"9",.0,"9",0,"",0,"","R",0,"9",0,"9",0,"8"
"354180155","GDAÑSK-ŒWIBNO","2018","10","04",14.5,"",3.3,"",9.5,"",1.5,"",.0,"","W",0,"9",.0,"9",6.7,"",.0,"9",.0,"9",.0,"9",.0,"9",.0,"9",.0,"9",.0,"9",.0,"9",.0,"9",.0,"9",.0,"9",.0,"9",.0,"9",.0,"9",.0,"9",.0,"9",0,"",0,"","R",0,"9",0,"9",0,"8"
"354180155","GDAÑSK-ŒWIBNO","2018","10","05",18.2,"",9.9,"",13.8,"",9.0,"",.0,"9","",0,"9",.0,"9",1.8,"",.3,"",.0,"9",.0,"9",.0,"9",.0,"9",.0,"9",.0,"9",.0,"9",.0,"9",.0,"9",.0,"9",.0,"9",.0,"9",.0,"9",.0,"9",.0,"9",0,"",0,"","R",0,"9",0,"9",0,"8"
"354180155","GDAÑSK-ŒWIBNO","2018","10","06",19.3,"",6.3,"",12.0,"",4.2,"",.0,"9","",0,"9",.0,"9",10.0,"",.0,"9",.0,"9",.0,"9",.0,"9",.0,"9",1.3,"",.0,"9",.0,"9",.0,"9",.0,"9",.0,"9",.0,"9",.0,"9",.0,"9",7.0,"",.0,"9",0,"",0,"","R",0,"9",0,"9",0,"8"
"354180155","GDAÑSK-ŒWIBNO","2018","10","07",18.0,"",7.6,"",11.1,"",5.9,"",2.4,"","W",0,"9",.0,"9",1.3,"",4.0,"",.0,"9",.0,"9",.0,"9",.0,"9",4.0,"",.0,"9",.0,"9",.0,"9",.0,"9",.0,"9",.0,"9",.0,"9",.0,"9",.0,"9",.0,"9",0,"",0,"","R",0,"9",0,"9",0,"8"
"354180155","GDAÑSK-ŒWIBNO","2018","10","08",13.7,"",8.2,"",10.4,"",7.5,"",.0,"9","",0,"9",.0,"9",4.3,"",.0,"9",.0,"9",.0,"9",.0,"9",.0,"9",.0,"9",.0,"9",.0,"9",.0,"9",.0,"9",.0,"9",.0,"9",.0,"9",.0,"9",.0,"9",.0,"9",0,"",0,"","R",0,"9",0,"9",0,"8"
"354180155","GDAÑSK-ŒWIBNO","2018","10","09",17.5,"",4.8,"",10.7,"",2.9,"",.0,"9","",0,"9",.0,"9",9.2,"",.0,"9",.0,"9",.0,"9",.0,"9",.0,"9",7.0,"",.0,"9",.0,"9",.0,"9",.0,"9",.0,"9",.0,"9",.0,"9",.0,"9",.0,"9",.0,"9",0,"",0,"","R",0,"9",0,"9",0,"8"
"354180155","GDAÑSK-ŒWIBNO","2018","10","10",20.3,"",6.1,"",12.5,"",3.7,"",.0,"9","",0,"9",.0,"9",9.8,"",.0,"9",.0,"9",.0,"9",.0,"9",3.3,"",12.5,"",.0,"9",.0,"9",.0,"9",.0,"9",.0,"9",.0,"9",.0,"9",.0,"9",2.8,"",.0,"9",0,"",0,"","R",0,"9",0,"9",0,"8"
"354180155","GDAÑSK-ŒWIBNO","2018","10","11",19.9,"",6.9,"",13.1,"",3.2,"",.0,"9","",0,"9",.0,"9",9.6,"",.0,"9",.0,"9",.0,"9",.0,"9",2.3,"",7.2,"",.0,"9",.0,"9",.0,"9",.0,"9",.0,"9",.0,"9",.0,"9",.0,"9",.0,"9",.0,"9",0,"",0,"","R",0,"9",0,"9",0,"8"
"354180155","GDAÑSK-ŒWIBNO","2018","10","12",21.1,"",8.4,"",13.7,"",6.2,"",.0,"9","",0,"9",.0,"9",9.8,"",.0,"9",.0,"9",.0,"9",.0,"9",.0,"9",5.5,"",.0,"9",.0,"9",.0,"9",.0,"9",.0,"9",.0,"9",.0,"9",.0,"9",3.0,"",.0,"9",0,"",0,"","R",0,"9",0,"9",0,"8"
"354180155","GDAÑSK-ŒWIBNO","2018","10","13",22.1,"",7.4,"",13.6,"",4.9,"",.0,"9","",0,"9",.0,"9",9.4,"",.0,"9",.0,"9",.0,"9",.0,"9",1.5,"",13.8,"",.0,"9",.0,"9",.0,"9",.0,"9",.8,"",.0,"9",.0,"9",.0,"9",4.3,"",.0,"9",0,"",0,"","R",0,"9",0,"9",0,"8"
"354180155","GDAÑSK-ŒWIBNO","2018","10","14",21.9,"",7.7,"",14.0,"",5.8,"",.0,"9","",0,"9",.0,"9",9.7,"",.0,"9",.0,"9",.0,"9",.0,"9",.0,"9",8.3,"",.0,"9",.0,"9",.0,"9",.0,"9",.0,"9",.0,"9",.0,"9",.0,"9",7.0,"",.0,"9",0,"",0,"","R",0,"9",0,"9",0,"8"
"354180155","GDAÑSK-ŒWIBNO","2018","10","15",21.3,"",9.0,"",14.1,"",7.7,"",.0,"9","",0,"9",.0,"9",9.7,"",.0,"9",.0,"9",.0,"9",.0,"9",.0,"9",.1,"",.0,"9",.0,"9",.0,"9",.0,"9",.0,"9",.0,"9",.0,"9",.0,"9",7.0,"",.0,"9",0,"",0,"","R",0,"9",0,"9",0,"8"
"354180155","GDAÑSK-ŒWIBNO","2018","10","16",20.3,"",7.4,"",12.4,"",4.9,"",.0,"9","",0,"9",.0,"9",9.0,"",.0,"9",.0,"9",.0,"9",.0,"9",.0,"9",4.8,"",.0,"9",.0,"9",.0,"9",.0,"9",.0,"9",.0,"9",.0,"9",.0,"9",7.0,"",.0,"9",0,"",0,"","R",0,"9",0,"9",0,"8"
"354180155","GDAÑSK-ŒWIBNO","2018","10","17",19.7,"",6.0,"",11.8,"",3.2,"",.0,"9","",0,"9",.0,"9",9.0,"",.0,"9",.0,"9",.0,"9",.0,"9",.0,"9",14.0,"",.0,"9",.0,"9",.0,"9",.0,"9",.0,"9",.0,"9",.0,"9",.0,"9",8.0,"",.0,"9",0,"",0,"","R",0,"9",0,"9",0,"8"
"354180155","GDAÑSK-ŒWIBNO","2018","10","18",20.4,"",6.8,"",12.2,"",4.1,"",.0,"","W",0,"9",.0,"9",7.7,"",.6,"",.0,"9",.0,"9",.0,"9",.0,"9",18.5,"",.0,"9",.0,"9",.0,"9",.0,"9",1.9,"",.0,"9",.0,"9",.0,"9",7.0,"",.0,"9",0,"",0,"","R",0,"9",0,"9",0,"8"
"354180155","GDAÑSK-ŒWIBNO","2018","10","19",14.1,"",7.2,"",11.2,"",4.5,"",.0,"9","",0,"9",.0,"9",9.2,"",.7,"",.0,"9",.0,"9",.0,"9",.0,"9",3.8,"",.0,"9",.0,"9",.0,"9",.0,"9",.0,"9",.0,"9",.0,"9",.0,"9",.0,"9",.0,"9",0,"",0,"","R",0,"9",0,"9",0,"8"
"354180155","GDAÑSK-ŒWIBNO","2018","10","20",13.5,"",2.4,"",7.9,"",.1,"",.2,"","W",0,"9",.0,"9",1.6,"",1.1,"",.0,"9",.0,"9",.0,"9",1.1,"",7.4,"",.0,"9",.0,"9",.0,"9",.0,"9",.0,"9",.0,"9",.0,"9",.0,"9",.0,"9",.0,"9",0,"",0,"","R",0,"9",0,"9",0,"8"
"354180155","GDAÑSK-ŒWIBNO","2018","10","21",15.3,"",3.9,"",8.8,"",1.3,"",.0,"9","",0,"9",.0,"9",7.4,"",.0,"9",.0,"9",.0,"9",.0,"9",.2,"",3.6,"",.0,"9",.0,"9",.0,"9",.0,"9",.0,"9",.0,"9",.0,"9",.0,"9",.0,"9",.0,"9",0,"",0,"","R",0,"9",0,"9",0,"8"
"354180155","GDAÑSK-ŒWIBNO","2018","10","22",10.6,"",5.7,"",8.2,"",3.4,"",4.0,"","W",0,"9",.0,"9",.5,"",4.1,"",.0,"9",.0,"9",.0,"9",.0,"9",2.3,"",.0,"9",.0,"9",.0,"9",.0,"9",.0,"9",.0,"9",.0,"9",.0,"9",.0,"9",.0,"9",0,"",0,"","R",0,"9",0,"9",0,"8"
"354180155","GDAÑSK-ŒWIBNO","2018","10","23",10.4,"",3.6,"",7.4,"",.8,"",17.6,"","S",0,"9",.0,"9",.0,"9",11.6,"",.0,"9",.0,"9",.0,"9",.0,"9",.0,"9",.0,"9",.0,"9",.0,"9",.0,"9",.0,"9",.7,"",.0,"9",.0,"9",.0,"9",.0,"9",0,"",0,"","R",0,"9",0,"9",0,"8"
"354180155","GDAÑSK-ŒWIBNO","2018","10","24",10.1,"",5.5,"",7.7,"",3.4,"",.3,"","W",0,"9",.0,"9",1.2,"",3.3,"",.2,"",.0,"9",.0,"9",.0,"9",.0,"9",.0,"9",.0,"9",.0,"9",.0,"9",.0,"9",12.2,"",.0,"9",.0,"9",.0,"9",.0,"9",0,"",0,"","R",0,"9",0,"9",0,"8"
"354180155","GDAÑSK-ŒWIBNO","2018","10","25",11.9,"",3.9,"",7.9,"",2.8,"",5.4,"","W",0,"9",.0,"9",.4,"",5.0,"",.0,"9",.0,"9",.0,"9",.0,"9",.0,"9",.0,"9",.0,"9",.0,"9",.0,"9",.0,"9",.0,"9",.0,"9",.0,"9",.0,"9",.0,"9",0,"",0,"","R",0,"9",0,"9",0,"8"
"354180155","GDAÑSK-ŒWIBNO","2018","10","26",11.4,"",4.9,"",8.2,"",3.1,"",.6,"","W",0,"9",.0,"9",1.1,"",1.4,"",.0,"9",.0,"9",.0,"9",.0,"9",.0,"9",.0,"9",.0,"9",.0,"9",.0,"9",.0,"9",.0,"9",.0,"9",.0,"9",.0,"9",.0,"9",0,"",0,"","R",0,"9",0,"9",0,"8"
"354180155","GDAÑSK-ŒWIBNO","2018","10","27",11.0,"",7.2,"",8.7,"",6.8,"",.2,"","W",0,"9",.0,"9",4.1,"",2.7,"",.0,"9",.0,"9",.0,"9",.0,"9",.0,"9",.0,"9",.0,"9",.0,"9",.0,"9",.0,"9",.5,"",.0,"9",.0,"9",.0,"9",.0,"9",0,"",0,"","R",0,"9",0,"9",0,"8"
"354180155","GDAÑSK-ŒWIBNO","2018","10","28",9.2,"",5.8,"",6.9,"",4.8,"",3.2,"","W",0,"9",.0,"9",1.4,"",2.3,"",.0,"9",.0,"9",.0,"9",.0,"9",.0,"9",.0,"9",.0,"9",.0,"9",.0,"9",.0,"9",.0,"9",.0,"9",.0,"9",.0,"9",.0,"9",0,"",0,"","R",0,"9",0,"9",0,"8"
"354180155","GDAÑSK-ŒWIBNO","2018","10","29",6.4,"",3.5,"",4.1,"",3.4,"",.2,"","W",0,"9",.0,"9",.0,"9",6.1,"",.0,"9",.0,"9",.0,"9",.0,"9",.0,"9",.0,"9",.0,"9",.0,"9",.0,"9",.0,"9",1.2,"",.0,"9",.0,"9",.0,"9",.0,"9",0,"",0,"","R",0,"9",0,"9",0,"8"
"354180155","GDAÑSK-ŒWIBNO","2018","10","30",18.1,"",4.0,"",13.7,"",3.9,"",.0,"","W",0,"9",.0,"9",2.4,"",.3,"",.0,"9",.0,"9",.0,"9",.0,"9",.0,"9",.0,"9",.0,"9",.0,"9",.0,"9",.0,"9",4.0,"",.0,"9",.0,"9",.0,"9",.0,"9",0,"",0,"","R",0,"9",0,"9",0,"8"
"354180155","GDAÑSK-ŒWIBNO","2018","10","31",16.7,"",6.1,"",9.7,"",2.4,"",.0,"9","",0,"9",.0,"9",8.5,"",.0,"9",.0,"9",.0,"9",.0,"9",.0,"9",.0,"9",.0,"9",.0,"9",.0,"9",.0,"9",.0,"9",.0,"9",.0,"9",.0,"9",.0,"9",.0,"9",0,"",0,"","R",0,"9",0,"9",0,"8"
"354180155","GDAÑSK-ŒWIBNO","2018","11","01",13.7,"",4.2,"",9.1,"",1.1,"",.0,"9","",0,"9",.0,"9",4.7,"",.0,"9",.0,"9",.0,"9",.0,"9",.0,"9",4.8,"",.0,"9",.0,"9",.0,"9",.0,"9",.0,"9",.0,"9",.0,"9",.0,"9",5.0,"",.0,"9",0,"",0,"","R",0,"9",0,"9",0,"8"
"354180155","GDAÑSK-ŒWIBNO","2018","11","02",13.6,"",9.0,"",10.7,"",7.2,"",.0,"","W",0,"9",.0,"9",4.6,"",.0,"9",.0,"9",.0,"9",.0,"9",.0,"9",2.7,"",.0,"9",.0,"9",.0,"9",.0,"9",.0,"9",.0,"9",.0,"9",.0,"9",8.0,"",.0,"9",0,"",0,"","R",0,"9",0,"9",0,"8"
"354180155","GDAÑSK-ŒWIBNO","2018","11","03",11.3,"",5.9,"",7.9,"",1.8,"",.1,"","W",0,"9",.0,"9",2.5,"",3.5,"",.0,"9",.0,"9",.0,"9",5.3,"",1.3,"",.0,"9",.0,"9",.0,"9",.0,"9",.0,"9",.0,"9",.0,"9",.0,"9",.0,"9",.0,"9",0,"",0,"","R",0,"9",0,"9",0,"8"
"354180155","GDAÑSK-ŒWIBNO","2018","11","04",9.9,"",1.4,"",6.6,"",.0,"",.0,"","W",0,"9",.0,"9",.0,"9",7.1,"",.0,"9",.0,"9",.0,"9",3.8,"",11.2,"",.0,"9",.0,"9",.0,"9",.0,"9",.0,"9",.0,"9",.0,"9",.0,"9",.0,"9",.0,"9",0,"",0,"","R",0,"9",0,"9",0,"8"
"354180155","GDAÑSK-ŒWIBNO","2018","11","05",12.4,"",8.0,"",10.5,"",6.6,"",.0,"","W",0,"9",.0,"9",.0,"9",3.5,"",.0,"9",.0,"9",.0,"9",.0,"9",21.3,"",.0,"9",.0,"9",.0,"9",.0,"9",.0,"9",.0,"9",.0,"9",.0,"9",.0,"9",.0,"9",0,"",0,"","R",0,"9",0,"9",0,"8"
"354180155","GDAÑSK-ŒWIBNO","2018","11","06",16.0,"",8.1,"",11.1,"",7.1,"",.0,"9","",0,"9",.0,"9",7.8,"",.0,"9",.0,"9",.0,"9",.0,"9",1.4,"",7.9,"",.0,"9",.0,"9",.0,"9",.0,"9",.0,"9",.0,"9",.0,"9",.0,"9",.0,"9",.0,"9",0,"",0,"","R",0,"9",0,"9",0,"8"
"354180155","GDAÑSK-ŒWIBNO","2018","11","07",12.4,"",6.0,"",8.3,"",3.8,"",.0,"9","",0,"9",.0,"9",5.0,"",.0,"9",.0,"9",.0,"9",.0,"9",.0,"9",23.7,"",.0,"9",.0,"9",.0,"9",.0,"9",.0,"9",.0,"9",.0,"9",.0,"9",12.0,"",.0,"9",0,"",0,"","R",0,"9",0,"9",0,"8"
"354180155","GDAÑSK-ŒWIBNO","2018","11","08",10.9,"",3.9,"",7.1,"",1.7,"",.0,"","W",0,"9",.0,"9",6.3,"",.0,"9",.0,"9",.0,"9",.0,"9",11.1,"",12.9,"",.0,"9",.0,"9",.0,"9",.0,"9",.0,"9",.0,"9",.0,"9",.0,"9",1.8,"",.0,"9",0,"",0,"","R",0,"9",0,"9",0,"8"
"354180155","GDAÑSK-ŒWIBNO","2018","11","09",9.4,"",5.6,"",8.4,"",3.8,"",.0,"","W",0,"9",.0,"9",.0,"9",10.6,"",.0,"9",.0,"9",.0,"9",12.5,"",11.5,"",.0,"9",.0,"9",.0,"9",.0,"9",.0,"9",.0,"9",.0,"9",.0,"9",.0,"9",.0,"9",0,"",0,"","R",0,"9",0,"9",0,"8"
"354180155","GDAÑSK-ŒWIBNO","2018","11","10",9.9,"",7.9,"",8.9,"",7.6,"",.0,"9","",0,"9",.0,"9",.0,"9",.5,"",.0,"9",.0,"9",.0,"9",1.9,"",22.1,"",.0,"9",.0,"9",.0,"9",.0,"9",.0,"9",.0,"9",.0,"9",.0,"9",.0,"9",.0,"9",0,"",0,"","R",0,"9",0,"9",0,"8"
"354180155","GDAÑSK-ŒWIBNO","2018","11","11",8.7,"",6.4,"",7.5,"",6.4,"",.0,"","W",0,"9",.0,"9",.0,"9",1.3,"",.0,"9",.0,"9",.0,"9",.0,"9",24.0,"",.0,"9",.0,"9",.0,"9",.0,"9",.0,"9",.0,"9",.0,"9",.0,"9",.0,"9",.0,"9",0,"",0,"","R",0,"9",0,"9",0,"8"
"354180155","GDAÑSK-ŒWIBNO","2018","11","12",10.4,"",7.1,"",8.7,"",6.8,"",.0,"","W",0,"9",.0,"9",.1,"",.5,"",.0,"9",.0,"9",.0,"9",.0,"9",24.0,"",.0,"9",.0,"9",.0,"9",.0,"9",.0,"9",.0,"9",.0,"9",.0,"9",.0,"9",.0,"9",0,"",0,"","R",0,"9",0,"9",0,"8"
"354180155","GDAÑSK-ŒWIBNO","2018","11","13",10.8,"",8.5,"",9.2,"",7.4,"",20.5,"","W",0,"9",.0,"9",.0,"9",12.0,"",.0,"9",.0,"9",.0,"9",.4,"",21.2,"",.0,"9",.0,"9",.0,"9",.0,"9",.0,"9",.0,"9",.0,"9",.0,"9",.0,"9",.0,"9",0,"",0,"","R",0,"9",0,"9",0,"8"
"354180155","GDAÑSK-ŒWIBNO","2018","11","14",11.0,"",7.2,"",8.8,"",5.5,"",.7,"","W",0,"9",.0,"9",.7,"",3.4,"",.0,"9",.0,"9",.0,"9",.0,"9",1.0,"",.0,"9",.0,"9",.0,"9",.0,"9",.0,"9",.0,"9",.0,"9",.0,"9",.0,"9",.0,"9",0,"",0,"","R",0,"9",0,"9",0,"8"
"354180155","GDAÑSK-ŒWIBNO","2018","11","15",10.2,"",7.9,"",8.5,"",7.2,"",.0,"9","",0,"9",.0,"9",.0,"9",.0,"9",.0,"9",.0,"9",.0,"9",.0,"9",7.3,"",.0,"9",.0,"9",.0,"9",.0,"9",.0,"9",.0,"9",.0,"9",.0,"9",3.0,"",.0,"9",0,"",0,"","R",0,"9",0,"9",0,"8"
"354180155","GDAÑSK-ŒWIBNO","2018","11","16",8.7,"",.3,"",3.6,"",-1.1,"",.0,"9","",0,"9",.0,"9",2.1,"",.0,"9",.0,"9",.0,"9",.0,"9",5.5,"",1.6,"",.0,"9",.0,"9",.0,"9",.0,"9",.0,"9",.0,"9",.0,"9",.0,"9",2.3,"",.0,"9",0,"",0,"","R",0,"9",0,"9",0,"8"
"354180155","GDAÑSK-ŒWIBNO","2018","11","17",4.9,"",-.1,"",1.7,"",-2.7,"",.0,"9","",0,"9",.0,"9",6.3,"",.0,"9",.0,"9",.0,"9",.0,"9",2.3,"",10.6,"",.0,"9",.0,"9",.0,"9",.0,"9",.0,"9",.0,"9",.0,"9",.0,"9",.0,"9",8.6,"",0,"",0,"","Z",1,"",0,"9",0,"8"
"354180155","GDAÑSK-ŒWIBNO","2018","11","18",9.2,"",-1.0,"",5.5,"",-2.8,"",.9,"","W",0,"9",.0,"9",.3,"",3.0,"",.0,"9",.0,"9",.0,"9",.0,"9",4.2,"",.0,"9",.0,"9",.0,"9",.0,"9",.0,"9",.0,"9",.0,"9",.0,"9",.0,"9",.0,"9",0,"",0,"","R",0,"9",0,"9",0,"8"
"354180155","GDAÑSK-ŒWIBNO","2018","11","19",7.1,"",4.5,"",5.0,"",3.8,"",.0,"9","",0,"9",.0,"9",.0,"9",.0,"9",.0,"9",.0,"9",.0,"9",.0,"9",.0,"9",.0,"9",.0,"9",.0,"9",.0,"9",.0,"9",.0,"9",.0,"9",.0,"9",.0,"9",.0,"9",0,"",0,"","R",0,"9",0,"9",0,"8"
"354180155","GDAÑSK-ŒWIBNO","2018","11","20",4.8,"",2.7,"",3.3,"",1.4,"",.0,"9","",0,"9",.0,"9",.0,"9",.0,"9",.0,"9",.0,"9",.0,"9",.0,"9",.0,"9",.0,"9",.0,"9",.0,"9",.0,"9",.0,"9",.0,"9",.0,"9",.0,"9",.0,"9",.0,"9",0,"",0,"","R",0,"9",0,"9",0,"8"
"354180155","GDAÑSK-ŒWIBNO","2018","11","21",2.9,"",.5,"",.8,"",-1.4,"",.0,"9","",0,"9",.0,"9",.0,"9",.0,"9",.0,"9",.0,"9",.0,"9",.0,"9",.0,"9",.0,"9",.0,"9",.0,"9",.0,"9",.0,"9",.0,"9",.0,"9",.0,"9",.0,"9",.0,"9",0,"",0,"","Z",1,"",0,"9",0,"8"
"354180155","GDAÑSK-ŒWIBNO","2018","11","22",.7,"",-1.0,"",-.6,"",-1.1,"",.0,"9","",0,"9",.0,"9",.0,"9",.0,"9",.0,"9",.0,"9",.0,"9",.0,"9",.0,"9",.0,"9",.0,"9",.0,"9",.0,"9",.0,"9",.0,"9",.0,"9",.0,"9",.0,"9",.0,"9",0,"",0,"","Z",1,"",0,"9",0,"8"
"354180155","GDAÑSK-ŒWIBNO","2018","11","23",-.6,"",-2.6,"",-1.4,"",-2.3,"",.0,"9","",0,"9",.0,"9",.0,"9",.0,"9",.0,"9",.0,"9",.0,"9",.0,"9",20.3,"",.0,"9",.0,"9",.0,"9",.0,"9",.0,"9",.0,"9",.0,"9",.0,"9",.0,"9",.0,"9",0,"",0,"","Z",1,"",0,"9",0,"8"
"354180155","GDAÑSK-ŒWIBNO","2018","11","24",1.6,"",-.6,"",.9,"",-.5,"",.0,"9","",0,"9",.0,"9",.0,"9",.0,"9",.0,"9",.0,"9",.0,"9",.0,"9",24.0,"",.0,"9",.0,"9",.0,"9",.0,"9",.0,"9",.0,"9",.0,"9",.0,"9",.0,"9",.0,"9",0,"",0,"","Z",1,"",0,"9",0,"8"
"354180155","GDAÑSK-ŒWIBNO","2018","11","25",4.8,"",.6,"",2.3,"",-.2,"",.0,"","W",0,"9",.0,"9",.3,"",3.7,"",.0,"9",.0,"9",.0,"9",.0,"9",24.0,"",.0,"9",.0,"9",.0,"9",.0,"9",.0,"9",.0,"9",.0,"9",.0,"9",.0,"9",.0,"9",0,"",0,"","Z",1,"",0,"9",0,"8"
"354180155","GDAÑSK-ŒWIBNO","2018","11","26",2.9,"",-1.1,"",1.2,"",-4.0,"",.0,"","W",0,"9",.0,"9",6.4,"",.7,"",.0,"9",.0,"9",.0,"9",.0,"9",12.8,"",.0,"9",.0,"9",.0,"9",.0,"9",.0,"9",.0,"9",.0,"9",.0,"9",.0,"9",.0,"9",0,"",0,"","Z",1,"",0,"9",0,"8"
"354180155","GDAÑSK-ŒWIBNO","2018","11","27",5.2,"",.6,"",3.6,"",-.1,"",2.3,"","S",0,"9",.0,"9",1.7,"",2.7,"",1.3,"",.0,"9",.0,"9",.0,"9",.0,"9",.0,"9",.0,"9",.0,"9",.0,"9",.0,"9",.0,"9",.0,"9",.0,"9",.0,"9",.0,"9",0,"",0,"","R",0,"9",0,"9",0,"8"
"354180155","GDAÑSK-ŒWIBNO","2018","11","28",4.3,"",-4.1,"",-2.5,"",-5.1,"",.0,"9","",1,"",.0,"9",.0,"9",.0,"9",.7,"",.9,"",.0,"9",12.6,"",5.0,"",15.7,"",.0,"9",.0,"9",.0,"9",.0,"9",.0,"9",.0,"9",.0,"9",.0,"9",.0,"9",1,"",0,"","Z",1,"",0,"9",0,"8"
"354180155","GDAÑSK-ŒWIBNO","2018","11","29",-1.3,"",-4.3,"",-3.0,"",-4.9,"",.0,"9","",1,"",.0,"9",6.3,"",.0,"9",.0,"9",.0,"9",.0,"9",.0,"9",4.5,"",4.3,"",.0,"9",.0,"9",.0,"9",.0,"9",16.8,"",.0,"9",.0,"9",.0,"9",.0,"9",1,"",0,"","Z",6,"",0,"9",0,"8"
"354180155","GDAÑSK-ŒWIBNO","2018","11","30",-.8,"",-4.4,"",-3.2,"",-5.1,"",.0,"9","",1,"",.0,"9",6.0,"",.0,"9",.0,"9",.0,"9",.0,"9",.0,"9",.0,"9",.0,"9",.0,"9",.0,"9",.0,"9",.0,"9",18.8,"",.0,"9",.0,"9",.0,"9",.0,"9",1,"",0,"","Z",10,"",0,"9",0,"8"
"354180155","GDAÑSK-ŒWIBNO","2018","12","01",-3.0,"",-8.4,"",-5.2,"",-8.9,"",.0,"","S",1,"",.0,"9",5.7,"",.0,"9",.2,"",.0,"9",.0,"9",.0,"9",10.4,"",.0,"9",.0,"9",.0,"9",.0,"9",.0,"9",.0,"9",.0,"9",.0,"9",.0,"9",.0,"9",1,"",0,"","",19,"",0,"9",0,"8"
"354180155","GDAÑSK-ŒWIBNO","2018","12","02",3.5,"",-3.2,"",.5,"",-3.1,"",3.0,"","W",1,"",.0,"9",2.4,"",3.3,"",.0,"9",.0,"9",.0,"9",2.5,"",21.5,"",.0,"9",.0,"9",.0,"9",.0,"9",.0,"9",.0,"9",.0,"9",.0,"9",.0,"9",.0,"9",1,"",0,"","Z",22,"",0,"9",0,"8"
"354180155","GDAÑSK-ŒWIBNO","2018","12","03",6.3,"",.5,"",4.1,"",-.1,"",6.0,"","W",0,"9",.0,"9",.0,"9",8.6,"",.0,"9",.0,"9",.0,"9",5.6,"",18.4,"",.0,"9",.0,"9",.0,"9",.0,"9",.0,"9",.0,"9",.0,"9",.0,"9",.0,"9",.0,"9",0,"",0,"","R",22,"",4,"",0,"8"
"354180155","GDAÑSK-ŒWIBNO","2018","12","04",7.6,"",3.3,"",5.9,"",1.7,"",1.0,"","W",0,"9",.0,"9",.5,"",1.3,"",.0,"9",.0,"9",.0,"9",1.1,"",8.0,"",.0,"9",.0,"9",.0,"9",.0,"9",.0,"9",.3,"",.0,"9",.0,"9",.0,"9",.0,"9",0,"",0,"","R",0,"9",0,"9",0,"8"
"354180155","GDAÑSK-ŒWIBNO","2018","12","05",5.5,"",-.5,"",1.8,"",-2.9,"",.0,"9","",0,"9",.0,"9",4.4,"",.0,"",.0,"9",.0,"9",.0,"9",.0,"9",.0,"9",.0,"9",.0,"9",.0,"9",.0,"9",.0,"9",.0,"9",.0,"9",.0,"9",.0,"9",.0,"9",0,"",0,"","Z",1,"",0,"9",0,"8"
"354180155","GDAÑSK-ŒWIBNO","2018","12","06",1.5,"",-1.7,"",.1,"",-3.7,"",3.3,"","S",0,"9",.0,"9",.0,"9",.0,"9",.0,"9",5.8,"",.0,"9",5.3,"",17.4,"",6.2,"",.0,"9",.0,"9",.0,"9",.0,"9",.0,"9",.0,"9",.0,"9",.0,"9",.0,"9",0,"",0,"","Z",1,"",0,"9",0,"8"
"354180155","GDAÑSK-ŒWIBNO","2018","12","07",8.8,"",.8,"",5.7,"",.0,"",7.6,"","W",0,"9",.0,"9",.5,"",10.8,"",.0,"9",.7,"",.0,"9",.0,"9",18.4,"",.0,"9",.0,"9",.0,"9",.0,"9",.0,"9",.0,"9",.0,"9",.0,"9",.0,"9",.0,"9",0,"",0,"","R",0,"9",0,"9",0,"8"
"354180155","GDAÑSK-ŒWIBNO","2018","12","08",9.1,"",6.1,"",7.3,"",5.2,"",.0,"9","",0,"9",.0,"9",.8,"",2.3,"",.0,"9",.0,"9",.0,"9",.0,"9",2.3,"",.0,"9",.0,"9",.0,"9",.0,"9",.0,"9",.0,"9",.0,"9",.0,"9",.0,"9",.0,"9",0,"",0,"","R",0,"9",0,"9",0,"8"
"354180155","GDAÑSK-ŒWIBNO","2018","12","09",6.9,"",4.3,"",5.6,"",3.1,"",1.5,"","W",0,"9",.0,"9",.0,"9",3.5,"",.0,"9",.0,"9",.0,"9",.0,"9",2.4,"",.0,"9",.0,"9",.0,"9",.0,"9",.0,"9",.0,"9",.0,"9",.0,"9",.0,"9",.0,"9",0,"",0,"","R",0,"9",0,"9",0,"8"
"354180155","GDAÑSK-ŒWIBNO","2018","12","10",5.7,"",1.0,"",3.6,"",-.5,"",1.2,"","W",0,"9",.0,"9",3.8,"",1.4,"",.0,"9",.0,"9",.0,"9",.0,"9",.0,"9",.0,"9",.0,"9",.0,"9",.0,"9",.0,"9",.0,"9",.0,"9",.0,"9",.0,"9",.0,"9",0,"",0,"","R",0,"9",0,"9",0,"8"
"354180155","GDAÑSK-ŒWIBNO","2018","12","11",3.4,"",.7,"",2.7,"",-1.5,"",.0,"","W",0,"9",.0,"9",.0,"9",5.5,"",.0,"9",.0,"9",.0,"9",.0,"9",8.7,"",.0,"9",.0,"9",.0,"9",.0,"9",.0,"9",.0,"9",.0,"9",.0,"9",.0,"9",.0,"9",0,"",0,"","R",0,"9",0,"9",0,"8"
"354180155","GDAÑSK-ŒWIBNO","2018","12","12",4.1,"",.4,"",2.5,"",-1.4,"",1.2,"","S",0,"9",.0,"9",.5,"",.8,"",.0,"9",.7,"",.0,"9",.0,"9",2.1,"",.0,"9",.0,"9",.0,"9",.0,"9",.0,"9",.0,"9",.0,"9",.0,"9",.0,"9",.0,"9",0,"",0,"","R",0,"9",0,"9",0,"8"
"354180155","GDAÑSK-ŒWIBNO","2018","12","13",3.2,"",-.5,"",.1,"",-.8,"",.2,"","S",0,"",.0,"9",.0,"9",.0,"9",7.2,"",.0,"9",.0,"9",.0,"9",.0,"9",.0,"9",.0,"9",.0,"9",.0,"9",.0,"9",.0,"9",.0,"9",.0,"9",.0,"9",.0,"9",0,"",0,"","R",0,"9",0,"9",0,"8"
"354180155","GDAÑSK-ŒWIBNO","2018","12","14",.7,"",-.9,"",.1,"",-1.3,"",.1,"","S",0,"",.0,"9",.0,"9",.0,"9",4.1,"",.0,"9",.0,"9",.0,"9",.0,"9",.0,"9",.0,"9",.0,"9",.0,"9",.0,"9",.0,"9",.0,"9",.0,"9",.0,"9",.0,"9",0,"",0,"","Z",1,"",0,"9",0,"8"
"354180155","GDAÑSK-ŒWIBNO","2018","12","15",.8,"",.1,"",.4,"",-.4,"",.3,"","S",0,"",.0,"9",.0,"9",.0,"9",10.7,"",.0,"9",.0,"9",.0,"9",10.3,"",.0,"9",.0,"9",.0,"9",.0,"9",.0,"9",.0,"9",.0,"9",.0,"9",.0,"9",.0,"9",0,"",0,"","Z",1,"",0,"9",0,"8"
"354180155","GDAÑSK-ŒWIBNO","2018","12","16",.5,"",-1.0,"",-.4,"",-1.7,"",.5,"","S",0,"",.0,"9",.0,"9",.0,"9",9.1,"",.0,"9",.0,"9",.0,"9",11.8,"",.0,"9",.0,"9",.0,"9",.0,"9",.0,"9",.0,"9",.0,"9",.0,"9",.0,"9",.0,"9",0,"",0,"","Z",1,"",0,"9",0,"8"
"354180155","GDAÑSK-ŒWIBNO","2018","12","17",-.6,"",-3.2,"",-1.4,"",-6.8,"",.0,"9","",2,"",.0,"9",.0,"9",.0,"9",.0,"9",.0,"9",.0,"9",.0,"9",24.0,"",.0,"9",.0,"9",.0,"9",.0,"9",.0,"9",.0,"9",.0,"9",.0,"9",.0,"9",.0,"9",1,"",0,"","Z",1,"",0,"9",0,"8"
"354180155","GDAÑSK-ŒWIBNO","2018","12","18",-.8,"",-1.7,"",-1.1,"",-2.1,"",.1,"","S",2,"",.0,"9",.0,"9",.0,"9",.0,"9",.0,"9",.0,"9",.0,"9",24.0,"",.0,"9",.0,"9",.0,"9",.0,"9",.0,"9",.0,"9",.0,"9",.0,"9",.0,"9",.0,"9",1,"",0,"","Z",1,"",0,"9",0,"8"
"354180155","GDAÑSK-ŒWIBNO","2018","12","19",1.1,"",-1.4,"",-.6,"",-1.5,"",.0,"","S",2,"",.0,"9",.6,"",.0,"9",.7,"",.0,"9",.0,"9",.0,"9",24.0,"",.0,"9",.0,"9",.0,"9",.0,"9",.0,"9",.0,"9",.0,"9",.0,"9",.0,"9",.0,"9",1,"",0,"","",1,"",0,"9",0,"8"
"354180155","GDAÑSK-ŒWIBNO","2018","12","20",-1.4,"",-2.6,"",-2.0,"",-2.6,"",2.6,"","S",1,"",.0,"9",.0,"9",.0,"9",17.4,"",.0,"9",.0,"9",.0,"9",24.0,"",.0,"9",.0,"9",.0,"9",.0,"9",.0,"9",.0,"9",.0,"9",.0,"9",.0,"9",.0,"9",1,"",0,"","Z",1,"",0,"9",0,"8"
"354180155","GDAÑSK-ŒWIBNO","2018","12","21",1.1,"",-1.7,"",.2,"",-1.9,"",2.3,"","W",6,"",1.3,"",.0,"9",2.8,"",1.6,"",.0,"9",.0,"9",14.0,"",10.1,"",.0,"9",.0,"9",.0,"9",.0,"9",.0,"9",.0,"9",.0,"9",.0,"9",.0,"9",.0,"9",1,"",0,"","Z",1,"",0,"9",0,"8"
"354180155","GDAÑSK-ŒWIBNO","2018","12","22",4.0,"",.9,"",2.2,"",.4,"",4.3,"","W",2,"",.0,"9",.0,"9",14.3,"",.0,"9",.0,"9",.0,"9",.0,"9",12.5,"",.0,"9",.0,"9",.0,"9",.0,"9",.0,"9",.0,"9",.0,"9",.0,"9",.0,"9",.0,"9",1,"",0,"","R",0,"9",0,"9",0,"8"
"354180155","GDAÑSK-ŒWIBNO","2018","12","23",4.3,"",.1,"",1.5,"",-.1,"",4.8,"","S",0,"9",.0,"9",.0,"9",3.2,"",4.9,"",1.6,"",.0,"9",.0,"9",6.3,"",.0,"9",.0,"9",.0,"9",.0,"9",.0,"9",.0,"9",.0,"9",.0,"9",.0,"9",.0,"9",0,"",0,"","R",0,"9",0,"9",0,"8"
"354180155","GDAÑSK-ŒWIBNO","2018","12","24",2.3,"",.2,"",1.1,"",-.1,"",1.5,"","S",3,"",.0,"9",.1,"",.0,"9",8.5,"",.0,"9",.0,"9",.0,"9",.0,"9",.0,"9",.0,"9",.0,"9",.0,"9",.0,"9",.0,"9",.0,"9",.0,"9",.0,"9",.0,"9",1,"",0,"","R",0,"9",0,"9",0,"8"
"354180155","GDAÑSK-ŒWIBNO","2018","12","25",4.9,"",-1.0,"",2.0,"",-1.2,"",1.1,"","W",2,"",.0,"9",.0,"9",2.1,"",.0,"9",.0,"9",.0,"9",.0,"9",2.5,"",.0,"9",.0,"9",.0,"9",.0,"9",.0,"9",.0,"9",.0,"9",.0,"9",.0,"9",.0,"9",1,"",0,"","R",0,"9",0,"9",0,"8"
"354180155","GDAÑSK-ŒWIBNO","2018","12","26",6.4,"",3.7,"",4.7,"",2.4,"",1.1,"","W",0,"9",.0,"9",4.5,"",.0,"9",.0,"9",.0,"9",.0,"9",.0,"9",.0,"9",.0,"9",.0,"9",.0,"9",.0,"9",.0,"9",.0,"9",.0,"9",.0,"9",.0,"9",.0,"9",0,"",0,"","R",0,"9",0,"9",0,"8"
"354180155","GDAÑSK-ŒWIBNO","2018","12","27",7.7,"",.4,"",5.7,"",-1.0,"",2.8,"","W",0,"9",.0,"9",.0,"9",10.5,"",.0,"9",.0,"9",.0,"9",.0,"9",5.1,"",.0,"9",.0,"9",.0,"9",.0,"9",.0,"9",.0,"9",.0,"9",.0,"9",.0,"9",.0,"9",0,"",0,"","R",0,"9",0,"9",0,"8"
"354180155","GDAÑSK-ŒWIBNO","2018","12","28",7.9,"",4.9,"",5.8,"",4.1,"",.0,"9","",0,"9",.0,"9",1.8,"",2.8,"",.0,"9",.0,"9",.0,"9",.0,"9",.0,"9",.0,"9",.0,"9",.0,"9",.0,"9",.0,"9",.0,"9",.0,"9",.0,"9",.0,"9",.0,"9",0,"",0,"","R",0,"9",0,"9",0,"8"
"354180155","GDAÑSK-ŒWIBNO","2018","12","29",6.6,"",4.1,"",5.3,"",3.6,"",.0,"","W",0,"9",.0,"9",.3,"",.8,"",.0,"9",.0,"9",.0,"9",.0,"9",.7,"",.0,"9",.0,"9",.0,"9",.0,"9",.0,"9",.0,"9",.0,"9",.0,"9",.0,"9",.0,"9",0,"",0,"","R",0,"9",0,"9",0,"8"
"354180155","GDAÑSK-ŒWIBNO","2018","12","30",6.1,"",4.0,"",5.0,"",3.0,"",6.6,"","W",0,"9",.0,"9",.0,"9",12.6,"",.0,"9",.0,"9",.0,"9",.0,"9",15.8,"",.0,"9",.0,"9",.0,"9",.0,"9",.0,"9",.0,"9",.0,"9",.0,"9",.0,"9",.0,"9",0,"",0,"","R",0,"9",0,"9",0,"8"
"354180155","GDAÑSK-ŒWIBNO","2018","12","31",4.8,"",-.1,"",3.1,"",-1.9,"",.8,"","W",0,"9",.0,"9",1.5,"",2.4,"",.0,"9",.0,"9",.0,"9",.0,"9",.0,"9",.0,"9",.0,"9",.0,"9",.0,"9",.0,"9",.0,"9",.0,"9",.0,"9",.0,"9",.0,"9",0,"",0,"","R",0,"9",0,"9",0,"8"
