"354180155","GDAÑSK-ŒWIBNO","2019","01","01",7.4,"",6.8,"",5.3,"",7.7,"",86.4,"",1004.1,"",1005.2,"",2.5,"",5.1,""
"354180155","GDAÑSK-ŒWIBNO","2019","01","02",7.0,"",9.6,"",1.9,"",5.6,"",79.1,"",1009.5,"",1010.6,"",2.2,"",2.6,""
"354180155","GDAÑSK-ŒWIBNO","2019","01","03",6.5,"",8.1,"",.6,"",4.0,"",63.4,"",1023.5,"",1024.6,"",.0,"",.1,""
"354180155","GDAÑSK-ŒWIBNO","2019","01","04",7.6,"",3.3,"",.4,"",5.3,"",83.6,"",1019.5,"",1020.6,"",.2,"",2.7,""
"354180155","GDAÑSK-ŒWIBNO","2019","01","05",6.9,"",6.0,"",3.3,"",6.7,"",85.8,"",1012.6,"",1013.7,"",.4,"",.1,""
"354180155","GDAÑSK-ŒWIBNO","2019","01","06",7.1,"",4.6,"",-.8,"",4.2,"",72.9,"",1023.9,"",1025.0,"",.0,"",.4,""
"354180155","GDAÑSK-ŒWIBNO","2019","01","07",7.9,"",4.1,"",-.4,"",5.2,"",87.3,"",1022.7,"",1023.8,"",.3,"",1.0,""
"354180155","GDAÑSK-ŒWIBNO","2019","01","08",8.0,"",6.4,"",.8,"",6.2,"",95.0,"",998.4,"",999.5,"",.0,"",.0,""
"354180155","GDAÑSK-ŒWIBNO","2019","01","09",8.0,"",3.4,"",.6,"",5.8,"",91.1,"",1002.9,"",1004.0,"",.5,"",.1,""
"354180155","GDAÑSK-ŒWIBNO","2019","01","10",7.5,"",2.9,"",-1.6,"",4.7,"",86.8,"",1017.2,"",1018.4,"",.0,"",.0,""
"354180155","GDAÑSK-ŒWIBNO","2019","01","11",6.9,"",4.5,"",-.9,"",5.3,"",91.3,"",1010.5,"",1011.7,"",.7,"",.0,""
"354180155","GDAÑSK-ŒWIBNO","2019","01","12",5.3,"",3.9,"",1.2,"",5.8,"",86.8,"",1003.0,"",1004.1,"",.0,"",.2,""
"354180155","GDAÑSK-ŒWIBNO","2019","01","13",6.9,"",4.0,"",3.4,"",7.3,"",93.0,"",987.4,"",988.5,"",.1,"",1.7,""
"354180155","GDAÑSK-ŒWIBNO","2019","01","14",6.3,"",7.3,"",2.2,"",5.1,"",69.8,"",985.1,"",986.2,"",.0,"",.1,""
"354180155","GDAÑSK-ŒWIBNO","2019","01","15",3.8,"",6.8,"",2.2,"",4.8,"",68.0,"",996.1,"",997.2,"",.6,"",1.2,""
"354180155","GDAÑSK-ŒWIBNO","2019","01","16",6.9,"",4.3,"",3.3,"",7.0,"",89.8,"",999.6,"",1000.7,"",.3,"",.0,""
"354180155","GDAÑSK-ŒWIBNO","2019","01","17",7.1,"",5.1,"",4.4,"",6.9,"",81.9,"",994.0,"",995.1,"",.0,"",1.6,""
"354180155","GDAÑSK-ŒWIBNO","2019","01","18",4.4,"",5.8,"",.6,"",5.0,"",77.8,"",1006.2,"",1007.3,"",.0,"",.0,""
"354180155","GDAÑSK-ŒWIBNO","2019","01","19",4.0,"",4.3,"",-.7,"",5.0,"",84.9,"",1016.7,"",1017.8,"",.0,"",.0,""
"354180155","GDAÑSK-ŒWIBNO","2019","01","20",5.4,"",4.0,"",-.5,"",4.9,"",82.5,"",1016.8,"",1018.0,"",.1,"",.0,""
"354180155","GDAÑSK-ŒWIBNO","2019","01","21",5.9,"",3.3,"",-2.2,"",4.7,"",89.3,"",1018.2,"",1019.3,"",.0,"",.0,""
"354180155","GDAÑSK-ŒWIBNO","2019","01","22",5.6,"",5.1,"",-4.3,"",3.9,"",87.1,"",1014.2,"",1015.3,"",.0,"",.0,""
"354180155","GDAÑSK-ŒWIBNO","2019","01","23",.0,"",3.1,"",-6.1,"",3.2,"",82.3,"",1010.7,"",1011.9,"",.0,"",.0,""
"354180155","GDAÑSK-ŒWIBNO","2019","01","24",1.0,"",3.0,"",-7.8,"",2.9,"",83.8,"",1015.9,"",1017.1,"",.0,"",.0,""
"354180155","GDAÑSK-ŒWIBNO","2019","01","25",6.3,"",2.4,"",-6.4,"",3.1,"",82.3,"",1013.3,"",1014.5,"",.2,"",.0,""
"354180155","GDAÑSK-ŒWIBNO","2019","01","26",7.9,"",3.0,"",-4.3,"",3.8,"",85.0,"",1004.0,"",1005.1,"",.0,"",.0,""
"354180155","GDAÑSK-ŒWIBNO","2019","01","27",8.0,"",7.4,"",-1.8,"",4.9,"",90.5,"",995.3,"",996.4,"",.4,"",.4,""
"354180155","GDAÑSK-ŒWIBNO","2019","01","28",7.4,"",5.8,"",.6,"",5.7,"",89.6,"",992.0,"",993.1,"",.0,"",3.2,""
"354180155","GDAÑSK-ŒWIBNO","2019","01","29",7.6,"",2.9,"",.1,"",5.6,"",91.6,"",997.8,"",998.9,"",.2,"",.0,""
"354180155","GDAÑSK-ŒWIBNO","2019","01","30",4.5,"",3.5,"",-1.4,"",4.8,"",85.6,"",1005.0,"",1006.1,"",.0,"",.2,""
"354180155","GDAÑSK-ŒWIBNO","2019","01","31",7.8,"",3.1,"",-.4,"",5.5,"",92.0,"",1004.3,"",1005.4,"",.8,"",.0,""
"354180155","GDAÑSK-ŒWIBNO","2019","02","01",7.4,"",3.9,"",-1.7,"",5.1,"",93.8,"",1002.8,"",1003.9,"",.0,"",2.5,""
"354180155","GDAÑSK-ŒWIBNO","2019","02","02",7.9,"",3.1,"",1.4,"",6.3,"",92.4,"",997.7,"",998.8,"",.5,"",.0,""
"354180155","GDAÑSK-ŒWIBNO","2019","02","03",8.0,"",3.0,"",2.1,"",6.3,"",88.3,"",1008.0,"",1009.1,"",.0,"",2.1,""
"354180155","GDAÑSK-ŒWIBNO","2019","02","04",5.8,"",3.9,"",.8,"",5.2,"",81.1,"",1022.4,"",1023.5,"",.0,"",.0,""
"354180155","GDAÑSK-ŒWIBNO","2019","02","05",6.9,"",6.5,"",.0,"",5.2,"",84.5,"",1022.5,"",1023.6,"",.0,"",.5,""
"354180155","GDAÑSK-ŒWIBNO","2019","02","06",7.0,"",3.6,"",2.0,"",6.2,"",88.4,"",1022.1,"",1023.2,"",.2,"",1.2,""
"354180155","GDAÑSK-ŒWIBNO","2019","02","07",7.4,"",6.0,"",.8,"",5.2,"",81.0,"",1013.3,"",1014.4,"",.0,"",.0,""
"354180155","GDAÑSK-ŒWIBNO","2019","02","08",4.6,"",4.5,"",2.8,"",6.1,"",81.6,"",1011.6,"",1012.7,"",.0,"",.0,""
"354180155","GDAÑSK-ŒWIBNO","2019","02","09",6.1,"",6.6,"",3.0,"",6.3,"",83.4,"",1004.4,"",1005.5,"",.0,"",.2,""
"354180155","GDAÑSK-ŒWIBNO","2019","02","10",5.5,"",6.6,"",4.6,"",7.1,"",84.1,"",999.5,"",1000.6,"",1.5,"",.4,""
"354180155","GDAÑSK-ŒWIBNO","2019","02","11",7.1,"",5.4,"",4.1,"",7.2,"",87.1,"",995.5,"",996.6,"",1.8,"",.1,""
"354180155","GDAÑSK-ŒWIBNO","2019","02","12",4.6,"",6.3,"",1.8,"",5.2,"",74.5,"",1016.9,"",1018.0,"",.0,"",.0,""
"354180155","GDAÑSK-ŒWIBNO","2019","02","13",3.9,"",6.1,"",4.2,"",6.8,"",82.5,"",1021.0,"",1022.1,"",.0,"",.0,""
"354180155","GDAÑSK-ŒWIBNO","2019","02","14",5.4,"",3.5,"",6.0,"",7.9,"",84.9,"",1029.3,"",1030.4,"",.0,"",.0,""
"354180155","GDAÑSK-ŒWIBNO","2019","02","15",7.0,"",3.4,"",4.7,"",7.6,"",88.1,"",1029.2,"",1030.3,"",.0,"",.0,""
"354180155","GDAÑSK-ŒWIBNO","2019","02","16",.4,"",3.5,"",3.1,"",6.5,"",84.8,"",1023.2,"",1024.3,"",.0,"",.0,""
"354180155","GDAÑSK-ŒWIBNO","2019","02","17",5.4,"",2.4,"",5.0,"",7.4,"",85.3,"",1021.2,"",1022.3,"",.0,"",.0,""
"354180155","GDAÑSK-ŒWIBNO","2019","02","18",5.3,"",3.6,"",4.0,"",7.7,"",93.9,"",1020.2,"",1021.3,"",.0,"",.0,""
"354180155","GDAÑSK-ŒWIBNO","2019","02","19",4.4,"",4.4,"",4.7,"",7.1,"",84.5,"",1009.7,"",1010.8,"",.0,"",1.1,""
"354180155","GDAÑSK-ŒWIBNO","2019","02","20",7.0,"",5.3,"",5.5,"",7.1,"",78.8,"",1012.7,"",1013.8,"",.5,"",.7,""
"354180155","GDAÑSK-ŒWIBNO","2019","02","21",7.8,"",3.6,"",1.7,"",6.3,"",91.3,"",1019.1,"",1020.2,"",5.1,"",.2,""
"354180155","GDAÑSK-ŒWIBNO","2019","02","22",.9,"",4.0,"",-1.7,"",3.0,"",54.6,"",1037.6,"",1038.8,"",.0,"",.0,""
"354180155","GDAÑSK-ŒWIBNO","2019","02","23",6.3,"",3.1,"",-1.8,"",3.6,"",68.8,"",1042.0,"",1043.2,"",.0,"",.0,""
"354180155","GDAÑSK-ŒWIBNO","2019","02","24",4.0,"",2.9,"",4.6,"",4.4,"",54.6,"",1033.0,"",1034.1,"",.0,"",.0,""
"354180155","GDAÑSK-ŒWIBNO","2019","02","25",4.6,"",3.1,"",3.4,"",6.8,"",87.1,"",1029.7,"",1030.8,"",.0,"",.0,""
"354180155","GDAÑSK-ŒWIBNO","2019","02","26",2.3,"",5.0,"",4.7,"",6.8,"",79.9,"",1026.2,"",1027.3,"",.0,"",.0,""
"354180155","GDAÑSK-ŒWIBNO","2019","02","27",1.6,"",4.0,"",6.0,"",6.2,"",68.6,"",1019.0,"",1020.1,"",.0,"",.0,""
"354180155","GDAÑSK-ŒWIBNO","2019","02","28",2.5,"",4.8,"",5.9,"",6.3,"",68.0,"",1003.2,"",1004.3,"",.0,"",.0,""
"354180155","GDAÑSK-ŒWIBNO","2019","03","01",5.4,"",4.4,"",1.9,"",5.0,"",70.6,"",1009.6,"",1010.7,"",.0,"",.0,""
"354180155","GDAÑSK-ŒWIBNO","2019","03","02",2.5,"",3.8,"",1.0,"",3.9,"",61.1,"",1013.1,"",1014.2,"",.0,"",.0,""
"354180155","GDAÑSK-ŒWIBNO","2019","03","03",7.4,"",4.1,"",5.0,"",7.5,"",84.6,"",1002.3,"",1003.4,"",.3,"",1.3,""
"354180155","GDAÑSK-ŒWIBNO","2019","03","04",6.3,"",5.3,"",8.7,"",9.4,"",83.8,"",989.6,"",990.7,"",1.9,"",.1,""
"354180155","GDAÑSK-ŒWIBNO","2019","03","05",7.6,"",7.8,"",5.1,"",7.2,"",82.4,"",991.6,"",992.7,"",5.0,"",1.9,""
"354180155","GDAÑSK-ŒWIBNO","2019","03","06",7.4,"",4.1,"",3.3,"",6.8,"",87.1,"",1009.5,"",1010.6,"",.0,"",.0,""
"354180155","GDAÑSK-ŒWIBNO","2019","03","07",7.4,"",6.8,"",7.7,"",7.4,"",70.5,"",997.8,"",998.9,"",.0,"",.0,""
"354180155","GDAÑSK-ŒWIBNO","2019","03","08",3.3,"",8.3,"",6.5,"",6.7,"",69.5,"",998.8,"",999.9,"",.4,"",.0,""
"354180155","GDAÑSK-ŒWIBNO","2019","03","09",5.5,"",5.8,"",4.4,"",6.6,"",78.3,"",1001.2,"",1002.3,"",2.6,"",4.9,""
"354180155","GDAÑSK-ŒWIBNO","2019","03","10",6.5,"",5.6,"",4.2,"",6.3,"",77.4,"",995.7,"",996.8,"",.9,"",.6,""
"354180155","GDAÑSK-ŒWIBNO","2019","03","11",3.9,"",4.6,"",2.1,"",4.9,"",69.8,"",1003.3,"",1004.4,"",.0,"",.1,""
"354180155","GDAÑSK-ŒWIBNO","2019","03","12",4.0,"",4.5,"",1.9,"",4.3,"",61.0,"",1012.6,"",1013.7,"",.0,"",.0,""
"354180155","GDAÑSK-ŒWIBNO","2019","03","13",6.3,"",6.1,"",4.5,"",6.0,"",72.6,"",1001.5,"",1002.6,"",.4,"",.1,""
"354180155","GDAÑSK-ŒWIBNO","2019","03","14",5.8,"",7.1,"",6.0,"",6.7,"",72.6,"",995.4,"",996.5,"",.1,"",.1,""
"354180155","GDAÑSK-ŒWIBNO","2019","03","15",7.4,"",4.5,"",5.4,"",7.7,"",86.5,"",991.8,"",992.9,"",.1,"",7.0,""
"354180155","GDAÑSK-ŒWIBNO","2019","03","16",6.5,"",6.0,"",4.8,"",7.1,"",82.9,"",995.1,"",996.2,"",1.0,"",.5,""
"354180155","GDAÑSK-ŒWIBNO","2019","03","17",7.3,"",4.9,"",7.9,"",8.5,"",80.1,"",998.1,"",999.2,"",.0,"",.1,""
"354180155","GDAÑSK-ŒWIBNO","2019","03","18",6.3,"",6.9,"",5.5,"",6.7,"",74.9,"",1004.5,"",1005.6,"",.0,"",.3,""
"354180155","GDAÑSK-ŒWIBNO","2019","03","19",2.8,"",4.0,"",3.8,"",5.7,"",71.8,"",1018.5,"",1019.6,"",.0,"",.0,""
"354180155","GDAÑSK-ŒWIBNO","2019","03","20",4.5,"",4.6,"",5.3,"",5.9,"",68.1,"",1027.4,"",1028.5,"",.0,"",.0,""
"354180155","GDAÑSK-ŒWIBNO","2019","03","21",6.8,"",5.5,"",8.5,"",8.9,"",80.9,"",1027.4,"",1028.5,"",.0,"",.0,""
"354180155","GDAÑSK-ŒWIBNO","2019","03","22",4.6,"",3.6,"",6.2,"",8.1,"",84.5,"",1030.8,"",1031.9,"",.0,"",.0,""
"354180155","GDAÑSK-ŒWIBNO","2019","03","23",4.6,"",4.8,"",7.2,"",8.1,"",78.3,"",1024.1,"",1025.2,"",.0,"",.0,""
"354180155","GDAÑSK-ŒWIBNO","2019","03","24",5.1,"",3.4,"",5.5,"",6.4,"",71.1,"",1021.0,"",1022.1,"",.0,"",.0,""
"354180155","GDAÑSK-ŒWIBNO","2019","03","25",6.4,"",2.5,"",3.2,"",6.2,"",81.5,"",1011.6,"",1012.7,"",.1,"",.0,""
"354180155","GDAÑSK-ŒWIBNO","2019","03","26",4.3,"",5.8,"",2.9,"",5.6,"",75.0,"",1015.5,"",1016.6,"",.5,"",.0,""
"354180155","GDAÑSK-ŒWIBNO","2019","03","27",4.4,"",3.8,"",4.8,"",6.5,"",75.0,"",1023.2,"",1024.4,"",.0,"",.0,""
"354180155","GDAÑSK-ŒWIBNO","2019","03","28",6.0,"",1.9,"",6.0,"",8.2,"",88.0,"",1027.9,"",1029.0,"",.0,"",.0,""
"354180155","GDAÑSK-ŒWIBNO","2019","03","29",4.5,"",5.3,"",9.6,"",8.6,"",74.1,"",1026.4,"",1027.5,"",.0,"",.0,""
"354180155","GDAÑSK-ŒWIBNO","2019","03","30",3.0,"",3.1,"",9.8,"",8.9,"",75.4,"",1019.7,"",1020.8,"",.0,"",.0,""
"354180155","GDAÑSK-ŒWIBNO","2019","03","31",3.0,"",4.5,"",6.8,"",6.8,"",69.6,"",1017.4,"",1018.5,"",.0,"",.0,""
"354180155","GDAÑSK-ŒWIBNO","2019","04","01",1.8,"",3.0,"",3.8,"",5.4,"",69.5,"",1028.1,"",1029.2,"",.0,"",.0,""
"354180155","GDAÑSK-ŒWIBNO","2019","04","02",.0,"",7.5,"",6.3,"",4.0,"",45.3,"",1022.0,"",1023.1,"",.0,"",.0,""
"354180155","GDAÑSK-ŒWIBNO","2019","04","03",2.5,"",7.8,"",9.3,"",4.7,"",41.0,"",1012.0,"",1013.1,"",.0,"",.0,""
"354180155","GDAÑSK-ŒWIBNO","2019","04","04",1.3,"",6.6,"",10.7,"",5.3,"",41.0,"",1007.8,"",1008.9,"",.0,"",.0,""
"354180155","GDAÑSK-ŒWIBNO","2019","04","05",.0,"",4.0,"",11.7,"",6.6,"",48.3,"",1009.7,"",1010.8,"",.0,"",.0,""
"354180155","GDAÑSK-ŒWIBNO","2019","04","06",.5,"",3.4,"",10.8,"",6.8,"",52.9,"",1012.0,"",1013.1,"",.0,"",.0,""
"354180155","GDAÑSK-ŒWIBNO","2019","04","07",.0,"",2.5,"",7.7,"",7.8,"",74.9,"",1008.7,"",1009.8,"",.0,"",.0,""
"354180155","GDAÑSK-ŒWIBNO","2019","04","08",4.5,"",4.9,"",4.9,"",7.4,"",84.8,"",1011.5,"",1012.6,"",.0,"",.0,""
"354180155","GDAÑSK-ŒWIBNO","2019","04","09",4.1,"",4.5,"",3.4,"",5.0,"",64.6,"",1015.7,"",1016.8,"",.0,"",.0,""
"354180155","GDAÑSK-ŒWIBNO","2019","04","10",6.4,"",4.3,"",3.2,"",5.1,"",66.5,"",1018.6,"",1019.7,"",.0,"",1.2,""
"354180155","GDAÑSK-ŒWIBNO","2019","04","11",7.0,"",4.8,"",2.5,"",5.7,"",78.5,"",1023.4,"",1024.5,"",1.1,"",.0,""
"354180155","GDAÑSK-ŒWIBNO","2019","04","12",4.9,"",6.3,"",3.2,"",5.3,"",68.3,"",1026.2,"",1027.3,"",.0,"",.0,""
"354180155","GDAÑSK-ŒWIBNO","2019","04","13",1.5,"",5.8,"",3.1,"",5.6,"",72.8,"",1026.1,"",1027.2,"",.0,"",.0,""
"354180155","GDAÑSK-ŒWIBNO","2019","04","14",3.1,"",6.1,"",5.4,"",6.4,"",71.3,"",1027.6,"",1028.7,"",.0,"",.0,""
"354180155","GDAÑSK-ŒWIBNO","2019","04","15",1.8,"",4.4,"",5.3,"",6.8,"",76.5,"",1028.9,"",1030.0,"",.0,"",.0,""
"354180155","GDAÑSK-ŒWIBNO","2019","04","16",3.5,"",4.8,"",6.3,"",5.6,"",58.0,"",1027.7,"",1028.8,"",.0,"",.0,""
"354180155","GDAÑSK-ŒWIBNO","2019","04","17",.1,"",4.5,"",7.8,"",7.7,"",73.5,"",1028.7,"",1029.8,"",.0,"",.0,""
"354180155","GDAÑSK-ŒWIBNO","2019","04","18",.1,"",3.6,"",8.5,"",8.1,"",73.9,"",1032.4,"",1033.5,"",.0,"",.0,""
"354180155","GDAÑSK-ŒWIBNO","2019","04","19",.0,"",3.8,"",7.7,"",7.7,"",74.5,"",1033.7,"",1034.8,"",.0,"",.0,""
"354180155","GDAÑSK-ŒWIBNO","2019","04","20",3.4,"",3.5,"",8.6,"",7.8,"",70.5,"",1030.2,"",1031.3,"",.0,"",.0,""
"354180155","GDAÑSK-ŒWIBNO","2019","04","21",.9,"",3.4,"",8.4,"",7.4,"",68.5,"",1022.3,"",1023.4,"",.0,"",.0,""
"354180155","GDAÑSK-ŒWIBNO","2019","04","22",1.0,"",3.9,"",11.6,"",9.0,"",67.4,"",1022.5,"",1023.6,"",.0,"",.0,""
"354180155","GDAÑSK-ŒWIBNO","2019","04","23",.3,"",8.3,"",14.5,"",5.8,"",37.9,"",1020.9,"",1022.0,"",.0,"",.0,""
"354180155","GDAÑSK-ŒWIBNO","2019","04","24",3.6,"",9.0,"",16.0,"",7.9,"",42.6,"",1014.7,"",1015.8,"",.0,"",.0,""
"354180155","GDAÑSK-ŒWIBNO","2019","04","25",2.5,"",4.9,"",18.5,"",11.9,"",57.0,"",1012.4,"",1013.5,"",.0,"",.0,""
"354180155","GDAÑSK-ŒWIBNO","2019","04","26",1.5,"",2.5,"",17.8,"",13.4,"",66.6,"",1009.3,"",1010.4,"",.0,"",.0,""
"354180155","GDAÑSK-ŒWIBNO","2019","04","27",5.9,"",2.8,"",13.5,"",11.9,"",77.1,"",1006.4,"",1007.5,"",.0,"",7.2,""
"354180155","GDAÑSK-ŒWIBNO","2019","04","28",7.4,"",2.6,"",10.6,"",11.6,"",90.8,"",1011.5,"",1012.6,"",1.0,"",.6,""
"354180155","GDAÑSK-ŒWIBNO","2019","04","29",1.5,"",5.3,"",9.5,"",9.4,"",80.1,"",1015.2,"",1016.3,"",.0,"",.0,""
"354180155","GDAÑSK-ŒWIBNO","2019","04","30",2.1,"",4.0,"",9.3,"",9.3,"",80.3,"",1014.7,"",1015.8,"",.0,"",.0,""
"354180155","GDAÑSK-ŒWIBNO","2019","05","01",4.0,"",3.4,"",9.8,"",8.0,"",67.3,"",1007.2,"",1008.3,"",.0,"",.0,""
"354180155","GDAÑSK-ŒWIBNO","2019","05","02",7.4,"",7.1,"",10.1,"",8.9,"",72.3,"",997.1,"",998.2,"",.0,"",.0,""
"354180155","GDAÑSK-ŒWIBNO","2019","05","03",5.1,"",3.8,"",7.1,"",7.3,"",71.9,"",1001.5,"",1002.6,"",.0,"",.0,""
"354180155","GDAÑSK-ŒWIBNO","2019","05","04",6.1,"",4.1,"",7.0,"",6.6,"",68.1,"",1003.8,"",1004.9,"",.0,"",.0,""
"354180155","GDAÑSK-ŒWIBNO","2019","05","05",3.1,"",2.8,"",6.1,"",6.6,"",71.8,"",1012.1,"",1013.2,"",.0,"",.0,""
"354180155","GDAÑSK-ŒWIBNO","2019","05","06",3.1,"",2.9,"",7.1,"",6.6,"",68.0,"",1013.4,"",1014.5,"",.0,"",.0,""
"354180155","GDAÑSK-ŒWIBNO","2019","05","07",3.0,"",2.6,"",7.7,"",7.0,"",68.3,"",1014.0,"",1015.1,"",.0,"",.0,""
"354180155","GDAÑSK-ŒWIBNO","2019","05","08",3.6,"",4.8,"",9.3,"",6.3,"",57.5,"",1013.0,"",1014.1,"",.0,"",.0,""
"354180155","GDAÑSK-ŒWIBNO","2019","05","09",7.5,"",6.5,"",12.0,"",8.4,"",60.8,"",1004.4,"",1005.5,"",.1,"",.2,""
"354180155","GDAÑSK-ŒWIBNO","2019","05","10",5.8,"",3.0,"",12.1,"",11.4,"",81.4,"",1005.2,"",1006.3,"",.0,"",.0,""
"354180155","GDAÑSK-ŒWIBNO","2019","05","11",4.6,"",3.3,"",10.4,"",10.3,"",81.3,"",1011.6,"",1012.7,"",.0,"",.0,""
"354180155","GDAÑSK-ŒWIBNO","2019","05","12",7.0,"",1.6,"",8.1,"",9.3,"",86.5,"",1023.0,"",1024.1,"",8.7,"",.0,""
"354180155","GDAÑSK-ŒWIBNO","2019","05","13",5.9,"",4.8,"",8.5,"",8.4,"",75.5,"",1029.7,"",1030.8,"",.0,"",2.5,""
"354180155","GDAÑSK-ŒWIBNO","2019","05","14",5.9,"",6.6,"",8.1,"",7.8,"",72.1,"",1029.7,"",1030.8,"",.0,"",.0,""
"354180155","GDAÑSK-ŒWIBNO","2019","05","15",7.4,"",6.6,"",9.0,"",9.5,"",82.8,"",1023.4,"",1024.5,"",3.0,"",4.6,""
"354180155","GDAÑSK-ŒWIBNO","2019","05","16",7.0,"",5.5,"",12.6,"",12.2,"",83.6,"",1016.3,"",1017.4,"",.0,"",3.9,""
"354180155","GDAÑSK-ŒWIBNO","2019","05","17",6.8,"",4.3,"",13.5,"",14.3,"",92.4,"",1012.0,"",1013.1,"",4.3,"",.1,""
"354180155","GDAÑSK-ŒWIBNO","2019","05","18",6.3,"",2.3,"",12.3,"",13.9,"",97.1,"",1011.2,"",1012.3,"",3.5,"",.0,""
"354180155","GDAÑSK-ŒWIBNO","2019","05","19",5.9,"",2.5,"",15.4,"",16.4,"",93.8,"",1008.4,"",1009.5,"",4.1,"",.1,""
"354180155","GDAÑSK-ŒWIBNO","2019","05","20",4.6,"",3.1,"",19.0,"",17.8,"",82.0,"",1005.1,"",1006.1,"",.0,"",.0,""
"354180155","GDAÑSK-ŒWIBNO","2019","05","21",5.0,"",3.8,"",17.3,"",16.8,"",85.8,"",1004.6,"",1005.7,"",.1,"",.0,""
"354180155","GDAÑSK-ŒWIBNO","2019","05","22",3.3,"",3.1,"",16.1,"",16.2,"",89.1,"",1006.5,"",1007.6,"",.0,"",.0,""
"354180155","GDAÑSK-ŒWIBNO","2019","05","23",6.8,"",3.9,"",13.5,"",12.7,"",81.9,"",1012.2,"",1013.3,"",.0,"",.0,""
"354180155","GDAÑSK-ŒWIBNO","2019","05","24",4.8,"",2.9,"",14.3,"",11.3,"",70.6,"",1011.8,"",1012.9,"",.0,"",.0,""
"354180155","GDAÑSK-ŒWIBNO","2019","05","25",5.9,"",3.5,"",13.1,"",10.3,"",69.0,"",1010.1,"",1011.2,"",.0,"",.0,""
"354180155","GDAÑSK-ŒWIBNO","2019","05","26",5.8,"",4.3,"",13.0,"",10.7,"",72.4,"",1008.4,"",1009.5,"",.0,"",.0,""
"354180155","GDAÑSK-ŒWIBNO","2019","05","27",7.0,"",3.3,"",15.8,"",13.4,"",75.1,"",1005.6,"",1006.7,"",.0,"",1.1,""
"354180155","GDAÑSK-ŒWIBNO","2019","05","28",7.8,"",3.8,"",12.0,"",12.4,"",88.5,"",1004.8,"",1005.9,"",6.3,"",.7,""
"354180155","GDAÑSK-ŒWIBNO","2019","05","29",3.4,"",4.4,"",11.3,"",8.9,"",66.9,"",1016.0,"",1017.1,"",.0,"",.0,""
"354180155","GDAÑSK-ŒWIBNO","2019","05","30",2.0,"",3.0,"",12.3,"",7.7,"",57.9,"",1022.9,"",1024.0,"",.0,"",.0,""
"354180155","GDAÑSK-ŒWIBNO","2019","05","31",5.8,"",2.8,"",15.5,"",13.3,"",74.4,"",1019.6,"",1020.7,"",.1,"",.0,""
"354180155","GDAÑSK-ŒWIBNO","2019","06","01",4.1,"",3.0,"",15.9,"",14.5,"",81.1,"",1019.4,"",1020.4,"",2.4,"",.0,""
"354180155","GDAÑSK-ŒWIBNO","2019","06","02",2.9,"",2.6,"",15.3,"",13.2,"",76.9,"",1018.2,"",1019.3,"",.0,"",.0,""
"354180155","GDAÑSK-ŒWIBNO","2019","06","03",.8,"",4.9,"",20.2,"",16.6,"",71.4,"",1016.1,"",1017.2,"",.0,"",.0,""
"354180155","GDAÑSK-ŒWIBNO","2019","06","04",.9,"",3.6,"",22.2,"",16.7,"",64.9,"",1013.3,"",1014.3,"",.0,"",.0,""
"354180155","GDAÑSK-ŒWIBNO","2019","06","05",.9,"",4.0,"",23.9,"",18.4,"",64.1,"",1012.6,"",1013.7,"",.0,"",.0,""
"354180155","GDAÑSK-ŒWIBNO","2019","06","06",3.1,"",5.4,"",23.3,"",18.4,"",66.4,"",1011.7,"",1012.7,"",.0,"",.0,""
"354180155","GDAÑSK-ŒWIBNO","2019","06","07",5.4,"",3.3,"",18.7,"",18.9,"",88.0,"",1013.1,"",1014.2,"",.0,"",.0,""
"354180155","GDAÑSK-ŒWIBNO","2019","06","08",5.6,"",2.8,"",17.9,"",18.0,"",88.8,"",1016.8,"",1017.8,"",12.8,"",.0,""
"354180155","GDAÑSK-ŒWIBNO","2019","06","09",2.0,"",3.1,"",18.7,"",13.0,"",64.3,"",1023.9,"",1025.0,"",.0,"",.0,""
"354180155","GDAÑSK-ŒWIBNO","2019","06","10",6.4,"",4.1,"",20.5,"",16.0,"",68.0,"",1018.1,"",1019.2,"",.0,"",27.1,""
"354180155","GDAÑSK-ŒWIBNO","2019","06","11",3.3,"",3.9,"",24.6,"",22.7,"",75.0,"",1011.8,"",1012.8,"",.0,"",.0,""
"354180155","GDAÑSK-ŒWIBNO","2019","06","12",1.3,"",4.3,"",25.9,"",23.1,"",70.5,"",1010.1,"",1011.1,"",.0,"",.0,""
"354180155","GDAÑSK-ŒWIBNO","2019","06","13",6.9,"",3.0,"",19.8,"",20.1,"",87.5,"",1012.4,"",1013.5,"",15.5,"",.0,""
"354180155","GDAÑSK-ŒWIBNO","2019","06","14",3.5,"",2.9,"",19.2,"",15.8,"",72.3,"",1019.0,"",1020.1,"",.0,"",.0,""
"354180155","GDAÑSK-ŒWIBNO","2019","06","15",3.8,"",3.8,"",21.6,"",19.6,"",77.5,"",1015.0,"",1016.0,"",.0,"",14.6,""
"354180155","GDAÑSK-ŒWIBNO","2019","06","16",7.1,"",3.9,"",18.1,"",18.6,"",89.6,"",1013.6,"",1014.7,"",.0,"",.0,""
"354180155","GDAÑSK-ŒWIBNO","2019","06","17",2.9,"",3.3,"",17.8,"",15.1,"",75.0,"",1019.8,"",1020.9,"",.0,"",.0,""
"354180155","GDAÑSK-ŒWIBNO","2019","06","18",1.5,"",2.0,"",19.7,"",16.8,"",74.5,"",1019.4,"",1020.4,"",.0,"",.0,""
"354180155","GDAÑSK-ŒWIBNO","2019","06","19",2.0,"",2.9,"",22.3,"",19.1,"",72.0,"",1012.7,"",1013.8,"",.0,"",.0,""
"354180155","GDAÑSK-ŒWIBNO","2019","06","20",4.8,"",3.1,"",21.9,"",21.6,"",83.3,"",1008.8,"",1009.8,"",3.8,"",.0,""
"354180155","GDAÑSK-ŒWIBNO","2019","06","21",5.0,"",2.6,"",19.1,"",18.9,"",86.3,"",1014.2,"",1015.3,"",3.1,"",.0,""
"354180155","GDAÑSK-ŒWIBNO","2019","06","22",2.4,"",3.1,"",16.9,"",13.6,"",71.1,"",1022.0,"",1023.1,"",.0,"",.0,""
"354180155","GDAÑSK-ŒWIBNO","2019","06","23",2.0,"",3.0,"",15.9,"",12.1,"",68.5,"",1023.8,"",1024.9,"",.0,"",.0,""
"354180155","GDAÑSK-ŒWIBNO","2019","06","24",3.8,"",3.3,"",18.3,"",15.3,"",73.1,"",1026.3,"",1027.4,"",.0,"",.0,""
"354180155","GDAÑSK-ŒWIBNO","2019","06","25",4.6,"",2.3,"",22.3,"",17.0,"",65.5,"",1024.9,"",1026.0,"",.0,"",.0,""
"354180155","GDAÑSK-ŒWIBNO","2019","06","26",3.5,"",3.4,"",25.8,"",22.2,"",67.9,"",1016.5,"",1017.5,"",.0,"",.0,""
"354180155","GDAÑSK-ŒWIBNO","2019","06","27",5.9,"",5.8,"",19.3,"",17.3,"",77.8,"",1016.2,"",1017.3,"",.0,"",.9,""
"354180155","GDAÑSK-ŒWIBNO","2019","06","28",2.6,"",3.6,"",17.9,"",13.9,"",69.4,"",1019.7,"",1020.8,"",.0,"",.0,""
"354180155","GDAÑSK-ŒWIBNO","2019","06","29",2.0,"",3.6,"",20.9,"",13.7,"",57.8,"",1016.7,"",1017.8,"",.0,"",.0,""
"354180155","GDAÑSK-ŒWIBNO","2019","06","30",1.1,"",3.0,"",25.1,"",16.7,"",55.5,"",1010.3,"",1011.3,"",.0,"",.0,""
"354180155","GDAÑSK-ŒWIBNO","2019","07","01",5.9,"",4.1,"",21.4,"",15.4,"",62.0,"",1009.4,"",1010.5,"",.0,"",2.1,""
"354180155","GDAÑSK-ŒWIBNO","2019","07","02",4.0,"",5.6,"",16.4,"",12.4,"",67.5,"",1011.6,"",1012.7,"",1.0,"",.0,""
"354180155","GDAÑSK-ŒWIBNO","2019","07","03",4.4,"",4.6,"",14.2,"",9.8,"",62.9,"",1015.5,"",1016.6,"",.0,"",.0,""
"354180155","GDAÑSK-ŒWIBNO","2019","07","04",5.9,"",6.1,"",15.3,"",10.5,"",62.0,"",1015.1,"",1016.2,"",.0,"",4.3,""
"354180155","GDAÑSK-ŒWIBNO","2019","07","05",3.8,"",5.3,"",15.6,"",11.3,"",66.6,"",1007.3,"",1008.4,"",.0,"",.0,""
"354180155","GDAÑSK-ŒWIBNO","2019","07","06",5.6,"",2.3,"",13.9,"",14.1,"",88.3,"",1005.3,"",1006.4,"",7.4,"",2.2,""
"354180155","GDAÑSK-ŒWIBNO","2019","07","07",5.8,"",5.0,"",14.4,"",12.6,"",77.8,"",1002.5,"",1003.6,"",3.1,"",.5,""
"354180155","GDAÑSK-ŒWIBNO","2019","07","08",5.9,"",4.3,"",14.2,"",14.5,"",89.6,"",1007.3,"",1008.4,"",9.6,"",.6,""
"354180155","GDAÑSK-ŒWIBNO","2019","07","09",6.3,"",5.0,"",14.6,"",14.7,"",88.3,"",1008.5,"",1009.6,"",11.0,"",6.5,""
"354180155","GDAÑSK-ŒWIBNO","2019","07","10",6.4,"",4.6,"",14.8,"",13.1,"",78.6,"",1010.1,"",1011.2,"",.0,"",.0,""
"354180155","GDAÑSK-ŒWIBNO","2019","07","11",3.5,"",3.4,"",16.8,"",13.0,"",68.9,"",1010.2,"",1011.3,"",.0,"",.0,""
"354180155","GDAÑSK-ŒWIBNO","2019","07","12",5.6,"",2.9,"",16.5,"",14.5,"",77.8,"",1009.5,"",1010.6,"",.0,"",.0,""
"354180155","GDAÑSK-ŒWIBNO","2019","07","13",6.0,"",2.9,"",16.0,"",14.6,"",81.3,"",1010.4,"",1011.5,"",.0,"",.0,""
"354180155","GDAÑSK-ŒWIBNO","2019","07","14",3.6,"",3.5,"",17.3,"",13.7,"",69.8,"",1012.9,"",1014.0,"",.0,"",.0,""
"354180155","GDAÑSK-ŒWIBNO","2019","07","15",3.5,"",3.1,"",16.7,"",13.0,"",70.5,"",1012.5,"",1013.6,"",.0,"",.0,""
"354180155","GDAÑSK-ŒWIBNO","2019","07","16",6.5,"",3.3,"",16.0,"",13.8,"",76.3,"",1008.4,"",1009.5,"",.0,"",6.8,""
"354180155","GDAÑSK-ŒWIBNO","2019","07","17",4.0,"",3.8,"",15.8,"",13.4,"",75.8,"",1009.9,"",1011.0,"",.5,"",.0,""
"354180155","GDAÑSK-ŒWIBNO","2019","07","18",1.9,"",2.9,"",16.5,"",15.1,"",81.4,"",1012.8,"",1013.9,"",.0,"",.0,""
"354180155","GDAÑSK-ŒWIBNO","2019","07","19",3.9,"",2.9,"",18.2,"",17.0,"",82.1,"",1012.6,"",1013.6,"",.0,"",.0,""
"354180155","GDAÑSK-ŒWIBNO","2019","07","20",2.1,"",2.9,"",19.7,"",18.5,"",81.1,"",1014.2,"",1015.3,"",.0,"",.0,""
"354180155","GDAÑSK-ŒWIBNO","2019","07","21",5.3,"",2.9,"",19.3,"",18.7,"",83.8,"",1014.4,"",1015.5,"",2.9,"",.0,""
"354180155","GDAÑSK-ŒWIBNO","2019","07","22",5.0,"",3.9,"",19.0,"",15.0,"",69.9,"",1018.9,"",1020.0,"",.0,"",.0,""
"354180155","GDAÑSK-ŒWIBNO","2019","07","23",7.3,"",2.0,"",17.5,"",17.1,"",85.0,"",1018.4,"",1019.5,"",.0,"",.4,""
"354180155","GDAÑSK-ŒWIBNO","2019","07","24",5.4,"",2.6,"",19.1,"",20.0,"",90.8,"",1018.0,"",1019.1,"",.0,"",.0,""
"354180155","GDAÑSK-ŒWIBNO","2019","07","25",2.9,"",3.1,"",19.0,"",18.8,"",86.0,"",1018.9,"",1020.0,"",.0,"",.0,""
"354180155","GDAÑSK-ŒWIBNO","2019","07","26",3.4,"",5.0,"",20.3,"",20.3,"",85.4,"",1015.1,"",1016.2,"",.0,"",.0,""
"354180155","GDAÑSK-ŒWIBNO","2019","07","27",4.4,"",4.8,"",20.9,"",19.7,"",80.0,"",1010.7,"",1011.7,"",.0,"",.0,""
"354180155","GDAÑSK-ŒWIBNO","2019","07","28",4.9,"",4.1,"",23.4,"",21.2,"",74.6,"",1005.9,"",1006.9,"",1.5,"",.0,""
"354180155","GDAÑSK-ŒWIBNO","2019","07","29",3.8,"",3.6,"",22.6,"",22.0,"",80.6,"",1006.6,"",1007.6,"",.0,"",.0,""
"354180155","GDAÑSK-ŒWIBNO","2019","07","30",5.6,"",5.3,"",20.3,"",20.4,"",85.8,"",1008.4,"",1009.5,"",.0,"",.0,""
"354180155","GDAÑSK-ŒWIBNO","2019","07","31",1.6,"",4.8,"",17.5,"",13.1,"",66.0,"",1014.9,"",1016.0,"",.0,"",.0,""
"354180155","GDAÑSK-ŒWIBNO","2019","08","01",6.5,"",2.4,"",16.2,"",14.4,"",78.5,"",1015.1,"",1016.2,"",.0,"",2.5,""
"354180155","GDAÑSK-ŒWIBNO","2019","08","02",4.8,"",3.0,"",17.9,"",15.1,"",74.4,"",1012.3,"",1013.4,"",.0,"",5.3,""
"354180155","GDAÑSK-ŒWIBNO","2019","08","03",4.6,"",3.1,"",18.2,"",15.0,"",72.3,"",1011.8,"",1012.9,"",.0,"",.0,""
"354180155","GDAÑSK-ŒWIBNO","2019","08","04",4.8,"",3.0,"",17.4,"",14.3,"",73.0,"",1012.5,"",1013.6,"",.0,"",2.7,""
"354180155","GDAÑSK-ŒWIBNO","2019","08","05",6.0,"",1.8,"",17.2,"",17.1,"",87.3,"",1011.1,"",1012.2,"",1.0,"",.0,""
"354180155","GDAÑSK-ŒWIBNO","2019","08","06",5.8,"",2.4,"",19.6,"",17.8,"",80.4,"",1007.6,"",1008.7,"",.0,"",.0,""
"354180155","GDAÑSK-ŒWIBNO","2019","08","07",6.3,"",2.3,"",20.2,"",19.0,"",81.5,"",1005.4,"",1006.5,"",.0,"",4.8,""
"354180155","GDAÑSK-ŒWIBNO","2019","08","08",6.4,"",2.9,"",19.1,"",17.7,"",81.3,"",1005.7,"",1006.7,"",7.4,"",.1,""
"354180155","GDAÑSK-ŒWIBNO","2019","08","09",3.4,"",4.0,"",17.5,"",16.3,"",82.4,"",1010.3,"",1011.4,"",.5,"",.0,""
"354180155","GDAÑSK-ŒWIBNO","2019","08","10",5.9,"",4.1,"",18.1,"",17.5,"",85.1,"",1010.8,"",1011.9,"",1.7,"",.8,""
"354180155","GDAÑSK-ŒWIBNO","2019","08","11",4.9,"",3.5,"",21.8,"",16.2,"",65.3,"",1013.3,"",1014.3,"",.0,"",.0,""
"354180155","GDAÑSK-ŒWIBNO","2019","08","12",6.8,"",2.6,"",19.1,"",17.6,"",80.5,"",1011.9,"",1013.0,"",.0,"",.0,""
"354180155","GDAÑSK-ŒWIBNO","2019","08","13",5.8,"",3.3,"",18.9,"",16.9,"",78.6,"",1011.3,"",1012.4,"",.0,"",.2,""
"354180155","GDAÑSK-ŒWIBNO","2019","08","14",4.3,"",2.5,"",15.7,"",13.1,"",76.1,"",1013.9,"",1015.0,"",10.2,"",.0,""
"354180155","GDAÑSK-ŒWIBNO","2019","08","15",3.6,"",2.5,"",16.6,"",11.9,"",66.6,"",1013.8,"",1014.8,"",.0,"",.0,""
"354180155","GDAÑSK-ŒWIBNO","2019","08","16",5.8,"",2.9,"",17.6,"",14.9,"",74.6,"",1012.9,"",1013.9,"",1.5,"",.1,""
"354180155","GDAÑSK-ŒWIBNO","2019","08","17",4.0,"",3.3,"",18.1,"",15.1,"",76.0,"",1012.6,"",1013.6,"",.0,"",.0,""
"354180155","GDAÑSK-ŒWIBNO","2019","08","18",6.6,"",3.8,"",21.0,"",17.1,"",69.6,"",1007.4,"",1008.4,"",.0,"",.0,""
"354180155","GDAÑSK-ŒWIBNO","2019","08","19",4.8,"",2.8,"",19.9,"",17.3,"",75.4,"",1012.7,"",1013.7,"",.0,"",.0,""
"354180155","GDAÑSK-ŒWIBNO","2019","08","20",5.5,"",2.4,"",19.2,"",15.9,"",73.8,"",1020.3,"",1021.4,"",.0,"",.8,""
"354180155","GDAÑSK-ŒWIBNO","2019","08","21",5.9,"",2.4,"",17.5,"",15.7,"",79.0,"",1024.2,"",1025.3,"",.8,"",.0,""
"354180155","GDAÑSK-ŒWIBNO","2019","08","22",1.4,"",3.1,"",16.3,"",14.1,"",77.5,"",1028.1,"",1029.2,"",.0,"",.0,""
"354180155","GDAÑSK-ŒWIBNO","2019","08","23",2.0,"",2.6,"",19.0,"",14.0,"",67.3,"",1026.6,"",1027.7,"",.0,"",.0,""
"354180155","GDAÑSK-ŒWIBNO","2019","08","24",3.4,"",2.4,"",19.9,"",15.9,"",70.5,"",1025.3,"",1026.4,"",.0,"",.0,""
"354180155","GDAÑSK-ŒWIBNO","2019","08","25",.8,"",2.5,"",20.8,"",17.4,"",72.4,"",1024.7,"",1025.8,"",.0,"",.0,""
"354180155","GDAÑSK-ŒWIBNO","2019","08","26",.4,"",2.9,"",22.1,"",17.4,"",66.0,"",1023.0,"",1024.1,"",.0,"",.0,""
"354180155","GDAÑSK-ŒWIBNO","2019","08","27",.1,"",3.1,"",23.9,"",16.7,"",58.0,"",1021.4,"",1022.5,"",.0,"",.0,""
"354180155","GDAÑSK-ŒWIBNO","2019","08","28",3.3,"",5.9,"",24.2,"",18.1,"",62.9,"",1017.4,"",1018.5,"",.0,"",11.9,""
"354180155","GDAÑSK-ŒWIBNO","2019","08","29",4.9,"",2.5,"",22.0,"",22.3,"",85.9,"",1015.2,"",1016.3,"",.0,"",.0,""
"354180155","GDAÑSK-ŒWIBNO","2019","08","30",1.8,"",2.8,"",20.1,"",19.6,"",84.4,"",1021.4,"",1022.5,"",.0,"",.0,""
"354180155","GDAÑSK-ŒWIBNO","2019","08","31",2.9,"",3.5,"",21.4,"",18.9,"",76.6,"",1019.7,"",1020.8,"",.0,"",.0,""
"354180155","GDAÑSK-ŒWIBNO","2019","09","01",2.0,"",5.3,"",23.9,"",19.0,"",66.5,"",1010.4,"",1011.4,"",.0,"",.0,""
"354180155","GDAÑSK-ŒWIBNO","2019","09","02",6.1,"",4.0,"",18.7,"",16.4,"",75.8,"",1014.9,"",1016.0,"",.4,"",.0,""
"354180155","GDAÑSK-ŒWIBNO","2019","09","03",5.5,"",2.8,"",16.3,"",11.8,"",66.4,"",1019.0,"",1020.1,"",.0,"",.0,""
"354180155","GDAÑSK-ŒWIBNO","2019","09","04",4.3,"",2.6,"",17.5,"",13.9,"",70.9,"",1015.4,"",1016.4,"",.0,"",.0,""
"354180155","GDAÑSK-ŒWIBNO","2019","09","05",4.8,"",3.3,"",17.7,"",13.7,"",68.4,"",1011.1,"",1012.2,"",.0,"",.0,""
"354180155","GDAÑSK-ŒWIBNO","2019","09","06",1.6,"",3.1,"",15.0,"",11.6,"",69.3,"",1019.7,"",1020.8,"",.0,"",.0,""
"354180155","GDAÑSK-ŒWIBNO","2019","09","07",5.9,"",2.6,"",12.9,"",12.2,"",81.9,"",1019.3,"",1020.4,"",3.5,"",7.2,""
"354180155","GDAÑSK-ŒWIBNO","2019","09","08",6.8,"",3.5,"",15.2,"",15.8,"",92.1,"",1015.6,"",1016.7,"",.2,"",.0,""
"354180155","GDAÑSK-ŒWIBNO","2019","09","09",4.6,"",2.3,"",16.1,"",16.7,"",90.8,"",1012.9,"",1014.0,"",.0,"",.4,""
"354180155","GDAÑSK-ŒWIBNO","2019","09","10",6.5,"",6.8,"",15.0,"",14.8,"",86.6,"",1009.6,"",1010.7,"",5.4,"",.0,""
"354180155","GDAÑSK-ŒWIBNO","2019","09","11",2.4,"",3.9,"",15.5,"",11.9,"",69.0,"",1020.1,"",1021.2,"",.0,"",.0,""
"354180155","GDAÑSK-ŒWIBNO","2019","09","12",5.3,"",3.4,"",16.1,"",13.1,"",72.9,"",1022.5,"",1023.6,"",.0,"",.0,""
"354180155","GDAÑSK-ŒWIBNO","2019","09","13",5.0,"",5.1,"",15.9,"",13.9,"",77.1,"",1022.4,"",1023.5,"",.1,"",.0,""
"354180155","GDAÑSK-ŒWIBNO","2019","09","14",2.6,"",4.4,"",13.5,"",11.2,"",73.9,"",1027.3,"",1028.4,"",.0,"",.0,""
"354180155","GDAÑSK-ŒWIBNO","2019","09","15",6.3,"",5.6,"",14.3,"",10.9,"",68.9,"",1015.0,"",1016.1,"",.0,"",.0,""
"354180155","GDAÑSK-ŒWIBNO","2019","09","16",3.6,"",6.4,"",14.2,"",9.7,"",60.1,"",1009.8,"",1010.9,"",.0,"",1.4,""
"354180155","GDAÑSK-ŒWIBNO","2019","09","17",5.5,"",5.6,"",10.0,"",10.0,"",82.4,"",1004.4,"",1005.5,"",2.4,"",10.4,""
"354180155","GDAÑSK-ŒWIBNO","2019","09","18",4.1,"",6.1,"",10.9,"",9.2,"",72.0,"",1010.2,"",1011.3,"",.0,"",.1,""
"354180155","GDAÑSK-ŒWIBNO","2019","09","19",4.8,"",4.5,"",10.7,"",9.5,"",75.1,"",1019.8,"",1020.9,"",.1,"",6.6,""
"354180155","GDAÑSK-ŒWIBNO","2019","09","20",7.3,"",2.9,"",10.1,"",9.7,"",79.8,"",1022.3,"",1023.4,"",.0,"",1.7,""
"354180155","GDAÑSK-ŒWIBNO","2019","09","21",7.0,"",3.1,"",13.8,"",13.8,"",88.0,"",1018.9,"",1020.0,"",.0,"",.0,""
"354180155","GDAÑSK-ŒWIBNO","2019","09","22",3.5,"",2.3,"",12.9,"",13.3,"",89.8,"",1016.0,"",1017.1,"",.0,"",.0,""
"354180155","GDAÑSK-ŒWIBNO","2019","09","23",7.1,"",3.8,"",11.3,"",11.2,"",84.1,"",1018.4,"",1019.5,"",.0,"",.0,""
"354180155","GDAÑSK-ŒWIBNO","2019","09","24",3.8,"",3.9,"",11.2,"",10.3,"",78.1,"",1015.4,"",1016.5,"",.0,"",.0,""
"354180155","GDAÑSK-ŒWIBNO","2019","09","25",6.8,"",3.4,"",12.6,"",11.2,"",77.0,"",1008.7,"",1009.8,"",.0,"",.0,""
"354180155","GDAÑSK-ŒWIBNO","2019","09","26",3.5,"",2.0,"",13.0,"",12.8,"",85.8,"",1010.6,"",1011.7,"",.0,"",.1,""
"354180155","GDAÑSK-ŒWIBNO","2019","09","27",6.8,"",4.5,"",12.2,"",13.5,"",94.0,"",1011.2,"",1012.3,"",.6,"",8.1,""
"354180155","GDAÑSK-ŒWIBNO","2019","09","28",6.9,"",3.6,"",15.1,"",14.9,"",87.4,"",1007.4,"",1008.5,"",.0,"",.3,""
"354180155","GDAÑSK-ŒWIBNO","2019","09","29",6.6,"",4.4,"",13.9,"",13.8,"",87.6,"",1001.5,"",1002.6,"",2.0,"",4.0,""
"354180155","GDAÑSK-ŒWIBNO","2019","09","30",6.5,"",5.1,"",14.0,"",14.6,"",90.8,"",990.2,"",991.3,"",8.1,"",.0,""
"354180155","GDAÑSK-ŒWIBNO","2019","10","01",6.4,"",4.0,"",11.7,"",12.2,"",87.8,"",998.8,"",999.9,"",1.7,"",.8,""
"354180155","GDAÑSK-ŒWIBNO","2019","10","02",6.4,"",2.3,"",9.5,"",10.7,"",90.4,"",1000.3,"",1001.4,"",4.1,"",.0,""
"354180155","GDAÑSK-ŒWIBNO","2019","10","03",4.1,"",2.9,"",9.0,"",9.2,"",81.5,"",1008.0,"",1009.1,"",.0,"",.1,""
"354180155","GDAÑSK-ŒWIBNO","2019","10","04",6.3,"",2.5,"",8.9,"",9.3,"",81.6,"",1011.0,"",1012.1,"",.6,"",4.0,""
"354180155","GDAÑSK-ŒWIBNO","2019","10","05",5.5,"",4.0,"",8.3,"",8.1,"",74.8,"",1014.4,"",1015.5,"",.0,"",1.5,""
"354180155","GDAÑSK-ŒWIBNO","2019","10","06",6.4,"",2.6,"",6.0,"",8.0,"",86.4,"",1019.4,"",1020.5,"",5.9,"",7.8,""
"354180155","GDAÑSK-ŒWIBNO","2019","10","07",5.9,"",2.8,"",6.3,"",8.1,"",85.4,"",1016.5,"",1017.6,"",.7,"",.0,""
"354180155","GDAÑSK-ŒWIBNO","2019","10","08",7.4,"",4.3,"",5.8,"",8.6,"",92.4,"",1007.1,"",1008.2,"",.7,"",.0,""
"354180155","GDAÑSK-ŒWIBNO","2019","10","09",5.8,"",3.9,"",11.6,"",11.6,"",85.9,"",1003.8,"",1004.9,"",.0,"",4.9,""
"354180155","GDAÑSK-ŒWIBNO","2019","10","10",6.9,"",3.1,"",10.4,"",11.1,"",88.9,"",1004.3,"",1005.4,"",1.9,"",.0,""
"354180155","GDAÑSK-ŒWIBNO","2019","10","11",6.4,"",5.0,"",11.5,"",11.4,"",84.1,"",1008.7,"",1009.8,"",.0,"",.0,""
"354180155","GDAÑSK-ŒWIBNO","2019","10","12",7.4,"",4.4,"",13.4,"",13.5,"",88.1,"",1006.1,"",1007.2,"",1.4,"",.8,""
"354180155","GDAÑSK-ŒWIBNO","2019","10","13",6.1,"",2.9,"",13.4,"",13.9,"",90.4,"",1012.2,"",1013.3,"",.0,"",2.0,""
"354180155","GDAÑSK-ŒWIBNO","2019","10","14",3.9,"",4.0,"",16.5,"",13.9,"",75.1,"",1012.3,"",1013.3,"",.0,"",.0,""
"354180155","GDAÑSK-ŒWIBNO","2019","10","15",3.4,"",3.4,"",13.4,"",13.4,"",87.8,"",1011.3,"",1012.4,"",.0,"",.0,""
"354180155","GDAÑSK-ŒWIBNO","2019","10","16",4.1,"",4.3,"",13.0,"",13.5,"",89.9,"",1004.9,"",1006.0,"",.4,"",6.0,""
"354180155","GDAÑSK-ŒWIBNO","2019","10","17",6.5,"",3.8,"",13.1,"",13.4,"",89.3,"",1011.2,"",1012.3,"",.0,"",3.0,""
"354180155","GDAÑSK-ŒWIBNO","2019","10","18",6.3,"",3.8,"",12.7,"",13.5,"",92.6,"",1011.1,"",1012.2,"",.0,"",.0,""
"354180155","GDAÑSK-ŒWIBNO","2019","10","19",5.9,"",2.3,"",11.7,"",12.3,"",90.3,"",1011.6,"",1012.7,"",.1,"",.0,""
"354180155","GDAÑSK-ŒWIBNO","2019","10","20",6.1,"",2.6,"",11.9,"",13.1,"",94.4,"",1012.3,"",1013.4,"",.0,"",.0,""
"354180155","GDAÑSK-ŒWIBNO","2019","10","21",5.8,"",2.0,"",11.7,"",13.6,"",98.3,"",1017.1,"",1018.2,"",.0,"",.0,""
"354180155","GDAÑSK-ŒWIBNO","2019","10","22",5.4,"",2.1,"",13.2,"",13.4,"",88.4,"",1020.6,"",1021.7,"",.0,"",.0,""
"354180155","GDAÑSK-ŒWIBNO","2019","10","23",3.4,"",2.4,"",10.4,"",10.8,"",86.9,"",1020.9,"",1022.0,"",.0,"",.0,""
"354180155","GDAÑSK-ŒWIBNO","2019","10","24",3.9,"",3.8,"",10.4,"",12.1,"",95.3,"",1014.0,"",1015.1,"",.0,"",.0,""
"354180155","GDAÑSK-ŒWIBNO","2019","10","25",6.9,"",2.9,"",13.8,"",13.7,"",87.3,"",1014.7,"",1015.8,"",.0,"",.0,""
"354180155","GDAÑSK-ŒWIBNO","2019","10","26",7.0,"",4.3,"",12.4,"",12.2,"",85.0,"",1013.5,"",1014.6,"",.0,"",.0,""
"354180155","GDAÑSK-ŒWIBNO","2019","10","27",6.1,"",4.8,"",11.2,"",10.5,"",78.1,"",1008.9,"",1010.0,"",.0,"",.0,""
"354180155","GDAÑSK-ŒWIBNO","2019","10","28",4.9,"",4.0,"",7.4,"",8.8,"",85.5,"",1013.4,"",1014.5,"",.2,"",.0,""
"354180155","GDAÑSK-ŒWIBNO","2019","10","29",4.9,"",4.0,"",6.6,"",6.7,"",70.8,"",1020.5,"",1021.6,"",1.5,"",.0,""
"354180155","GDAÑSK-ŒWIBNO","2019","10","30",4.5,"",3.5,"",5.0,"",6.0,"",70.3,"",1027.0,"",1028.1,"",.2,"",.0,""
"354180155","GDAÑSK-ŒWIBNO","2019","10","31",4.5,"",4.1,"",3.8,"",6.4,"",80.3,"",1024.2,"",1025.3,"",.0,"",.0,""
"354180155","GDAÑSK-ŒWIBNO","2019","11","01",6.8,"",4.6,"",4.7,"",6.8,"",80.4,"",1017.2,"",1018.3,"",.0,"",.7,""
"354180155","GDAÑSK-ŒWIBNO","2019","11","02",7.8,"",6.9,"",6.2,"",8.7,"",90.4,"",996.8,"",997.9,"",3.1,"",.0,""
"354180155","GDAÑSK-ŒWIBNO","2019","11","03",7.8,"",3.9,"",9.4,"",11.1,"",94.9,"",992.6,"",993.7,"",.2,"",6.3,""
"354180155","GDAÑSK-ŒWIBNO","2019","11","04",8.0,"",2.9,"",10.6,"",12.5,"",97.8,"",988.5,"",989.6,"",5.8,"",.2,""
"354180155","GDAÑSK-ŒWIBNO","2019","11","05",5.4,"",3.5,"",8.3,"",10.3,"",93.5,"",991.6,"",992.7,"",.1,"",.0,""
"354180155","GDAÑSK-ŒWIBNO","2019","11","06",7.0,"",2.8,"",6.6,"",8.9,"",91.4,"",996.2,"",997.3,"",.4,"",.0,""
"354180155","GDAÑSK-ŒWIBNO","2019","11","07",6.5,"",2.0,"",5.9,"",9.0,"",97.0,"",1004.8,"",1005.9,"",.0,"",.0,""
"354180155","GDAÑSK-ŒWIBNO","2019","11","08",4.0,"",3.8,"",5.3,"",8.4,"",94.3,"",1010.0,"",1011.1,"",.0,"",.0,""
"354180155","GDAÑSK-ŒWIBNO","2019","11","09",7.8,"",3.5,"",7.3,"",9.9,"",96.8,"",1005.4,"",1006.5,"",1.7,"",.0,""
"354180155","GDAÑSK-ŒWIBNO","2019","11","10",5.0,"",3.0,"",7.0,"",8.7,"",87.5,"",1010.7,"",1011.8,"",.0,"",.0,""
"354180155","GDAÑSK-ŒWIBNO","2019","11","11",6.4,"",3.5,"",3.5,"",7.2,"",90.9,"",1013.6,"",1014.7,"",.0,"",.0,""
"354180155","GDAÑSK-ŒWIBNO","2019","11","12",6.8,"",4.0,"",4.9,"",8.2,"",93.6,"",1008.8,"",1009.9,"",.4,"",2.6,""
"354180155","GDAÑSK-ŒWIBNO","2019","11","13",8.0,"",2.0,"",7.3,"",10.1,"",99.0,"",1002.1,"",1003.2,"",8.2,"",11.1,""
"354180155","GDAÑSK-ŒWIBNO","2019","11","14",6.4,"",4.0,"",4.7,"",7.9,"",92.1,"",1010.3,"",1011.4,"",.0,"",.0,""
"354180155","GDAÑSK-ŒWIBNO","2019","11","15",7.1,"",4.1,"",6.6,"",9.0,"",91.5,"",1015.2,"",1016.3,"",.1,"",.0,""
"354180155","GDAÑSK-ŒWIBNO","2019","11","16",7.0,"",5.4,"",9.0,"",10.6,"",92.4,"",1009.9,"",1011.0,"",.0,"",.0,""
"354180155","GDAÑSK-ŒWIBNO","2019","11","17",5.4,"",2.6,"",6.9,"",9.2,"",91.5,"",1016.9,"",1018.0,"",.0,"",.0,""
"354180155","GDAÑSK-ŒWIBNO","2019","11","18",6.6,"",4.8,"",8.7,"",10.4,"",92.6,"",1011.4,"",1012.5,"",.0,"",.6,""
"354180155","GDAÑSK-ŒWIBNO","2019","11","19",4.5,"",4.5,"",6.7,"",9.0,"",91.4,"",1017.2,"",1018.3,"",.0,"",.0,""
"354180155","GDAÑSK-ŒWIBNO","2019","11","20",6.9,"",4.0,"",6.7,"",9.1,"",93.1,"",1021.1,"",1022.2,"",.0,"",.0,""
"354180155","GDAÑSK-ŒWIBNO","2019","11","21",7.9,"",7.8,"",7.4,"",9.1,"",87.6,"",1018.4,"",1019.5,"",.0,"",.6,""
"354180155","GDAÑSK-ŒWIBNO","2019","11","22",7.9,"",8.5,"",4.0,"",7.0,"",86.5,"",1018.1,"",1019.2,"",.0,"",.0,""
"354180155","GDAÑSK-ŒWIBNO","2019","11","23",5.6,"",5.6,"",.7,"",5.4,"",83.6,"",1018.2,"",1019.3,"",.0,"",.0,""
"354180155","GDAÑSK-ŒWIBNO","2019","11","24",7.9,"",5.3,"",1.0,"",5.9,"",88.9,"",1017.2,"",1018.3,"",.0,"",.0,""
"354180155","GDAÑSK-ŒWIBNO","2019","11","25",8.0,"",4.6,"",.3,"",6.0,"",96.6,"",1015.9,"",1017.0,"",.0,"",.0,""
"354180155","GDAÑSK-ŒWIBNO","2019","11","26",8.0,"",5.6,"",1.5,"",6.7,"",98.1,"",1010.8,"",1011.9,"",.0,"",.0,""
"354180155","GDAÑSK-ŒWIBNO","2019","11","27",7.9,"",5.4,"",3.9,"",7.6,"",94.4,"",1001.8,"",1002.9,"",.0,"",.1,""
"354180155","GDAÑSK-ŒWIBNO","2019","11","28",7.0,"",6.1,"",7.0,"",9.0,"",89.6,"",992.6,"",993.7,"",.0,"",.1,""
"354180155","GDAÑSK-ŒWIBNO","2019","11","29",7.0,"",6.6,"",6.3,"",8.1,"",83.5,"",992.1,"",993.2,"",.4,"",2.0,""
"354180155","GDAÑSK-ŒWIBNO","2019","11","30",3.1,"",4.8,"",2.6,"",5.4,"",75.1,"",1012.8,"",1013.9,"",.0,"",.0,""
"354180155","GDAÑSK-ŒWIBNO","2019","12","01",5.6,"",3.9,"",.7,"",5.9,"",91.5,"",1018.5,"",1019.6,"",.0,"",.0,""
"354180155","GDAÑSK-ŒWIBNO","2019","12","02",6.1,"",5.0,"",2.0,"",6.3,"",88.6,"",1012.5,"",1013.6,"",.9,"",.0,""
"354180155","GDAÑSK-ŒWIBNO","2019","12","03",3.8,"",3.8,"",1.1,"",5.5,"",82.8,"",1020.0,"",1021.1,"",.0,"",.7,""
"354180155","GDAÑSK-ŒWIBNO","2019","12","04",8.0,"",4.1,"",4.8,"",7.8,"",91.0,"",1017.6,"",1018.7,"",.0,"",.0,""
"354180155","GDAÑSK-ŒWIBNO","2019","12","05",4.0,"",4.5,"",3.2,"",6.4,"",83.4,"",1016.1,"",1017.2,"",.0,"",.0,""
"354180155","GDAÑSK-ŒWIBNO","2019","12","06",6.5,"",5.8,"",1.4,"",5.9,"",86.4,"",1005.7,"",1006.8,"",.0,"",.8,""
"354180155","GDAÑSK-ŒWIBNO","2019","12","07",7.0,"",5.5,"",5.1,"",7.7,"",88.3,"",998.7,"",999.8,"",.2,"",.0,""
"354180155","GDAÑSK-ŒWIBNO","2019","12","08",6.6,"",6.1,"",6.6,"",8.4,"",86.0,"",998.6,"",999.7,"",.0,"",.1,""
"354180155","GDAÑSK-ŒWIBNO","2019","12","09",4.6,"",4.8,"",6.3,"",8.0,"",83.4,"",996.6,"",997.7,"",.0,"",.0,""
"354180155","GDAÑSK-ŒWIBNO","2019","12","10",4.8,"",4.9,"",1.9,"",6.2,"",88.0,"",1012.0,"",1013.1,"",3.6,"",.0,""
"354180155","GDAÑSK-ŒWIBNO","2019","12","11",2.9,"",6.9,"",-.9,"",5.1,"",89.3,"",1014.8,"",1015.9,"",.0,"",.0,""
"354180155","GDAÑSK-ŒWIBNO","2019","12","12",5.9,"",6.1,"",-.5,"",5.2,"",87.3,"",1004.0,"",1005.1,"",.0,"",.0,""
"354180155","GDAÑSK-ŒWIBNO","2019","12","13",7.4,"",5.6,"",1.7,"",6.3,"",91.6,"",992.7,"",993.8,"",1.9,"",.0,""
"354180155","GDAÑSK-ŒWIBNO","2019","12","14",7.6,"",6.0,"",3.2,"",6.9,"",90.0,"",988.8,"",989.9,"",.0,"",.4,""
"354180155","GDAÑSK-ŒWIBNO","2019","12","15",5.4,"",5.1,"",3.9,"",7.0,"",87.1,"",997.3,"",998.4,"",.1,"",.0,""
"354180155","GDAÑSK-ŒWIBNO","2019","12","16",5.0,"",4.5,"",4.3,"",7.1,"",85.9,"",1008.0,"",1009.1,"",.0,"",.2,""
"354180155","GDAÑSK-ŒWIBNO","2019","12","17",7.5,"",4.3,"",4.9,"",8.2,"",94.4,"",1006.9,"",1008.0,"",.0,"",.0,""
"354180155","GDAÑSK-ŒWIBNO","2019","12","18",5.4,"",4.9,"",5.8,"",7.7,"",83.4,"",1010.7,"",1011.8,"",.0,"",.0,""
"354180155","GDAÑSK-ŒWIBNO","2019","12","19",5.3,"",3.0,"",.5,"",6.2,"",97.3,"",1021.0,"",1022.1,"",.1,"",.0,""
"354180155","GDAÑSK-ŒWIBNO","2019","12","20",3.1,"",5.5,"",5.1,"",7.9,"",90.4,"",1002.1,"",1003.2,"",.0,"",.0,""
"354180155","GDAÑSK-ŒWIBNO","2019","12","21",4.8,"",3.0,"",4.3,"",8.0,"",95.8,"",991.7,"",992.8,"",4.4,"",.0,""
"354180155","GDAÑSK-ŒWIBNO","2019","12","22",7.4,"",3.1,"",4.3,"",8.2,"",98.4,"",991.5,"",992.6,"",.2,"",.3,""
"354180155","GDAÑSK-ŒWIBNO","2019","12","23",7.9,"",3.4,"",6.1,"",9.1,"",96.1,"",996.8,"",997.9,"",.2,"",.0,""
"354180155","GDAÑSK-ŒWIBNO","2019","12","24",6.1,"",2.6,"",5.7,"",8.3,"",90.5,"",1006.2,"",1007.3,"",.1,"",.5,""
"354180155","GDAÑSK-ŒWIBNO","2019","12","25",6.9,"",1.5,"",4.3,"",7.8,"",94.9,"",1010.2,"",1011.3,"",.0,"",.4,""
"354180155","GDAÑSK-ŒWIBNO","2019","12","26",7.0,"",3.3,"",4.0,"",7.4,"",90.8,"",1016.4,"",1017.5,"",.0,"",3.5,""
"354180155","GDAÑSK-ŒWIBNO","2019","12","27",6.9,"",5.1,"",3.4,"",6.8,"",86.6,"",1023.2,"",1024.3,"",3.4,"",1.0,""
"354180155","GDAÑSK-ŒWIBNO","2019","12","28",6.4,"",6.5,"",2.4,"",5.5,"",76.1,"",1035.1,"",1036.3,"",.3,"",.0,""
"354180155","GDAÑSK-ŒWIBNO","2019","12","29",6.8,"",3.9,"",1.8,"",5.5,"",78.3,"",1035.4,"",1036.5,"",.0,"",.0,""
"354180155","GDAÑSK-ŒWIBNO","2019","12","30",6.1,"",5.1,"",3.7,"",4.7,"",60.0,"",1019.9,"",1021.0,"",.0,"",.0,""
"354180155","GDAÑSK-ŒWIBNO","2019","12","31",4.5,"",7.3,"",6.2,"",7.0,"",73.1,"",1015.3,"",1016.4,"",.0,"",.0,""
