"354190160","ELBL¥G-MILEJEWO","2018","01","01",8.2,"",1.5,"",6.6,"",1.2,"",.4,"","W",0,"9",.0,"9",.0,"9",3.7,"",.0,"9",.0,"9",.0,"9",.0,"9",8.7,"",.0,"9",.0,"9",.0,"9",.0,"9",.0,"9",.0,"9",.0,"9",.0,"9",.0,"9",.0,"9",0,"",0,"","R",0,"9",0,"9",0,"8"
"354190160","ELBL¥G-MILEJEWO","2018","01","02",5.4,"",.7,"",2.1,"",-.1,"",2.2,"","S",0,"9",.0,"9",.1,"",2.9,"",.4,"",1.0,"",.0,"9",1.1,"",6.4,"",.0,"9",.0,"9",.0,"9",.0,"9",.0,"9",.0,"9",.0,"9",.0,"9",.0,"9",6.0,"",0,"",0,"","R",0,"9",0,"9",0,"8"
"354190160","ELBL¥G-MILEJEWO","2018","01","03",2.9,"",.3,"",1.7,"",.0,"",4.0,"","S",0,"9",.0,"9",2.1,"",3.6,"",.7,"",3.3,"",.0,"9",7.4,"",12.2,"",.0,"9",.0,"9",.0,"9",.0,"9",.0,"9",.0,"9",.0,"9",.0,"9",.0,"9",.0,"9",0,"",0,"","R",0,"9",0,"9",0,"8"
"354190160","ELBL¥G-MILEJEWO","2018","01","04",4.0,"",1.0,"",3.5,"",.7,"",1.2,"","W",0,"9",.0,"9",.1,"",4.4,"",.0,"9",.0,"9",.0,"9",.0,"9",4.3,"",.0,"9",.0,"9",.0,"9",.0,"9",.0,"9",.0,"9",.0,"9",.0,"9",.0,"9",.0,"9",0,"",0,"","R",0,"9",0,"9",0,"8"
"354190160","ELBL¥G-MILEJEWO","2018","01","05",5.3,"",2.9,"",4.4,"",2.2,"",1.6,"","W",0,"9",.0,"9",.0,"9",10.8,"",.0,"9",.0,"9",.0,"9",.0,"9",5.3,"",.0,"9",.0,"9",.0,"9",.0,"9",.0,"9",.2,"",.0,"9",.0,"9",.0,"9",.0,"9",0,"",0,"","R",0,"9",0,"9",0,"8"
"354190160","ELBL¥G-MILEJEWO","2018","01","06",5.1,"",2.0,"",3.3,"",1.0,"",.1,"","S",0,"9",.0,"9",.0,"9",1.7,"",.0,"9",.0,"9",.0,"9",.0,"9",6.7,"",.0,"9",.0,"9",.0,"9",.0,"9",.0,"9",.0,"9",.0,"9",.0,"9",.0,"9",.0,"9",0,"",0,"","R",0,"9",0,"9",0,"8"
"354190160","ELBL¥G-MILEJEWO","2018","01","07",2.8,"",-1.6,"",.0,"",-2.7,"",.0,"9","",0,"9",.0,"9",2.1,"",.8,"",.4,"",.0,"9",.0,"9",.0,"9",.2,"",.0,"9",.0,"9",.0,"9",.0,"9",.0,"9",.0,"9",.0,"9",.0,"9",.0,"9",8.0,"",0,"",0,"","Z",1,"",0,"9",0,"8"
"354190160","ELBL¥G-MILEJEWO","2018","01","08",1.1,"",-4.8,"",-2.1,"",-5.3,"",.0,"9","",0,"9",.0,"9",.0,"9",.0,"9",.0,"9",.0,"9",.0,"9",.0,"9",7.5,"",.0,"9",.0,"9",.0,"9",.0,"9",.0,"9",.0,"9",.0,"9",.0,"9",.0,"9",19.0,"",0,"",0,"","Z",13,"",0,"9",0,"8"
"354190160","ELBL¥G-MILEJEWO","2018","01","09",1.5,"",-3.7,"",-1.6,"",-6.1,"",.0,"9","",0,"9",.0,"9",7.0,"",.0,"9",.0,"9",.0,"9",.0,"9",.0,"9",11.8,"",.0,"9",.0,"9",.0,"9",.0,"9",.0,"9",.0,"9",.0,"9",.0,"9",.0,"9",19.0,"",0,"",0,"","Z",16,"",0,"9",0,"8"
"354190160","ELBL¥G-MILEJEWO","2018","01","10",-.1,"",-2.6,"",-.8,"",-3.2,"",.0,"9","",0,"9",.0,"9",.0,"9",.0,"9",.0,"9",.0,"9",.0,"9",.0,"9",.0,"9",.0,"9",.0,"9",.0,"9",.0,"9",.0,"9",.0,"9",.0,"9",.0,"9",.0,"9",9.0,"",0,"",0,"","Z",15,"",0,"9",0,"8"
"354190160","ELBL¥G-MILEJEWO","2018","01","11",-.9,"",-3.9,"",-2.5,"",-4.2,"",.0,"9","",0,"9",.0,"9",.0,"9",.0,"9",.0,"9",.0,"9",.0,"9",4.3,"",5.9,"",6.9,"",.0,"9",.0,"9",.0,"9",.0,"9",.0,"9",.0,"9",.0,"9",.0,"9",7.9,"",0,"",0,"","Z",18,"",0,"9",0,"8"
"354190160","ELBL¥G-MILEJEWO","2018","01","12",-.9,"",-5.6,"",-4.2,"",-5.3,"",.0,"9","",0,"9",.0,"9",.0,"9",.0,"9",.0,"9",.0,"9",.0,"9",8.9,"",11.9,"",23.8,"",.0,"9",.0,"9",.0,"9",.0,"9",.0,"9",.0,"9",.0,"9",.0,"9",.0,"9",0,"",0,"","Z",18,"",0,"9",0,"8"
"354190160","ELBL¥G-MILEJEWO","2018","01","13",-.5,"",-4.0,"",-2.9,"",-4.9,"",.0,"9","",0,"9",.0,"9",6.7,"",.0,"9",.0,"9",.0,"9",.0,"9",.0,"9",1.5,"",7.0,"",.0,"9",.0,"9",.0,"9",.0,"9",.0,"9",.0,"9",.0,"9",.0,"9",4.0,"",0,"",0,"","Z",20,"",0,"9",0,"8"
"354190160","ELBL¥G-MILEJEWO","2018","01","14",-4.0,"",-7.7,"",-7.3,"",-8.2,"",.0,"","S",0,"9",.0,"9",.0,"9",.0,"9",1.9,"",.0,"9",.0,"9",.0,"9",8.8,"",.0,"9",.0,"9",.0,"9",.0,"9",.0,"9",.0,"9",.0,"9",.0,"9",.0,"9",13.0,"",0,"",0,"","",33,"",0,"9",0,"8"
"354190160","ELBL¥G-MILEJEWO","2018","01","15",-6.5,"",-8.3,"",-7.8,"",-8.5,"",.0,"","S",0,"",.0,"9",4.2,"",.0,"9",4.0,"",.0,"9",.0,"9",.0,"9",.0,"9",.0,"9",.0,"9",.0,"9",.0,"9",.0,"9",.0,"9",.0,"9",.0,"9",.0,"9",.0,"9",0,"",0,"","",39,"",0,"9",0,"8"
"354190160","ELBL¥G-MILEJEWO","2018","01","16",-4.3,"",-8.4,"",-5.9,"",-8.8,"",3.2,"","S",0,"9",.0,"9",.0,"9",.0,"9",16.1,"",.0,"9",.0,"9",.0,"9",14.8,"",.0,"9",.0,"9",15.1,"",.0,"9",.0,"9",.2,"",.0,"9",.0,"9",.0,"9",7.7,"",0,"",0,"","Z",43,"",0,"9",0,"8"
"354190160","ELBL¥G-MILEJEWO","2018","01","17",-.2,"",-4.8,"",-2.0,"",-4.7,"",1.4,"","S",8,"",1.3,"",.0,"9",.0,"9",11.9,"",.0,"9",.0,"9",.8,"",23.3,"",.0,"9",.0,"9",5.8,"",.0,"9",.0,"9",.0,"9",.0,"9",.0,"9",.0,"9",.0,"9",1,"",0,"","Z",38,"",0,"9",0,"8"
"354190160","ELBL¥G-MILEJEWO","2018","01","18",.2,"",-1.6,"",-.6,"",-2.5,"",1.8,"","S",10,"",1.0,"",.8,"",.0,"9",7.0,"",.0,"9",.0,"9",.0,"9",12.7,"",.0,"9",.0,"9",3.8,"",.0,"9",.0,"9",.0,"9",.0,"9",.0,"9",.0,"9",.0,"9",1,"",0,"","Z",33,"",0,"9",0,"8"
"354190160","ELBL¥G-MILEJEWO","2018","01","19",.8,"",-2.1,"",-.9,"",-2.3,"",10.8,"","S",13,"",1.1,"",2.4,"",.0,"9",16.0,"",.0,"9",.0,"9",2.3,"",17.3,"",.7,"",.0,"9",.0,"9",.0,"9",.0,"9",.0,"9",.0,"9",.0,"9",.0,"9",.0,"9",1,"",0,"","Z",29,"",0,"9",0,"8"
"354190160","ELBL¥G-MILEJEWO","2018","01","20",-.3,"",-2.6,"",-1.3,"",-2.5,"",5.0,"","S",28,"",1.2,"",.0,"9",.0,"9",9.0,"",.0,"9",.0,"9",9.1,"",14.9,"",12.6,"",.0,"9",.0,"9",.0,"9",.0,"9",.0,"9",.0,"9",.0,"9",.0,"9",.0,"9",1,"",0,"","Z",27,"",0,"9",0,"8"
"354190160","ELBL¥G-MILEJEWO","2018","01","21",-1.3,"",-6.3,"",-4.0,"",-14.6,"",.1,"","S",29,"",1.1,"",2.3,"",.0,"9",5.0,"",.0,"9",.0,"9",12.1,"",11.9,"",11.2,"",.0,"9",.0,"9",.0,"9",.0,"9",.0,"9",.0,"9",.0,"9",.0,"9",.0,"9",1,"",0,"","Z",24,"",0,"9",0,"8"
"354190160","ELBL¥G-MILEJEWO","2018","01","22",-5.9,"",-12.4,"",-7.5,"",-16.1,"",.0,"9","",26,"",1.0,"",.0,"9",.0,"9",.0,"9",.0,"9",.0,"9",17.8,"",6.3,"",24.0,"",.0,"9",.0,"9",.0,"9",.0,"9",.0,"9",.0,"9",.0,"9",.0,"9",.0,"9",1,"",0,"","Z",24,"",0,"9",0,"8"
"354190160","ELBL¥G-MILEJEWO","2018","01","23",-4.5,"",-8.1,"",-6.7,"",-12.7,"",.3,"","S",24,"",1.1,"",2.6,"",.0,"9",.0,"9",.0,"9",.0,"9",.0,"9",24.0,"",24.0,"",.0,"9",.0,"9",.0,"9",.0,"9",.0,"9",.0,"9",.0,"9",.0,"9",.0,"9",1,"",0,"","Z",24,"",0,"9",0,"8"
"354190160","ELBL¥G-MILEJEWO","2018","01","24",2.8,"",-7.4,"",-.4,"",-8.8,"",1.0,"","S",22,"",1.3,"",.0,"9",2.5,"",2.8,"",.0,"9",.0,"9",11.2,"",12.8,"",4.8,"",1.3,"",2.3,"",.0,"9",.0,"9",.0,"9",.0,"9",.0,"9",.0,"9",.0,"9",1,"",0,"","Z",24,"",0,"9",0,"8"
"354190160","ELBL¥G-MILEJEWO","2018","01","25",4.4,"",2.3,"",3.5,"",1.5,"",4.6,"","W",7,"",2.4,"",.0,"9",4.7,"",.0,"9",.0,"9",.0,"9",.0,"9",24.0,"",.0,"9",.0,"9",.0,"9",.0,"9",.0,"9",.7,"",.0,"9",.0,"9",.0,"9",.0,"9",1,"",0,"","R",20,"",8,"",0,"8"
"354190160","ELBL¥G-MILEJEWO","2018","01","26",3.5,"",1.2,"",1.8,"",1.0,"",5.3,"","W",0,"9",.0,"9",.0,"9",18.3,"",.0,"9",.0,"9",.0,"9",19.4,"",4.6,"",.0,"9",.0,"9",.0,"9",.0,"9",.0,"9",.0,"9",.0,"9",.0,"9",.0,"9",.0,"9",0,"",0,"","R",0,"9",0,"9",0,"8"
"354190160","ELBL¥G-MILEJEWO","2018","01","27",3.1,"",1.0,"",2.2,"",.7,"",1.7,"","W",0,"9",.0,"9",.2,"",1.8,"",.0,"9",.0,"9",.0,"9",8.5,"",15.5,"",.0,"9",.0,"9",.0,"9",.0,"9",.0,"9",.0,"9",.0,"9",.0,"9",.0,"9",.0,"9",0,"",0,"","R",0,"9",0,"9",0,"8"
"354190160","ELBL¥G-MILEJEWO","2018","01","28",5.1,"",1.5,"",3.4,"",1.3,"",5.2,"","S",0,"9",.0,"9",.3,"",4.0,"",.0,"9",.5,"",.0,"9",.0,"9",16.2,"",.0,"9",.0,"9",.0,"9",.0,"9",.0,"9",2.8,"",.0,"9",.0,"9",.0,"9",.0,"9",0,"",0,"","R",0,"9",0,"9",0,"8"
"354190160","ELBL¥G-MILEJEWO","2018","01","29",7.4,"",3.1,"",5.2,"",2.4,"",12.0,"","S",0,"9",.0,"9",.0,"9",10.3,"",.0,"9",.0,"9",.0,"9",2.6,"",.8,"",.0,"9",.0,"9",.0,"9",.0,"9",.0,"9",1.5,"",.0,"9",.0,"9",.0,"9",.0,"9",0,"",0,"","R",0,"9",0,"9",0,"8"
"354190160","ELBL¥G-MILEJEWO","2018","01","30",6.3,"",.3,"",1.9,"",.0,"",6.4,"","S",0,"9",.0,"9",.2,"",3.0,"",3.7,"",2.0,"",.0,"9",.0,"9",.0,"9",.0,"9",.0,"9",.0,"9",.0,"9",.0,"9",.0,"9",.0,"9",.0,"9",.0,"9",.0,"9",0,"",0,"","R",0,"9",0,"9",0,"8"
"354190160","ELBL¥G-MILEJEWO","2018","01","31",2.3,"",-.6,"",1.2,"",-.5,"",4.5,"","S",0,"",.0,"9",.0,"9",4.8,"",2.1,"",.6,"",.0,"9",1.4,"",15.7,"",.0,"9",.0,"9",.0,"9",.0,"9",.0,"9",.0,"9",.0,"9",.0,"9",.0,"9",.0,"9",0,"",0,"","Z",5,"",0,"9",0,"8"
"354190160","ELBL¥G-MILEJEWO","2018","02","01",4.3,"",1.2,"",2.6,"",-.2,"",.1,"","W",0,"9",.0,"9",1.1,"",3.2,"",.0,"9",.0,"9",.0,"9",.0,"9",6.8,"",.0,"9",.0,"9",.0,"9",.0,"9",.0,"9",.0,"9",.0,"9",.0,"9",.0,"9",5.0,"",0,"",0,"","R",0,"9",0,"9",0,"8"
"354190160","ELBL¥G-MILEJEWO","2018","02","02",1.5,"",-1.4,"",-.3,"",-2.9,"",.0,"","S",0,"9",.0,"9",4.4,"",.0,"9",.3,"",.0,"9",.0,"9",1.5,"",22.0,"",2.8,"",.0,"9",.0,"9",.0,"9",.0,"9",.0,"9",.0,"9",.0,"9",.0,"9",11.4,"",0,"",0,"","",7,"",0,"9",0,"8"
"354190160","ELBL¥G-MILEJEWO","2018","02","03",.8,"",-.8,"",-.2,"",-1.2,"",.4,"","S",0,"",.0,"9",.0,"9",.0,"9",6.2,"",.0,"9",.0,"9",.0,"9",24.0,"",.0,"9",.0,"9",.0,"9",.0,"9",.0,"9",.0,"9",.0,"9",.0,"9",.0,"9",2.2,"",0,"",0,"","Z",7,"",0,"9",0,"8"
"354190160","ELBL¥G-MILEJEWO","2018","02","04",.1,"",-2.8,"",-1.6,"",-2.9,"",.1,"","S",0,"9",.0,"9",3.5,"",.0,"9",1.5,"",.0,"9",.0,"9",1.4,"",8.3,"",.0,"9",.0,"9",.0,"9",.0,"9",.0,"9",.0,"9",.0,"9",.0,"9",.0,"9",.0,"9",0,"",0,"","Z",8,"",0,"9",0,"8"
"354190160","ELBL¥G-MILEJEWO","2018","02","05",-1.1,"",-7.1,"",-5.0,"",-8.1,"",6.7,"","S",0,"",.0,"9",4.4,"",.0,"9",10.5,"",.0,"9",.0,"9",.0,"9",4.7,"",.0,"9",.0,"9",.0,"9",.0,"9",.0,"9",.0,"9",.0,"9",.0,"9",.0,"9",.0,"9",0,"",0,"","Z",11,"",0,"9",0,"8"
"354190160","ELBL¥G-MILEJEWO","2018","02","06",-2.6,"",-7.0,"",-4.6,"",-11.3,"",.0,"","S",15,"",1.0,"",4.8,"",.0,"9",8.8,"",.0,"9",.0,"9",.0,"9",12.3,"",.0,"9",.0,"9",.0,"9",.0,"9",.0,"9",.0,"9",.0,"9",.0,"9",.0,"9",.0,"9",1,"",0,"","",10,"",0,"9",0,"8"
"354190160","ELBL¥G-MILEJEWO","2018","02","07",-3.6,"",-8.7,"",-6.4,"",-12.9,"",.0,"9","",12,"",1.1,"",8.0,"",.0,"9",.0,"9",.0,"9",.0,"9",.0,"9",13.3,"",.0,"9",.0,"9",.0,"9",.0,"9",.0,"9",.0,"9",.0,"9",.0,"9",.0,"9",.0,"9",1,"",0,"","Z",10,"",0,"9",0,"8"
"354190160","ELBL¥G-MILEJEWO","2018","02","08",-3.4,"",-8.7,"",-6.2,"",-16.3,"",.0,"9","",10,"",1.1,"",8.8,"",.0,"9",.0,"9",.0,"9",.0,"9",.0,"9",13.8,"",.0,"9",.0,"9",.0,"9",.0,"9",.0,"9",.0,"9",.0,"9",.0,"9",.0,"9",.0,"9",1,"",0,"","Z",12,"",0,"9",0,"8"
"354190160","ELBL¥G-MILEJEWO","2018","02","09",-3.3,"",-7.0,"",-5.2,"",-13.3,"",.0,"9","",9,"",1.1,"",8.7,"",.0,"9",.0,"9",.0,"9",.0,"9",6.0,"",3.2,"",6.0,"",.0,"9",.0,"9",.0,"9",.0,"9",.0,"9",.0,"9",.0,"9",.0,"9",.0,"9",1,"",0,"","Z",12,"",0,"9",0,"8"
"354190160","ELBL¥G-MILEJEWO","2018","02","10",-5.5,"",-7.0,"",-6.3,"",-8.1,"",.0,"9","",8,"",1.1,"",.0,"9",.0,"9",.0,"9",.0,"9",.0,"9",23.3,"",.7,"",24.0,"",.0,"9",.0,"9",.0,"9",.0,"9",.0,"9",.0,"9",.0,"9",.0,"9",.0,"9",1,"",0,"","Z",12,"",0,"9",0,"8"
"354190160","ELBL¥G-MILEJEWO","2018","02","11",-2.8,"",-6.5,"",-4.0,"",-6.4,"",1.4,"","S",8,"",1.1,"",.0,"9",.0,"9",1.3,"",.0,"9",.0,"9",1.8,"",22.2,"",12.8,"",.0,"9",.0,"9",.0,"9",.0,"9",.0,"9",.0,"9",.0,"9",.0,"9",.0,"9",1,"",0,"","Z",12,"",0,"9",0,"8"
"354190160","ELBL¥G-MILEJEWO","2018","02","12",.6,"",-2.8,"",-.9,"",-3.0,"",.0,"","S",11,"",1.5,"",2.5,"",.0,"9",6.1,"",.0,"9",.0,"9",2.6,"",20.8,"",4.8,"",.0,"9",1.5,"",1.8,"",.0,"9",.0,"9",.0,"9",.0,"9",.0,"9",.0,"9",1,"",0,"","",10,"",0,"9",0,"8"
"354190160","ELBL¥G-MILEJEWO","2018","02","13",.7,"",-4.8,"",-2.5,"",-8.6,"",.0,"9","",8,"",1.4,"",6.8,"",.0,"9",.0,"9",.0,"9",.0,"9",2.9,"",21.1,"",6.0,"",.0,"9",.0,"9",.0,"9",.0,"9",.0,"9",.0,"9",.0,"9",.0,"9",.0,"9",1,"",0,"","Z",10,"",0,"9",0,"8"
"354190160","ELBL¥G-MILEJEWO","2018","02","14",-.4,"",-7.2,"",-2.6,"",-10.7,"",.0,"9","",8,"",1.4,"",3.0,"",.0,"9",.0,"9",.0,"9",.0,"9",7.9,"",16.1,"",16.4,"",.0,"9",.0,"9",.0,"9",.0,"9",.0,"9",.0,"9",.0,"9",.0,"9",.0,"9",1,"",0,"","Z",12,"",0,"9",0,"8"
"354190160","ELBL¥G-MILEJEWO","2018","02","15",-.8,"",-3.8,"",-2.4,"",-7.4,"",.0,"","S",8,"",1.3,"",.0,"9",.0,"9",.0,"9",.0,"9",.0,"9",.0,"9",12.5,"",3.8,"",.0,"9",.0,"9",.0,"9",.0,"9",.0,"9",.0,"9",.0,"9",.0,"9",.0,"9",1,"",0,"","",10,"",0,"9",0,"8"
"354190160","ELBL¥G-MILEJEWO","2018","02","16",.9,"",-5.2,"",-1.9,"",-5.2,"",.6,"","S",8,"",1.4,"",.0,"9",.0,"9",10.3,"",.0,"9",.0,"9",.0,"9",23.3,"",.0,"9",.0,"9",.0,"9",.0,"9",.0,"9",.0,"9",.0,"9",.0,"9",.0,"9",.0,"9",1,"",0,"","Z",12,"",0,"9",0,"8"
"354190160","ELBL¥G-MILEJEWO","2018","02","17",1.3,"",-.5,"",.2,"",-1.1,"",1.7,"","S",9,"",1.6,"",.0,"9",.0,"9",8.5,"",.7,"",.0,"9",1.5,"",7.5,"",.0,"9",.0,"9",.0,"9",.0,"9",.0,"9",.8,"",.0,"9",.0,"9",.0,"9",.0,"9",1,"",0,"","R",0,"9",0,"9",0,"8"
"354190160","ELBL¥G-MILEJEWO","2018","02","18",-.4,"",-2.2,"",-1.4,"",-3.8,"",.8,"","S",11,"",1.3,"",.7,"",.0,"9",12.9,"",.0,"9",.0,"9",.0,"9",17.5,"",.0,"9",.0,"9",.0,"9",.0,"9",.0,"9",.0,"9",.0,"9",.0,"9",.0,"9",.0,"9",1,"",0,"","Z",10,"",0,"9",0,"8"
"354190160","ELBL¥G-MILEJEWO","2018","02","19",.7,"",-2.3,"",-.8,"",-3.3,"",.0,"9","",11,"",1.3,"",.0,"9",.0,"9",.0,"9",.0,"9",.0,"9",.0,"9",19.8,"",.0,"9",.0,"9",.0,"9",.0,"9",.0,"9",.0,"9",.0,"9",.0,"9",.0,"9",.0,"9",1,"",0,"","Z",10,"",0,"9",0,"8"
"354190160","ELBL¥G-MILEJEWO","2018","02","20",2.9,"",-2.5,"",-.7,"",-4.4,"",.0,"","S",10,"",1.4,"",6.0,"",.0,"9",.0,"9",.0,"9",.0,"9",.0,"9",12.6,"",.0,"9",.0,"9",.0,"9",.0,"9",.0,"9",.0,"9",.0,"9",.0,"9",.0,"9",.0,"9",1,"",0,"","",10,"",0,"9",0,"8"
"354190160","ELBL¥G-MILEJEWO","2018","02","21",1.2,"",-6.1,"",-3.1,"",-8.9,"",.5,"","S",10,"",1.5,"",8.0,"",.0,"9",5.6,"",.0,"9",.0,"9",.0,"9",5.8,"",.0,"9",.0,"9",.0,"9",.0,"9",.0,"9",.0,"9",.0,"9",.0,"9",.0,"9",.0,"9",1,"",0,"","Z",12,"",0,"9",0,"8"
"354190160","ELBL¥G-MILEJEWO","2018","02","22",-3.1,"",-11.2,"",-8.2,"",-14.1,"",.0,"9","",12,"",1.4,"",9.7,"",.0,"9",.0,"9",.0,"9",.0,"9",.0,"9",.0,"9",.0,"9",.0,"9",.0,"9",.0,"9",.0,"9",.0,"9",.0,"9",.0,"9",.0,"9",.0,"9",1,"",0,"","Z",12,"",0,"9",0,"8"
"354190160","ELBL¥G-MILEJEWO","2018","02","23",-3.5,"",-13.5,"",-8.6,"",-19.5,"",1.4,"","S",11,"",1.4,"",9.7,"",.0,"9",5.2,"",.0,"9",.0,"9",.0,"9",4.4,"",.0,"9",.0,"9",1.8,"",3.1,"",.0,"9",.2,"",.0,"9",.0,"9",.0,"9",.0,"9",1,"",0,"","Z",16,"",0,"9",0,"8"
"354190160","ELBL¥G-MILEJEWO","2018","02","24",-3.1,"",-12.9,"",-9.7,"",-15.7,"",.0,"9","",14,"",1.4,"",9.7,"",.0,"9",1.9,"",.0,"9",.0,"9",.0,"9",.0,"9",.0,"9",.0,"9",9.2,"",6.3,"",.0,"9",.3,"",.0,"9",.0,"9",.0,"9",.0,"9",1,"",0,"","Z",13,"",0,"9",0,"8"
"354190160","ELBL¥G-MILEJEWO","2018","02","25",-9.7,"",-15.1,"",-12.8,"",-19.3,"",.0,"","S",11,"",1.3,"",10.0,"",.0,"9",1.2,"",.0,"9",.0,"9",.0,"9",.0,"9",.0,"9",.0,"9",.0,"9",.0,"9",.0,"9",.0,"9",.0,"9",.0,"9",.0,"9",.0,"9",1,"",0,"","",18,"",0,"9",0,"8"
"354190160","ELBL¥G-MILEJEWO","2018","02","26",-8.4,"",-18.9,"",-13.2,"",-22.3,"",.5,"","S",10,"",1.6,"",10.2,"",.0,"9",6.5,"",.0,"9",.0,"9",.0,"9",5.8,"",.0,"9",.0,"9",.0,"9",.0,"9",.0,"9",.0,"9",.0,"9",.0,"9",.0,"9",.0,"9",1,"",0,"","Z",18,"",0,"9",0,"8"
"354190160","ELBL¥G-MILEJEWO","2018","02","27",-9.9,"",-17.3,"",-13.7,"",-20.1,"",.0,"9","",12,"",1.3,"",8.9,"",.0,"9",.0,"9",.0,"9",.0,"9",.0,"9",.0,"9",.0,"9",.0,"9",3.1,"",.0,"9",.0,"9",.0,"9",.0,"9",.0,"9",.0,"9",.0,"9",1,"",0,"","Z",18,"",0,"9",0,"8"
"354190160","ELBL¥G-MILEJEWO","2018","02","28",-10.7,"",-18.0,"",-14.9,"",-19.8,"",.1,"","S",12,"",1.3,"",9.2,"",.0,"9",.9,"",.0,"9",.0,"9",.0,"9",.0,"9",.0,"9",.0,"9",.0,"9",.0,"9",.0,"9",.0,"9",.0,"9",.0,"9",.0,"9",.0,"9",1,"",0,"","Z",19,"",0,"9",0,"8"
"354190160","ELBL¥G-MILEJEWO","2018","03","01",-10.0,"",-17.0,"",-13.8,"",-19.4,"",1.0,"","S",12,"",1.3,"",8.3,"",.0,"9",14.5,"",.0,"9",.0,"9",.0,"9",6.8,"",.0,"9",.0,"9",.0,"9",.0,"9",.0,"9",.0,"9",.0,"9",.0,"9",.0,"9",.0,"9",1,"",0,"","Z",20,"",0,"9",0,"8"
"354190160","ELBL¥G-MILEJEWO","2018","03","02",-8.1,"",-15.9,"",-12.2,"",-18.7,"",.0,"","S",13,"",1.4,"",8.0,"",.0,"9",4.0,"",.0,"9",.0,"9",.0,"9",9.3,"",.0,"9",.0,"9",.0,"9",.0,"9",.0,"9",.0,"9",.0,"9",.0,"9",.0,"9",.0,"9",1,"",0,"","",23,"",0,"9",0,"8"
"354190160","ELBL¥G-MILEJEWO","2018","03","03",-8.7,"",-14.6,"",-10.8,"",-20.6,"",.0,"","S",13,"",1.3,"",9.6,"",.0,"9",.5,"",.0,"9",.0,"9",.0,"9",8.7,"",.0,"9",.0,"9",.0,"9",.0,"9",.0,"9",.0,"9",.0,"9",.0,"9",.0,"9",.0,"9",1,"",0,"","",23,"",0,"9",0,"8"
"354190160","ELBL¥G-MILEJEWO","2018","03","04",-.5,"",-9.9,"",-5.6,"",-14.9,"",.1,"","S",12,"",1.1,"",5.1,"",.0,"9",4.4,"",.0,"9",.0,"9",.0,"9",6.3,"",.0,"9",.0,"9",.0,"9",.0,"9",.0,"9",.0,"9",.0,"9",.0,"9",.0,"9",.0,"9",1,"",0,"","Z",23,"",0,"9",0,"8"
"354190160","ELBL¥G-MILEJEWO","2018","03","05",1.0,"",-10.6,"",-4.1,"",-14.9,"",.0,"9","",12,"",1.2,"",6.1,"",.0,"9",.0,"9",.0,"9",.0,"9",.0,"9",9.4,"",.0,"9",.0,"9",.0,"9",.0,"9",14.6,"",.0,"9",.0,"9",.0,"9",.0,"9",.0,"9",1,"",0,"","Z",26,"",0,"9",0,"8"
"354190160","ELBL¥G-MILEJEWO","2018","03","06",4.1,"",-4.1,"",-.3,"",-7.2,"",.1,"","S",12,"",1.2,"",8.8,"",.0,"9",.0,"9",.0,"9",.0,"9",.0,"9",6.8,"",.0,"9",.0,"9",.0,"9",.0,"9",8.3,"",.0,"9",.0,"9",.0,"9",.0,"9",.0,"9",1,"",0,"","Z",24,"",0,"9",0,"8"
"354190160","ELBL¥G-MILEJEWO","2018","03","07",.9,"",-2.1,"",-.9,"",-2.5,"",.6,"","S",11,"",1.9,"",.0,"9",3.7,"",5.2,"",.0,"9",.0,"9",10.2,"",13.8,"",.0,"9",2.1,"",.0,"9",.0,"9",.0,"9",.0,"9",.0,"9",.0,"9",.0,"9",.0,"9",1,"",0,"","Z",20,"",0,"9",0,"8"
"354190160","ELBL¥G-MILEJEWO","2018","03","08",2.5,"",.0,"",1.2,"",.0,"",.0,"","W",11,"",2.9,"",.0,"9",3.1,"",.0,"9",.0,"9",.0,"9",8.3,"",11.8,"",.0,"9",.0,"9",.0,"9",.0,"9",.0,"9",.0,"9",.0,"9",.0,"9",.0,"9",.0,"9",1,"",0,"","Z",15,"",0,"9",0,"8"
"354190160","ELBL¥G-MILEJEWO","2018","03","09",2.9,"",.6,"",1.4,"",.0,"",5.6,"","S",9,"",2.7,"",.1,"",4.0,"",5.6,"",.0,"9",.0,"9",.0,"9",23.1,"",.0,"9",.0,"9",.0,"9",.0,"9",.0,"9",.0,"9",.0,"9",.0,"9",.0,"9",.0,"9",1,"",0,"","Z",10,"",0,"9",0,"8"
"354190160","ELBL¥G-MILEJEWO","2018","03","10",1.9,"",-1.1,"",.3,"",-.9,"",3.4,"","W",6,"",2.7,"",.8,"",2.9,"",.4,"",.0,"9",.0,"9",.0,"9",6.8,"",.0,"9",.0,"9",.0,"9",.0,"9",.0,"9",.0,"9",.0,"9",.0,"9",.0,"9",.0,"9",1,"",0,"","Z",10,"",0,"9",0,"8"
"354190160","ELBL¥G-MILEJEWO","2018","03","11",8.0,"",.8,"",4.0,"",.4,"",.9,"","W",4,"",.0,"9",3.8,"",10.4,"",.0,"9",.0,"9",.0,"9",7.3,"",16.8,"",.0,"9",.0,"9",.0,"9",.0,"9",.0,"9",.0,"9",.0,"9",.0,"9",.0,"9",.0,"9",1,"",0,"","R",0,"9",0,"9",0,"8"
"354190160","ELBL¥G-MILEJEWO","2018","03","12",9.6,"",3.3,"",7.0,"",2.6,"",6.7,"","W",0,"9",.0,"9",.7,"",.5,"",.0,"9",.0,"9",.0,"9",.0,"9",10.5,"",.0,"9",.0,"9",.0,"9",.0,"9",.0,"9",.0,"9",.0,"9",.0,"9",.0,"9",.0,"9",0,"",0,"","R",0,"9",0,"9",0,"8"
"354190160","ELBL¥G-MILEJEWO","2018","03","13",9.4,"",5.7,"",7.0,"",5.5,"",4.8,"","W",0,"9",.0,"9",.0,"9",21.0,"",.0,"9",.0,"9",.0,"9",3.9,"",16.8,"",.0,"9",.0,"9",.0,"9",.0,"9",.0,"9",.0,"9",.0,"9",.0,"9",.0,"9",.0,"9",0,"",0,"","R",0,"9",0,"9",0,"8"
"354190160","ELBL¥G-MILEJEWO","2018","03","14",7.4,"",-.6,"",1.1,"",-.6,"",.1,"","S",0,"9",.0,"9",.0,"9",.3,"",1.7,"",.0,"9",.0,"9",9.3,"",2.2,"",.0,"9",.0,"9",.0,"9",.0,"9",.0,"9",.0,"9",.0,"9",.0,"9",.0,"9",.0,"9",0,"",0,"","R",0,"9",0,"9",0,"8"
"354190160","ELBL¥G-MILEJEWO","2018","03","15",.4,"",-3.2,"",-2.0,"",-2.6,"",.0,"9","",0,"9",.0,"9",6.9,"",.0,"9",.0,"9",.0,"9",.0,"9",.0,"9",.0,"9",.0,"9",.0,"9",.0,"9",.0,"9",.0,"9",.0,"9",.0,"9",.0,"9",.0,"9",.0,"9",0,"",0,"","Z",6,"",0,"9",0,"8"
"354190160","ELBL¥G-MILEJEWO","2018","03","16",-2.3,"",-7.3,"",-5.1,"",-7.3,"",.0,"9","",0,"9",.0,"9",6.6,"",.0,"9",.0,"9",.0,"9",.0,"9",.0,"9",.0,"9",.0,"9",.0,"9",.0,"9",.0,"9",.0,"9",.0,"9",.0,"9",.0,"9",.0,"9",.0,"9",0,"",0,"","Z",10,"",0,"9",0,"8"
"354190160","ELBL¥G-MILEJEWO","2018","03","17",-3.7,"",-9.1,"",-6.7,"",-9.3,"",.0,"9","",0,"9",.0,"9",11.5,"",.0,"9",.0,"9",.0,"9",.0,"9",.0,"9",.0,"9",.0,"9",.0,"9",.0,"9",.0,"9",.0,"9",.0,"9",.0,"9",.0,"9",.0,"9",.0,"9",0,"",0,"","Z",19,"",0,"9",0,"8"
"354190160","ELBL¥G-MILEJEWO","2018","03","18",-.3,"",-9.2,"",-4.9,"",-10.1,"",.0,"9","",0,"9",.0,"9",11.6,"",.0,"9",.0,"9",.0,"9",.0,"9",.0,"9",.0,"9",.0,"9",.0,"9",.0,"9",.0,"9",.0,"9",.0,"9",.0,"9",.0,"9",.0,"9",.0,"9",0,"",0,"","Z",23,"",0,"9",0,"8"
"354190160","ELBL¥G-MILEJEWO","2018","03","19",3.0,"",-6.1,"",-1.7,"",-7.8,"",.0,"9","",0,"9",.0,"9",11.6,"",.0,"9",.0,"9",.0,"9",.0,"9",.0,"9",.0,"9",.0,"9",.0,"9",.0,"9",.0,"9",.0,"9",.0,"9",.0,"9",.0,"9",.0,"9",11.0,"",0,"",0,"","Z",34,"",0,"9",0,"8"
"354190160","ELBL¥G-MILEJEWO","2018","03","20",.6,"",-5.3,"",-1.8,"",-6.2,"",.5,"","S",0,"9",.0,"9",5.9,"",.0,"9",7.5,"",.0,"9",.0,"9",.0,"9",4.0,"",.0,"9",.0,"9",.0,"9",.0,"9",.0,"9",.0,"9",.0,"9",.0,"9",.0,"9",8.0,"",0,"",0,"","Z",20,"",0,"9",0,"8"
"354190160","ELBL¥G-MILEJEWO","2018","03","21",2.2,"",-2.7,"",-.7,"",-3.3,"",.3,"","S",0,"",.0,"9",8.9,"",.0,"9",1.6,"",.0,"9",.0,"9",.0,"9",.0,"9",.0,"9",.0,"9",.0,"9",.0,"9",.0,"9",.0,"9",.0,"9",.0,"9",.0,"9",.0,"9",0,"",0,"","Z",19,"",0,"9",0,"8"
"354190160","ELBL¥G-MILEJEWO","2018","03","22",1.6,"",-1.6,"",-.1,"",-3.1,"",.7,"","S",2,"",.0,"9",.2,"",.1,"",14.4,"",.0,"9",.0,"9",.0,"9",15.0,"",.0,"9",.0,"9",4.8,"",.0,"9",.0,"9",.0,"9",.0,"9",.0,"9",.0,"9",.0,"9",1,"",0,"","Z",10,"",0,"9",0,"8"
"354190160","ELBL¥G-MILEJEWO","2018","03","23",1.8,"",-.3,"",.3,"",-.4,"",.0,"9","",0,"9",.0,"9",.0,"9",1.9,"",.0,"9",.0,"9",.0,"9",7.8,"",16.2,"",1.6,"",7.1,"",.0,"9",.0,"9",.0,"9",.0,"9",.0,"9",.0,"9",.0,"9",.0,"9",0,"",0,"","Z",10,"",0,"9",0,"8"
"354190160","ELBL¥G-MILEJEWO","2018","03","24",4.3,"",-.4,"",2.0,"",-.6,"",.0,"9","",0,"9",.0,"9",.1,"",.0,"9",.0,"9",.0,"9",.0,"9",.0,"9",14.3,"",.0,"9",.0,"9",.0,"9",.0,"9",9.7,"",.0,"9",.0,"9",.0,"9",.0,"9",.0,"9",0,"",0,"","Z",10,"",0,"9",0,"8"
"354190160","ELBL¥G-MILEJEWO","2018","03","25",8.4,"",1.6,"",4.6,"",1.2,"",.0,"9","",0,"9",.0,"9",9.3,"",.0,"9",.0,"9",.0,"9",.0,"9",.0,"9",8.4,"",.0,"9",.0,"9",.0,"9",.0,"9",7.6,"",.0,"9",.0,"9",.0,"9",.0,"9",.0,"9",0,"",0,"","R",0,"9",0,"9",0,"8"
"354190160","ELBL¥G-MILEJEWO","2018","03","26",6.5,"",.6,"",2.7,"",.8,"",.1,"","S",0,"9",.0,"9",2.5,"",3.1,"",2.1,"",.0,"9",.0,"9",.0,"9",13.1,"",.0,"9",.0,"9",.0,"9",.0,"9",.0,"9",.0,"9",.0,"9",.0,"9",.0,"9",.0,"9",0,"",0,"","R",0,"9",0,"9",0,"8"
"354190160","ELBL¥G-MILEJEWO","2018","03","27",.9,"",-2.0,"",-1.1,"",-2.6,"",.0,"9","",0,"",.0,"9",5.7,"",.0,"9",.0,"9",.0,"9",.0,"9",.0,"9",.0,"9",.0,"9",.0,"9",.0,"9",.0,"9",.0,"9",.0,"9",.0,"9",.0,"9",.0,"9",.0,"9",0,"",0,"","Z",8,"",0,"9",0,"8"
"354190160","ELBL¥G-MILEJEWO","2018","03","28",3.2,"",-3.6,"",-.7,"",-4.2,"",.0,"","S",0,"9",.0,"9",11.2,"",.0,"9",.0,"9",.0,"9",.0,"9",.0,"9",.0,"9",.0,"9",.0,"9",.0,"9",.0,"9",.0,"9",.0,"9",.0,"9",.0,"9",.0,"9",7.0,"",0,"",0,"","",9,"",0,"9",0,"8"
"354190160","ELBL¥G-MILEJEWO","2018","03","29",.1,"",-2.9,"",-1.0,"",-3.6,"",2.1,"","S",0,"",.0,"9",.0,"9",1.6,"",10.4,"",1.1,"",.0,"9",4.6,"",13.7,"",.0,"9",.0,"9",2.7,"",.0,"9",.0,"9",.0,"9",.0,"9",.0,"9",.0,"9",.0,"9",0,"",0,"","Z",9,"",0,"9",0,"8"
"354190160","ELBL¥G-MILEJEWO","2018","03","30",2.4,"",.1,"",1.1,"",-.3,"",.0,"9","",5,"",1.6,"",.2,"",.0,"9",.0,"9",.0,"9",.0,"9",.0,"9",7.8,"",.0,"9",.0,"9",.0,"9",.0,"9",.0,"9",.0,"9",.0,"9",.0,"9",.0,"9",.0,"9",1,"",0,"","Z",5,"",0,"9",0,"8"
"354190160","ELBL¥G-MILEJEWO","2018","03","31",7.0,"",-.7,"",3.0,"",-.8,"",7.4,"","W",2,"",.0,"9",6.4,"",3.6,"",.0,"9",.0,"9",.0,"9",.0,"9",2.4,"",.0,"9",.0,"9",.0,"9",.0,"9",.0,"9",.0,"9",.0,"9",.0,"9",.0,"9",.0,"9",1,"",0,"","Z",5,"",0,"9",0,"8"
"354190160","ELBL¥G-MILEJEWO","2018","04","01",5.2,"",2.2,"",3.4,"",2.2,"",7.3,"","S",0,"9",.0,"9",.0,"9",22.8,"",.0,"9",.0,"9",.0,"9",8.5,"",15.6,"",.0,"9",.0,"9",.0,"9",.0,"9",.0,"9",.0,"9",.0,"9",.0,"9",.0,"9",.0,"9",0,"",0,"","R",0,"9",0,"9",0,"8"
"354190160","ELBL¥G-MILEJEWO","2018","04","02",3.7,"",-.6,"",1.0,"",-.5,"",.1,"","S",0,"",.0,"9",4.7,"",.9,"",4.6,"",1.2,"",.0,"9",.1,"",5.4,"",.0,"9",.0,"9",.0,"9",.0,"9",.0,"9",.3,"",.0,"9",.0,"9",.0,"9",.0,"9",0,"",0,"","R",0,"9",0,"9",0,"8"
"354190160","ELBL¥G-MILEJEWO","2018","04","03",9.4,"",-1.1,"",4.4,"",-3.0,"",.6,"","W",0,"9",.0,"9",.1,"",4.1,"",.0,"9",.0,"9",.0,"9",.0,"9",2.3,"",.0,"9",.0,"9",.0,"9",.0,"9",.0,"9",.0,"9",.0,"9",.0,"9",.0,"9",6.0,"",0,"",0,"","Z",1,"",0,"9",0,"8"
"354190160","ELBL¥G-MILEJEWO","2018","04","04",19.9,"",7.0,"",13.5,"",4.3,"",.0,"","W",0,"9",.0,"9",9.9,"",.3,"",.0,"9",.0,"9",.0,"9",.0,"9",6.2,"",.0,"9",.0,"9",.0,"9",.0,"9",4.5,"",.0,"9",.0,"9",.0,"9",.0,"9",.0,"9",0,"",0,"","R",0,"9",0,"9",0,"8"
"354190160","ELBL¥G-MILEJEWO","2018","04","05",15.9,"",8.0,"",11.0,"",6.8,"",.0,"9","",0,"9",.0,"9",4.9,"",.1,"",.0,"9",.0,"9",.0,"9",.0,"9",3.7,"",.0,"9",.0,"9",.0,"9",.0,"9",.0,"9",.0,"9",.0,"9",.0,"9",6.0,"",.0,"9",0,"",0,"","R",0,"9",0,"9",0,"8"
"354190160","ELBL¥G-MILEJEWO","2018","04","06",9.0,"",1.6,"",5.3,"",1.2,"",.0,"9","",0,"9",.0,"9",12.4,"",.0,"9",.0,"9",.0,"9",.0,"9",.0,"9",.0,"9",.0,"9",.0,"9",.0,"9",.0,"9",.0,"9",.6,"",.0,"9",.0,"9",8.0,"",.0,"9",0,"",0,"","R",0,"9",0,"9",0,"8"
"354190160","ELBL¥G-MILEJEWO","2018","04","07",13.3,"",.9,"",7.9,"",-2.0,"",.0,"9","",0,"9",.0,"9",12.5,"",.0,"9",.0,"9",.0,"9",.0,"9",.0,"9",.0,"9",.0,"9",.0,"9",.0,"9",.0,"9",.0,"9",.0,"9",.0,"9",.0,"9",.0,"9",6.0,"",0,"",0,"","R",0,"9",0,"9",0,"8"
"354190160","ELBL¥G-MILEJEWO","2018","04","08",20.3,"",7.8,"",14.3,"",6.6,"",.0,"9","",0,"9",.0,"9",12.5,"",.0,"9",.0,"9",.0,"9",.0,"9",.0,"9",.0,"9",.0,"9",.0,"9",.0,"9",.0,"9",.0,"9",.0,"9",.0,"9",.0,"9",1.0,"",.0,"9",0,"",0,"","R",0,"9",0,"9",0,"8"
"354190160","ELBL¥G-MILEJEWO","2018","04","09",18.3,"",12.1,"",14.6,"",10.0,"",.0,"9","",0,"9",.0,"9",10.9,"",.0,"9",.0,"9",.0,"9",.0,"9",.0,"9",1.3,"",.0,"9",.0,"9",.0,"9",.0,"9",.0,"9",.0,"9",.0,"9",.0,"9",13.0,"",.0,"9",0,"",0,"","R",0,"9",0,"9",0,"8"
"354190160","ELBL¥G-MILEJEWO","2018","04","10",17.5,"",7.2,"",11.2,"",3.4,"",.0,"9","",0,"9",.0,"9",12.3,"",.0,"9",.0,"9",.0,"9",.0,"9",.0,"9",8.1,"",.0,"9",.0,"9",.0,"9",.0,"9",.0,"9",.0,"9",.0,"9",.0,"9",8.3,"",.0,"9",0,"",0,"","R",0,"9",0,"9",0,"8"
"354190160","ELBL¥G-MILEJEWO","2018","04","11",13.4,"",3.4,"",8.1,"",3.3,"",.0,"","W",0,"9",.0,"9",7.9,"",.2,"",.0,"9",.0,"9",.0,"9",.0,"9",1.5,"",.0,"9",.0,"9",.0,"9",.0,"9",.0,"9",.0,"9",.0,"9",.0,"9",7.0,"",.0,"9",0,"",0,"","R",0,"9",0,"9",0,"8"
"354190160","ELBL¥G-MILEJEWO","2018","04","12",16.9,"",6.1,"",11.4,"",5.6,"",.0,"9","",0,"9",.0,"9",12.0,"",.0,"9",.0,"9",.0,"9",.0,"9",.0,"9",.0,"9",.0,"9",.0,"9",.0,"9",.0,"9",.0,"9",.0,"9",.0,"9",.0,"9",.0,"9",.0,"9",0,"",0,"","R",0,"9",0,"9",0,"8"
"354190160","ELBL¥G-MILEJEWO","2018","04","13",21.1,"",7.6,"",14.2,"",6.9,"",.0,"9","",0,"9",.0,"9",12.6,"",.0,"9",.0,"9",.0,"9",.0,"9",.0,"9",.0,"9",.0,"9",.0,"9",.0,"9",.0,"9",.0,"9",.0,"9",.0,"9",.0,"9",8.0,"",.0,"9",0,"",0,"","R",0,"9",0,"9",0,"8"
"354190160","ELBL¥G-MILEJEWO","2018","04","14",19.7,"",10.5,"",14.1,"",8.9,"",.0,"9","",0,"9",.0,"9",10.7,"",.0,"9",.0,"9",.0,"9",.0,"9",.0,"9",.0,"9",.0,"9",.0,"9",.0,"9",.0,"9",.0,"9",.0,"9",.0,"9",.0,"9",11.0,"",.0,"9",0,"",0,"","R",0,"9",0,"9",0,"8"
"354190160","ELBL¥G-MILEJEWO","2018","04","15",21.0,"",8.8,"",15.4,"",7.4,"",.0,"9","",0,"9",.0,"9",10.9,"",.0,"9",.0,"9",.0,"9",.0,"9",.0,"9",.0,"9",.0,"9",.0,"9",.0,"9",.0,"9",.0,"9",.0,"9",.0,"9",.0,"9",7.0,"",.0,"9",0,"",0,"","R",0,"9",0,"9",0,"8"
"354190160","ELBL¥G-MILEJEWO","2018","04","16",17.9,"",12.6,"",14.5,"",10.7,"",10.7,"","W",0,"9",.0,"9",.4,"",8.7,"",.0,"9",.0,"9",.0,"9",1.7,"",5.0,"",.0,"9",.0,"9",.0,"9",.0,"9",.0,"9",.0,"9",.0,"9",.0,"9",6.0,"",.0,"9",0,"",0,"","R",0,"9",0,"9",0,"8"
"354190160","ELBL¥G-MILEJEWO","2018","04","17",15.5,"",5.0,"",8.1,"",5.2,"",.0,"","W",0,"9",.0,"9",6.3,"",5.8,"",.0,"9",.0,"9",.0,"9",5.6,"",4.7,"",.0,"9",.0,"9",.0,"9",.0,"9",.0,"9",.0,"9",.0,"9",.0,"9",5.0,"",.0,"9",0,"",0,"","R",0,"9",0,"9",0,"8"
"354190160","ELBL¥G-MILEJEWO","2018","04","18",17.2,"",4.9,"",11.3,"",4.0,"",.0,"9","",0,"9",.0,"9",12.0,"",.0,"9",.0,"9",.0,"9",.0,"9",.0,"9",7.3,"",.0,"9",.0,"9",.0,"9",.0,"9",.0,"9",.0,"9",.0,"9",.0,"9",14.0,"",.0,"9",0,"",0,"","R",0,"9",0,"9",0,"8"
"354190160","ELBL¥G-MILEJEWO","2018","04","19",15.4,"",8.4,"",10.6,"",7.5,"",.0,"9","",0,"9",.0,"9",12.9,"",.0,"9",.0,"9",.0,"9",.0,"9",.0,"9",2.2,"",.0,"9",.0,"9",.0,"9",.0,"9",.0,"9",.0,"9",.0,"9",.0,"9",14.0,"",.0,"9",0,"",0,"","R",0,"9",0,"9",0,"8"
"354190160","ELBL¥G-MILEJEWO","2018","04","20",20.4,"",5.3,"",13.9,"",2.9,"",.0,"9","",0,"9",.0,"9",13.6,"",.0,"9",.0,"9",.0,"9",.0,"9",.0,"9",.0,"9",.0,"9",.0,"9",.0,"9",.0,"9",.0,"9",.0,"9",.0,"9",.0,"9",9.0,"",.0,"9",0,"",0,"","R",0,"9",0,"9",0,"8"
"354190160","ELBL¥G-MILEJEWO","2018","04","21",17.6,"",10.8,"",12.7,"",9.4,"",.0,"9","",0,"9",.0,"9",13.2,"",.0,"9",.0,"9",.0,"9",.0,"9",.0,"9",.0,"9",.0,"9",.0,"9",.0,"9",.0,"9",1.9,"",.0,"9",.0,"9",.0,"9",2.0,"",.0,"9",0,"",0,"","R",0,"9",0,"9",0,"8"
"354190160","ELBL¥G-MILEJEWO","2018","04","22",13.6,"",4.7,"",8.4,"",3.9,"",.0,"9","",0,"9",.0,"9",13.4,"",.0,"9",.0,"9",.0,"9",.0,"9",.0,"9",.0,"9",.0,"9",.0,"9",.0,"9",.0,"9",.0,"9",.0,"9",.0,"9",.0,"9",13.0,"",.0,"9",0,"",0,"","R",0,"9",0,"9",0,"8"
"354190160","ELBL¥G-MILEJEWO","2018","04","23",17.2,"",5.2,"",11.3,"",3.2,"",3.2,"","W",0,"9",.0,"9",7.1,"",3.8,"",.0,"9",.0,"9",.0,"9",.0,"9",3.8,"",.0,"9",.0,"9",.0,"9",.0,"9",.0,"9",.0,"9",.0,"9",.0,"9",8.0,"",.0,"9",0,"",0,"","R",0,"9",0,"9",0,"8"
"354190160","ELBL¥G-MILEJEWO","2018","04","24",14.0,"",5.6,"",10.2,"",4.8,"",1.5,"","W",0,"9",.0,"9",6.6,"",.1,"",.0,"9",.0,"9",.0,"9",.0,"9",3.8,"",.0,"9",.0,"9",.0,"9",.0,"9",.0,"9",.0,"9",.0,"9",.0,"9",.0,"9",.0,"9",0,"",0,"","R",0,"9",0,"9",0,"8"
"354190160","ELBL¥G-MILEJEWO","2018","04","25",14.4,"",8.5,"",9.8,"",7.7,"",6.1,"","W",0,"9",.0,"9",1.3,"",8.5,"",.0,"9",.0,"9",.1,"",.0,"9",12.2,"",.0,"9",.0,"9",.0,"9",.0,"9",.0,"9",.0,"9",.0,"9",.2,"",.0,"9",.0,"9",0,"",0,"","R",0,"9",0,"9",0,"8"
"354190160","ELBL¥G-MILEJEWO","2018","04","26",11.7,"",4.9,"",7.5,"",4.2,"",1.7,"","W",0,"9",.0,"9",4.4,"",2.3,"",.0,"9",.0,"9",.0,"9",.0,"9",.2,"",.0,"9",.0,"9",.0,"9",.0,"9",.0,"9",.0,"9",.0,"9",.0,"9",.0,"9",.0,"9",0,"",0,"","R",0,"9",0,"9",0,"8"
"354190160","ELBL¥G-MILEJEWO","2018","04","27",12.2,"",4.2,"",8.2,"",3.0,"",.0,"9","",0,"9",.0,"9",9.2,"",.0,"9",.0,"9",.0,"9",.0,"9",.0,"9",6.3,"",.0,"9",.0,"9",.0,"9",.0,"9",.0,"9",.0,"9",.0,"9",.0,"9",3.0,"",.0,"9",0,"",0,"","R",0,"9",0,"9",0,"8"
"354190160","ELBL¥G-MILEJEWO","2018","04","28",18.7,"",7.9,"",13.1,"",6.8,"",.0,"","W",0,"9",.0,"9",8.1,"",.0,"9",.0,"9",.0,"9",.0,"9",.0,"9",.0,"9",.0,"9",.0,"9",.0,"9",.0,"9",.0,"9",.0,"9",.0,"9",.0,"9",10.0,"",.0,"9",0,"",0,"","R",0,"9",0,"9",0,"8"
"354190160","ELBL¥G-MILEJEWO","2018","04","29",21.0,"",11.6,"",14.4,"",6.7,"",.0,"9","",0,"9",.0,"9",10.5,"",.6,"",.0,"9",.0,"9",.0,"9",.0,"9",.0,"9",.0,"9",.0,"9",.0,"9",.0,"9",.0,"9",.0,"9",.0,"9",.0,"9",2.9,"",.0,"9",0,"",0,"","R",0,"9",0,"9",0,"8"
"354190160","ELBL¥G-MILEJEWO","2018","04","30",26.8,"",9.5,"",17.6,"",7.7,"",8.5,"","W",0,"9",.0,"9",10.6,"",1.5,"",.0,"9",.0,"9",.0,"9",.0,"9",.0,"9",.0,"9",.0,"9",.0,"9",.0,"9",.0,"9",.2,"",.0,"9",2.8,"",6.0,"",.0,"9",0,"",0,"","R",0,"9",0,"9",0,"8"
"354190160","ELBL¥G-MILEJEWO","2018","05","01",20.4,"",9.2,"",14.7,"",7.7,"",.1,"","W",0,"9",.0,"9",9.2,"",.2,"",.0,"9",.0,"9",.0,"9",.0,"9",2.0,"",.0,"9",.0,"9",.0,"9",.0,"9",.0,"9",.0,"9",.0,"9",.0,"9",.0,"9",.0,"9",0,"",0,"","R",0,"9",0,"9",0,"8"
"354190160","ELBL¥G-MILEJEWO","2018","05","02",16.4,"",5.1,"",11.4,"",3.0,"",.3,"","W",0,"9",.0,"9",12.2,"",.0,"9",.0,"9",.0,"9",.0,"9",.0,"9",.0,"9",.0,"9",.0,"9",.0,"9",.0,"9",.0,"9",.0,"9",.0,"9",.0,"9",8.0,"",.0,"9",0,"",0,"","R",0,"9",0,"9",0,"8"
"354190160","ELBL¥G-MILEJEWO","2018","05","03",21.2,"",11.2,"",14.0,"",10.5,"",1.8,"","W",0,"9",.0,"9",9.1,"",.5,"",.0,"9",.0,"9",.0,"9",.0,"9",.0,"9",.0,"9",.0,"9",.0,"9",.0,"9",.0,"9",.0,"9",.0,"9",2.3,"",.0,"9",.0,"9",0,"",0,"","R",0,"9",0,"9",0,"8"
"354190160","ELBL¥G-MILEJEWO","2018","05","04",12.1,"",6.7,"",8.3,"",6.7,"",.0,"9","",0,"9",.0,"9",10.2,"",1.7,"",.0,"9",.0,"9",.0,"9",.0,"9",4.0,"",.0,"9",.0,"9",.0,"9",.0,"9",.0,"9",.0,"9",.0,"9",.0,"9",4.0,"",.0,"9",0,"",0,"","R",0,"9",0,"9",0,"8"
"354190160","ELBL¥G-MILEJEWO","2018","05","05",13.6,"",3.8,"",8.9,"",1.5,"",.0,"9","",0,"9",.0,"9",14.4,"",.0,"9",.0,"9",.0,"9",.0,"9",.0,"9",.0,"9",.0,"9",.0,"9",.0,"9",.0,"9",.0,"9",.0,"9",.0,"9",.0,"9",13.0,"",.0,"9",0,"",0,"","R",0,"9",0,"9",0,"8"
"354190160","ELBL¥G-MILEJEWO","2018","05","06",16.5,"",5.9,"",11.5,"",3.1,"",.0,"9","",0,"9",.0,"9",14.9,"",.0,"9",.0,"9",.0,"9",.0,"9",.0,"9",.0,"9",.0,"9",.0,"9",.0,"9",.0,"9",.0,"9",.0,"9",.0,"9",.0,"9",11.0,"",.0,"9",0,"",0,"","R",0,"9",0,"9",0,"8"
"354190160","ELBL¥G-MILEJEWO","2018","05","07",19.2,"",7.8,"",13.4,"",3.8,"",.0,"9","",0,"9",.0,"9",15.1,"",.0,"9",.0,"9",.0,"9",.0,"9",2.6,"",3.1,"",.0,"9",.0,"9",.0,"9",.0,"9",.0,"9",.0,"9",.0,"9",.0,"9",4.7,"",.0,"9",0,"",0,"","R",0,"9",0,"9",0,"8"
"354190160","ELBL¥G-MILEJEWO","2018","05","08",21.1,"",9.9,"",16.1,"",6.0,"",.0,"9","",0,"9",.0,"9",15.1,"",.0,"9",.0,"9",.0,"9",.0,"9",.0,"9",.0,"9",.0,"9",.0,"9",.0,"9",.0,"9",.0,"9",.0,"9",.0,"9",.0,"9",8.0,"",.0,"9",0,"",0,"","R",0,"9",0,"9",0,"8"
"354190160","ELBL¥G-MILEJEWO","2018","05","09",23.6,"",12.3,"",18.6,"",9.2,"",.0,"9","",0,"9",.0,"9",15.0,"",.0,"9",.0,"9",.0,"9",.0,"9",.0,"9",.0,"9",.0,"9",.0,"9",.0,"9",.0,"9",.0,"9",.0,"9",.0,"9",.0,"9",5.0,"",.0,"9",0,"",0,"","R",0,"9",0,"9",0,"8"
"354190160","ELBL¥G-MILEJEWO","2018","05","10",26.4,"",13.2,"",20.3,"",11.1,"",.0,"9","",0,"9",.0,"9",13.4,"",.0,"9",.0,"9",.0,"9",.0,"9",.0,"9",.0,"9",.0,"9",.0,"9",.0,"9",.0,"9",.0,"9",.0,"9",.0,"9",.0,"9",7.0,"",.0,"9",0,"",0,"","R",0,"9",0,"9",0,"8"
"354190160","ELBL¥G-MILEJEWO","2018","05","11",26.0,"",15.7,"",19.4,"",14.6,"",1.9,"","W",0,"9",.0,"9",10.0,"",2.3,"",.0,"9",.0,"9",.0,"9",.0,"9",1.7,"",.0,"9",.0,"9",.0,"9",.0,"9",.0,"9",.0,"9",.0,"9",4.4,"",.0,"9",.0,"9",0,"",0,"","R",0,"9",0,"9",0,"8"
"354190160","ELBL¥G-MILEJEWO","2018","05","12",22.8,"",11.3,"",17.8,"",10.5,"",.0,"9","",0,"9",.0,"9",14.8,"",.0,"9",.0,"9",.0,"9",.0,"9",1.2,"",1.6,"",.0,"9",.0,"9",.0,"9",.0,"9",.0,"9",.0,"9",.0,"9",.0,"9",.0,"9",.0,"9",0,"",0,"","R",0,"9",0,"9",0,"8"
"354190160","ELBL¥G-MILEJEWO","2018","05","13",24.1,"",13.8,"",19.2,"",9.5,"",.0,"9","",0,"9",.0,"9",15.3,"",.0,"9",.0,"9",.0,"9",.0,"9",.0,"9",.0,"9",.0,"9",.0,"9",.0,"9",.0,"9",.0,"9",.0,"9",.0,"9",.0,"9",.0,"9",.0,"9",0,"",0,"","R",0,"9",0,"9",0,"8"
"354190160","ELBL¥G-MILEJEWO","2018","05","14",21.3,"",12.3,"",17.0,"",10.6,"",.0,"9","",0,"9",.0,"9",10.6,"",.0,"9",.0,"9",.0,"9",.0,"9",.0,"9",.0,"9",.0,"9",.0,"9",.0,"9",.0,"9",.0,"9",.0,"9",.0,"9",.0,"9",3.0,"",.0,"9",0,"",0,"","R",0,"9",0,"9",0,"8"
"354190160","ELBL¥G-MILEJEWO","2018","05","15",19.1,"",13.0,"",16.0,"",9.7,"",.0,"","W",0,"9",.0,"9",8.9,"",.3,"",.0,"9",.0,"9",.0,"9",.0,"9",.0,"9",.0,"9",.0,"9",.0,"9",.0,"9",.0,"9",.0,"9",.0,"9",.0,"9",.0,"9",.0,"9",0,"",0,"","R",0,"9",0,"9",0,"8"
"354190160","ELBL¥G-MILEJEWO","2018","05","16",20.9,"",11.6,"",16.4,"",8.4,"",1.1,"","W",0,"9",.0,"9",9.5,"",1.3,"",.0,"9",.0,"9",.0,"9",.0,"9",.0,"9",.0,"9",.0,"9",.0,"9",.0,"9",.0,"9",.0,"9",.0,"9",.0,"9",1.1,"",.0,"9",0,"",0,"","R",0,"9",0,"9",0,"8"
"354190160","ELBL¥G-MILEJEWO","2018","05","17",16.8,"",12.8,"",14.1,"",12.6,"",6.0,"","W",0,"9",.0,"9",1.0,"",6.1,"",.0,"9",.0,"9",.0,"9",4.4,"",11.3,"",.0,"9",.0,"9",.0,"9",.0,"9",.0,"9",.0,"9",.0,"9",.0,"9",.0,"9",.0,"9",0,"",0,"","R",0,"9",0,"9",0,"8"
"354190160","ELBL¥G-MILEJEWO","2018","05","18",12.8,"",9.7,"",10.4,"",9.9,"",3.4,"","W",0,"9",.0,"9",.9,"",3.6,"",.0,"9",.0,"9",.0,"9",7.3,"",9.1,"",.0,"9",.0,"9",.0,"9",.0,"9",.0,"9",.0,"9",.0,"9",.0,"9",.0,"9",.0,"9",0,"",0,"","R",0,"9",0,"9",0,"8"
"354190160","ELBL¥G-MILEJEWO","2018","05","19",12.9,"",7.2,"",9.4,"",6.4,"",.0,"9","",0,"9",.0,"9",15.3,"",.0,"9",.0,"9",.0,"9",.0,"9",.0,"9",.0,"9",.0,"9",.0,"9",.0,"9",.0,"9",.0,"9",.0,"9",.0,"9",.0,"9",5.0,"",.0,"9",0,"",0,"","R",0,"9",0,"9",0,"8"
"354190160","ELBL¥G-MILEJEWO","2018","05","20",16.8,"",6.9,"",12.1,"",5.1,"",.0,"9","",0,"9",.0,"9",15.2,"",.0,"9",.0,"9",.0,"9",.0,"9",.0,"9",.0,"9",.0,"9",.0,"9",.0,"9",.0,"9",.0,"9",.0,"9",.0,"9",.0,"9",8.0,"",.0,"9",0,"",0,"","R",0,"9",0,"9",0,"8"
"354190160","ELBL¥G-MILEJEWO","2018","05","21",20.7,"",9.1,"",15.5,"",6.2,"",.0,"9","",0,"9",.0,"9",14.5,"",.0,"9",.0,"9",.0,"9",.0,"9",.0,"9",.0,"9",.0,"9",.0,"9",.0,"9",.0,"9",.0,"9",.0,"9",.0,"9",.0,"9",.0,"9",.0,"9",0,"",0,"","R",0,"9",0,"9",0,"8"
"354190160","ELBL¥G-MILEJEWO","2018","05","22",18.9,"",10.9,"",14.0,"",9.9,"",.9,"","W",0,"9",.0,"9",9.0,"",1.4,"",.0,"9",.0,"9",.2,"",.0,"9",.5,"",.0,"9",.0,"9",.0,"9",.0,"9",.0,"9",.0,"9",.0,"9",.8,"",4.0,"",.0,"9",0,"",0,"","R",0,"9",0,"9",0,"8"
"354190160","ELBL¥G-MILEJEWO","2018","05","23",16.9,"",8.6,"",13.3,"",6.3,"",.0,"9","",0,"9",.0,"9",15.4,"",.0,"9",.0,"9",.0,"9",.0,"9",1.2,"",2.1,"",.0,"9",.0,"9",.0,"9",.0,"9",.0,"9",.0,"9",.0,"9",.0,"9",4.3,"",.0,"9",0,"",0,"","R",0,"9",0,"9",0,"8"
"354190160","ELBL¥G-MILEJEWO","2018","05","24",20.4,"",10.8,"",15.4,"",9.2,"",.0,"9","",0,"9",.0,"9",15.6,"",.0,"9",.0,"9",.0,"9",.0,"9",.0,"9",.0,"9",.0,"9",.0,"9",.0,"9",.0,"9",.0,"9",.0,"9",.0,"9",.0,"9",1.8,"",.0,"9",0,"",0,"","R",0,"9",0,"9",0,"8"
"354190160","ELBL¥G-MILEJEWO","2018","05","25",23.2,"",9.8,"",15.7,"",8.7,"",17.4,"","W",0,"9",.0,"9",11.4,"",2.1,"",.0,"9",.0,"9",.2,"",.0,"9",.7,"",.0,"9",.0,"9",.0,"9",.0,"9",.0,"9",.0,"9",.0,"9",5.3,"",6.0,"",.0,"9",0,"",0,"","R",0,"9",0,"9",0,"8"
"354190160","ELBL¥G-MILEJEWO","2018","05","26",19.7,"",13.5,"",16.5,"",12.6,"",1.4,"","W",0,"9",.0,"9",10.6,"",1.8,"",.0,"9",.0,"9",.0,"9",.0,"9",.0,"9",.0,"9",.0,"9",.0,"9",.0,"9",.0,"9",.0,"9",.0,"9",.7,"",3.1,"",.0,"9",0,"",0,"","R",0,"9",0,"9",0,"8"
"354190160","ELBL¥G-MILEJEWO","2018","05","27",23.3,"",14.6,"",19.0,"",14.1,"",.0,"","W",0,"9",.0,"9",10.4,"",.8,"",.0,"9",.0,"9",.0,"9",.0,"9",1.7,"",.0,"9",.0,"9",.0,"9",.0,"9",.0,"9",.0,"9",.0,"9",.0,"9",5.0,"",.0,"9",0,"",0,"","R",0,"9",0,"9",0,"8"
"354190160","ELBL¥G-MILEJEWO","2018","05","28",26.3,"",17.1,"",22.1,"",14.6,"",.0,"9","",0,"9",.0,"9",15.6,"",.0,"9",.0,"9",.0,"9",.0,"9",.0,"9",.0,"9",.0,"9",.0,"9",.0,"9",.0,"9",.0,"9",.0,"9",.0,"9",.0,"9",8.0,"",.0,"9",0,"",0,"","R",0,"9",0,"9",0,"8"
"354190160","ELBL¥G-MILEJEWO","2018","05","29",26.6,"",18.0,"",22.5,"",13.8,"",.0,"9","",0,"9",.0,"9",15.7,"",.0,"9",.0,"9",.0,"9",.0,"9",.0,"9",.0,"9",.0,"9",.0,"9",.0,"9",.0,"9",.0,"9",.0,"9",.0,"9",.0,"9",7.0,"",.0,"9",0,"",0,"","R",0,"9",0,"9",0,"8"
"354190160","ELBL¥G-MILEJEWO","2018","05","30",27.9,"",17.8,"",23.2,"",13.5,"",.0,"9","",0,"9",.0,"9",15.7,"",.0,"9",.0,"9",.0,"9",.0,"9",.0,"9",.0,"9",.0,"9",.0,"9",.0,"9",.0,"9",.0,"9",.0,"9",.0,"9",.0,"9",6.0,"",.0,"9",0,"",0,"","R",0,"9",0,"9",0,"8"
"354190160","ELBL¥G-MILEJEWO","2018","05","31",26.7,"",18.5,"",22.6,"",14.3,"",.0,"9","",0,"9",.0,"9",15.7,"",.0,"9",.0,"9",.0,"9",.0,"9",.0,"9",.0,"9",.0,"9",.0,"9",.0,"9",.0,"9",.0,"9",.0,"9",.0,"9",.0,"9",6.0,"",.0,"9",0,"",0,"","R",0,"9",0,"9",0,"8"
"354190160","ELBL¥G-MILEJEWO","2018","06","01",27.8,"",14.8,"",20.7,"",13.8,"",.8,"","W",0,"9",.0,"9",12.4,"",2.0,"",.0,"9",.0,"9",.0,"9",.0,"9",.0,"9",.0,"9",.0,"9",.0,"9",.0,"9",.0,"9",.0,"9",.0,"9",3.8,"",.0,"9",.0,"9",0,"",0,"","R",0,"9",0,"9",0,"8"
"354190160","ELBL¥G-MILEJEWO","2018","06","02",24.7,"",16.3,"",19.6,"",15.9,"",.0,"9","",0,"9",.0,"9",15.0,"",.0,"9",.0,"9",.0,"9",.0,"9",.0,"9",.0,"9",.0,"9",.0,"9",.0,"9",.0,"9",.0,"9",.0,"9",.0,"9",.0,"9",3.0,"",.0,"9",0,"",0,"","R",0,"9",0,"9",0,"8"
"354190160","ELBL¥G-MILEJEWO","2018","06","03",25.5,"",13.8,"",19.7,"",10.4,"",.0,"9","",0,"9",.0,"9",15.8,"",.0,"9",.0,"9",.0,"9",.0,"9",.0,"9",.0,"9",.0,"9",.0,"9",.0,"9",.0,"9",.0,"9",.0,"9",.0,"9",.0,"9",10.0,"",.0,"9",0,"",0,"","R",0,"9",0,"9",0,"8"
"354190160","ELBL¥G-MILEJEWO","2018","06","04",25.7,"",14.6,"",19.7,"",13.9,"",.1,"","W",0,"9",.0,"9",15.4,"",.3,"",.0,"9",.0,"9",.0,"9",.0,"9",.3,"",.0,"9",.0,"9",.0,"9",.0,"9",.0,"9",.0,"9",.0,"9",.0,"9",6.0,"",.0,"9",0,"",0,"","R",0,"9",0,"9",0,"8"
"354190160","ELBL¥G-MILEJEWO","2018","06","05",18.4,"",10.6,"",13.7,"",11.6,"",.0,"","W",0,"9",.0,"9",9.6,"",1.7,"",.0,"9",.0,"9",.0,"9",.0,"9",4.3,"",.0,"9",.0,"9",.0,"9",.0,"9",.0,"9",.0,"9",.0,"9",.0,"9",3.0,"",.0,"9",0,"",0,"","R",0,"9",0,"9",0,"8"
"354190160","ELBL¥G-MILEJEWO","2018","06","06",15.4,"",4.8,"",11.6,"",1.8,"",.0,"9","",0,"9",.0,"9",15.1,"",.0,"9",.0,"9",.0,"9",.0,"9",.0,"9",.0,"9",.0,"9",.0,"9",.0,"9",.0,"9",.0,"9",.0,"9",.0,"9",.0,"9",6.0,"",.0,"9",0,"",0,"","R",0,"9",0,"9",0,"8"
"354190160","ELBL¥G-MILEJEWO","2018","06","07",21.5,"",8.5,"",16.3,"",6.6,"",.0,"9","",0,"9",.0,"9",16.0,"",.0,"9",.0,"9",.0,"9",.0,"9",.0,"9",.0,"9",.0,"9",.0,"9",.0,"9",.0,"9",.0,"9",.0,"9",.0,"9",.0,"9",3.0,"",.0,"9",0,"",0,"","R",0,"9",0,"9",0,"8"
"354190160","ELBL¥G-MILEJEWO","2018","06","08",23.7,"",14.7,"",19.1,"",10.8,"",.0,"9","",0,"9",.0,"9",15.9,"",.0,"9",.0,"9",.0,"9",.0,"9",.0,"9",.0,"9",.0,"9",.0,"9",.0,"9",.0,"9",.0,"9",.0,"9",.0,"9",.0,"9",.0,"9",.0,"9",0,"",0,"","R",0,"9",0,"9",0,"8"
"354190160","ELBL¥G-MILEJEWO","2018","06","09",24.4,"",14.4,"",19.9,"",11.3,"",.0,"9","",0,"9",.0,"9",16.0,"",.0,"9",.0,"9",.0,"9",.0,"9",.0,"9",.0,"9",.0,"9",.0,"9",.0,"9",.0,"9",.0,"9",.0,"9",.0,"9",.0,"9",.0,"9",.0,"9",0,"",0,"","R",0,"9",0,"9",0,"8"
"354190160","ELBL¥G-MILEJEWO","2018","06","10",27.8,"",14.4,"",21.9,"",12.3,"",1.2,"","W",0,"9",.0,"9",13.5,"",2.3,"",.0,"9",.0,"9",.0,"9",.0,"9",.0,"9",.0,"9",.0,"9",.0,"9",.0,"9",.0,"9",.0,"9",.0,"9",.0,"9",.0,"9",.0,"9",0,"",0,"","R",0,"9",0,"9",0,"8"
"354190160","ELBL¥G-MILEJEWO","2018","06","11",23.4,"",17.5,"",18.5,"",16.8,"",.1,"","W",0,"9",.0,"9",5.2,"",4.7,"",.0,"9",.0,"9",.0,"9",.0,"9",.0,"9",.0,"9",.0,"9",.0,"9",.0,"9",.0,"9",.0,"9",.0,"9",.0,"9",.0,"9",.0,"9",0,"",0,"","R",0,"9",0,"9",0,"8"
"354190160","ELBL¥G-MILEJEWO","2018","06","12",17.6,"",10.9,"",14.4,"",9.9,"",.1,"","W",0,"9",.0,"9",2.6,"",.8,"",.0,"9",.0,"9",.0,"9",.0,"9",1.9,"",.0,"9",.0,"9",.0,"9",.0,"9",.0,"9",.0,"9",.0,"9",.0,"9",.0,"9",.0,"9",0,"",0,"","R",0,"9",0,"9",0,"8"
"354190160","ELBL¥G-MILEJEWO","2018","06","13",19.0,"",13.8,"",15.7,"",13.8,"",16.5,"","W",0,"9",.0,"9",2.8,"",7.8,"",.0,"9",.0,"9",.0,"9",.0,"9",2.5,"",.0,"9",.0,"9",.0,"9",.0,"9",.0,"9",.0,"9",.0,"9",.0,"9",.0,"9",.0,"9",0,"",0,"","R",0,"9",0,"9",0,"8"
"354190160","ELBL¥G-MILEJEWO","2018","06","14",19.0,"",12.8,"",15.2,"",12.6,"",.0,"9","",0,"9",.0,"9",10.3,"",2.7,"",.0,"9",.0,"9",.0,"9",.0,"9",7.7,"",.0,"9",.0,"9",.0,"9",.0,"9",.0,"9",.0,"9",.0,"9",.0,"9",4.0,"",.0,"9",0,"",0,"","R",0,"9",0,"9",0,"8"
"354190160","ELBL¥G-MILEJEWO","2018","06","15",19.3,"",12.7,"",16.0,"",11.3,"",.0,"9","",0,"9",.0,"9",7.0,"",.0,"9",.0,"9",.0,"9",.0,"9",.0,"9",.0,"9",.0,"9",.0,"9",.0,"9",.0,"9",.0,"9",.0,"9",.0,"9",.0,"9",6.3,"",.0,"9",0,"",0,"","R",0,"9",0,"9",0,"8"
"354190160","ELBL¥G-MILEJEWO","2018","06","16",21.3,"",14.1,"",17.1,"",12.3,"",.0,"9","",0,"9",.0,"9",6.4,"",.0,"9",.0,"9",.0,"9",.0,"9",.0,"9",.0,"9",.0,"9",.0,"9",.0,"9",.0,"9",.0,"9",.0,"9",.0,"9",.0,"9",11.0,"",.0,"9",0,"",0,"","R",0,"9",0,"9",0,"8"
"354190160","ELBL¥G-MILEJEWO","2018","06","17",26.1,"",14.5,"",20.6,"",12.7,"",.0,"9","",0,"9",.0,"9",15.2,"",.0,"9",.0,"9",.0,"9",.0,"9",.0,"9",.0,"9",.0,"9",.0,"9",.0,"9",.0,"9",.0,"9",.0,"9",.0,"9",.0,"9",9.0,"",.0,"9",0,"",0,"","R",0,"9",0,"9",0,"8"
"354190160","ELBL¥G-MILEJEWO","2018","06","18",24.0,"",15.3,"",17.3,"",14.6,"",.1,"","W",0,"9",.0,"9",8.1,"",.7,"",.0,"9",.0,"9",.0,"9",.0,"9",3.7,"",.0,"9",.0,"9",.0,"9",.0,"9",.0,"9",.0,"9",.0,"9",.0,"9",6.0,"",.0,"9",0,"",0,"","R",0,"9",0,"9",0,"8"
"354190160","ELBL¥G-MILEJEWO","2018","06","19",23.1,"",13.9,"",18.7,"",12.5,"",.0,"9","",0,"9",.0,"9",6.2,"",.0,"9",.0,"9",.0,"9",.0,"9",.0,"9",.0,"9",.0,"9",.0,"9",.0,"9",.0,"9",.0,"9",.0,"9",.0,"9",.0,"9",1.0,"",.0,"9",0,"",0,"","R",0,"9",0,"9",0,"8"
"354190160","ELBL¥G-MILEJEWO","2018","06","20",24.0,"",12.5,"",18.3,"",11.6,"",.0,"9","",0,"9",.0,"9",14.4,"",.0,"9",.0,"9",.0,"9",.0,"9",.0,"9",.0,"9",.0,"9",.0,"9",.0,"9",.0,"9",.0,"9",.0,"9",.0,"9",.0,"9",6.0,"",.0,"9",0,"",0,"","R",0,"9",0,"9",0,"8"
"354190160","ELBL¥G-MILEJEWO","2018","06","21",28.2,"",11.8,"",18.4,"",11.6,"",3.1,"","W",0,"9",.0,"9",8.9,"",1.6,"",.0,"9",.0,"9",.0,"9",.0,"9",.0,"9",.0,"9",.0,"9",.0,"9",.0,"9",.0,"9",1.4,"",.0,"9",.4,"",.0,"9",.0,"9",0,"",0,"","R",0,"9",0,"9",0,"8"
"354190160","ELBL¥G-MILEJEWO","2018","06","22",15.8,"",8.4,"",11.8,"",7.9,"",.0,"","W",0,"9",.0,"9",7.1,"",.5,"",.0,"9",.0,"9",.0,"9",.0,"9",.0,"9",.0,"9",.0,"9",.0,"9",.0,"9",.0,"9",.0,"9",.0,"9",.0,"9",3.0,"",.0,"9",0,"",0,"","R",0,"9",0,"9",0,"8"
"354190160","ELBL¥G-MILEJEWO","2018","06","23",16.0,"",8.2,"",12.1,"",7.2,"",9.8,"","W",0,"9",.0,"9",6.3,"",2.4,"",.0,"9",.0,"9",.0,"9",.0,"9",.0,"9",.0,"9",.0,"9",.0,"9",.0,"9",.0,"9",.0,"9",.0,"9",.0,"9",6.7,"",.0,"9",0,"",0,"","R",0,"9",0,"9",0,"8"
"354190160","ELBL¥G-MILEJEWO","2018","06","24",15.9,"",9.8,"",12.6,"",9.5,"",6.9,"","W",0,"9",.0,"9",6.8,"",8.2,"",.0,"9",.0,"9",.0,"9",.0,"9",5.2,"",.0,"9",.0,"9",.0,"9",.0,"9",.0,"9",.0,"9",.0,"9",.0,"9",.0,"9",.0,"9",0,"",0,"","R",0,"9",0,"9",0,"8"
"354190160","ELBL¥G-MILEJEWO","2018","06","25",16.7,"",10.2,"",13.2,"",10.2,"",9.4,"","W",0,"9",.0,"9",3.5,"",9.9,"",.0,"9",.0,"9",.0,"9",.0,"9",.0,"9",.0,"9",.0,"9",.0,"9",.0,"9",.0,"9",.0,"9",.0,"9",2.7,"",.0,"9",.0,"9",0,"",0,"","R",0,"9",0,"9",0,"8"
"354190160","ELBL¥G-MILEJEWO","2018","06","26",18.5,"",12.6,"",15.1,"",12.3,"",.5,"","W",0,"9",.0,"9",8.4,"",2.3,"",.0,"9",.0,"9",.0,"9",.0,"9",.0,"9",.0,"9",.0,"9",.0,"9",.0,"9",.0,"9",.0,"9",.0,"9",.0,"9",.0,"9",.0,"9",0,"",0,"","R",0,"9",0,"9",0,"8"
"354190160","ELBL¥G-MILEJEWO","2018","06","27",21.7,"",12.2,"",17.7,"",10.1,"",.0,"9","",0,"9",.0,"9",12.5,"",.0,"9",.0,"9",.0,"9",.0,"9",.0,"9",.0,"9",.0,"9",.0,"9",.0,"9",.0,"9",.0,"9",.0,"9",.0,"9",.0,"9",3.0,"",.0,"9",0,"",0,"","R",0,"9",0,"9",0,"8"
"354190160","ELBL¥G-MILEJEWO","2018","06","28",24.8,"",14.7,"",20.2,"",12.7,"",.0,"9","",0,"9",.0,"9",15.9,"",.0,"9",.0,"9",.0,"9",.0,"9",.0,"9",.0,"9",.0,"9",.0,"9",.0,"9",.0,"9",.0,"9",.0,"9",.0,"9",.0,"9",9.0,"",.0,"9",0,"",0,"","R",0,"9",0,"9",0,"8"
"354190160","ELBL¥G-MILEJEWO","2018","06","29",20.6,"",13.1,"",15.8,"",13.3,"",.0,"9","",0,"9",.0,"9",7.6,"",.0,"9",.0,"9",.0,"9",.0,"9",.0,"9",.0,"9",.0,"9",.0,"9",.0,"9",.0,"9",.0,"9",.0,"9",.0,"9",.0,"9",6.0,"",.0,"9",0,"",0,"","R",0,"9",0,"9",0,"8"
"354190160","ELBL¥G-MILEJEWO","2018","06","30",15.5,"",12.0,"",13.0,"",11.5,"",.0,"9","",0,"9",.0,"9",6.9,"",.0,"9",.0,"9",.0,"9",.0,"9",.0,"9",.0,"9",.0,"9",.0,"9",.0,"9",.0,"9",.0,"9",.0,"9",.0,"9",.0,"9",.0,"9",.0,"9",0,"",0,"","R",0,"9",0,"9",0,"8"
"354190160","ELBL¥G-MILEJEWO","2018","07","01",15.1,"",11.3,"",12.8,"",10.5,"",1.6,"","W",0,"9",.0,"9",6.7,"",.0,"9",.0,"9",.0,"9",.0,"9",.0,"9",.0,"9",.0,"9",.0,"9",.0,"9",.0,"9",.0,"9",.3,"",.0,"9",.0,"9",.0,"9",.0,"9",0,"",0,"","R",0,"9",0,"9",0,"8"
"354190160","ELBL¥G-MILEJEWO","2018","07","02",15.4,"",11.3,"",13.1,"",10.9,"",6.1,"","W",0,"9",.0,"9",1.4,"",8.8,"",.0,"9",.0,"9",.0,"9",.0,"9",.0,"9",.0,"9",.0,"9",.0,"9",.0,"9",.0,"9",.0,"9",.0,"9",.0,"9",.0,"9",.0,"9",0,"",0,"","R",0,"9",0,"9",0,"8"
"354190160","ELBL¥G-MILEJEWO","2018","07","03",16.6,"",11.5,"",13.7,"",11.1,"",.0,"","W",0,"9",.0,"9",3.0,"",1.1,"",.0,"9",.0,"9",.0,"9",.0,"9",.0,"9",.0,"9",.0,"9",.0,"9",.0,"9",.0,"9",.0,"9",.0,"9",.0,"9",2.0,"",.0,"9",0,"",0,"","R",0,"9",0,"9",0,"8"
"354190160","ELBL¥G-MILEJEWO","2018","07","04",26.4,"",12.3,"",19.1,"",10.7,"",.0,"9","",0,"9",.0,"9",13.7,"",.0,"9",.0,"9",.0,"9",.0,"9",.0,"9",.0,"9",.0,"9",.0,"9",.0,"9",.0,"9",.0,"9",.0,"9",.0,"9",.0,"9",10.0,"",.0,"9",0,"",0,"","R",0,"9",0,"9",0,"8"
"354190160","ELBL¥G-MILEJEWO","2018","07","05",22.5,"",13.9,"",17.7,"",11.8,"",.0,"9","",0,"9",.0,"9",15.6,"",.0,"9",.0,"9",.0,"9",.0,"9",.0,"9",.0,"9",.0,"9",.0,"9",.0,"9",.0,"9",.0,"9",.0,"9",.0,"9",.0,"9",7.0,"",.0,"9",0,"",0,"","R",0,"9",0,"9",0,"8"
"354190160","ELBL¥G-MILEJEWO","2018","07","06",20.7,"",13.0,"",16.4,"",12.3,"",.0,"9","",0,"9",.0,"9",13.3,"",.0,"9",.0,"9",.0,"9",.0,"9",.0,"9",1.7,"",.0,"9",.0,"9",.0,"9",.0,"9",.0,"9",.0,"9",.0,"9",.0,"9",9.0,"",.0,"9",0,"",0,"","R",0,"9",0,"9",0,"8"
"354190160","ELBL¥G-MILEJEWO","2018","07","07",19.9,"",12.0,"",16.3,"",11.0,"",1.0,"","W",0,"9",.0,"9",13.2,"",.0,"9",.0,"9",.0,"9",.0,"9",.0,"9",1.8,"",.0,"9",.0,"9",.0,"9",.0,"9",.0,"9",.0,"9",.0,"9",.0,"9",7.0,"",.0,"9",0,"",0,"","R",0,"9",0,"9",0,"8"
"354190160","ELBL¥G-MILEJEWO","2018","07","08",19.0,"",14.4,"",16.4,"",14.1,"",.0,"9","",0,"9",.0,"9",10.5,"",1.3,"",.0,"9",.0,"9",.0,"9",.0,"9",.3,"",.0,"9",.0,"9",.0,"9",.0,"9",.0,"9",.0,"9",.0,"9",.0,"9",3.0,"",.0,"9",0,"",0,"","R",0,"9",0,"9",0,"8"
"354190160","ELBL¥G-MILEJEWO","2018","07","09",24.7,"",11.7,"",16.9,"",10.4,"",.0,"","W",0,"9",.0,"9",4.7,"",.4,"",.0,"9",.0,"9",.0,"9",5.3,"",2.7,"",.0,"9",.0,"9",.0,"9",.0,"9",.0,"9",.0,"9",.0,"9",.0,"9",2.2,"",.0,"9",0,"",0,"","R",0,"9",0,"9",0,"8"
"354190160","ELBL¥G-MILEJEWO","2018","07","10",25.1,"",15.2,"",18.8,"",15.0,"",.0,"","W",0,"9",.0,"9",3.0,"",.3,"",.0,"9",.0,"9",.0,"9",.0,"9",7.7,"",.0,"9",.0,"9",.0,"9",.0,"9",.0,"9",.0,"9",.0,"9",.0,"9",9.0,"",.0,"9",0,"",0,"","R",0,"9",0,"9",0,"8"
"354190160","ELBL¥G-MILEJEWO","2018","07","11",26.5,"",15.5,"",20.2,"",13.9,"",5.6,"","W",0,"9",.0,"9",9.3,"",.3,"",.0,"9",.0,"9",.0,"9",.0,"9",.0,"9",.0,"9",.0,"9",.0,"9",.0,"9",.0,"9",.0,"9",.0,"9",1.2,"",5.0,"",.0,"9",0,"",0,"","R",0,"9",0,"9",0,"8"
"354190160","ELBL¥G-MILEJEWO","2018","07","12",20.0,"",15.5,"",17.5,"",15.4,"",38.7,"","W",0,"9",.0,"9",1.7,"",14.1,"",.0,"9",.0,"9",.0,"9",.0,"9",10.9,"",.0,"9",.0,"9",.0,"9",.0,"9",.0,"9",.0,"9",.0,"9",.7,"",.0,"9",.0,"9",0,"",0,"","R",0,"9",0,"9",0,"8"
"354190160","ELBL¥G-MILEJEWO","2018","07","13",17.9,"",15.1,"",16.4,"",14.9,"",35.1,"","W",0,"9",.0,"9",.1,"",9.8,"",.0,"9",.0,"9",.0,"9",2.1,"",13.3,"",.0,"9",.0,"9",.0,"9",.0,"9",.0,"9",.0,"9",.0,"9",.0,"9",.0,"9",.0,"9",0,"",0,"","R",0,"9",0,"9",0,"8"
"354190160","ELBL¥G-MILEJEWO","2018","07","14",19.3,"",16.4,"",17.4,"",16.1,"",7.3,"","W",0,"9",.0,"9",4.9,"",6.9,"",.0,"9",.0,"9",.0,"9",.0,"9",8.5,"",.0,"9",.0,"9",.0,"9",.0,"9",.0,"9",.0,"9",.0,"9",.0,"9",.0,"9",.0,"9",0,"",0,"","R",0,"9",0,"9",0,"8"
"354190160","ELBL¥G-MILEJEWO","2018","07","15",21.0,"",16.1,"",18.2,"",15.6,"",.0,"9","",0,"9",.0,"9",13.2,"",.0,"9",.0,"9",.0,"9",.0,"9",.0,"9",2.3,"",.0,"9",.0,"9",.0,"9",.0,"9",.0,"9",.0,"9",.0,"9",.0,"9",4.0,"",.0,"9",0,"",0,"","R",0,"9",0,"9",0,"8"
"354190160","ELBL¥G-MILEJEWO","2018","07","16",22.3,"",17.0,"",19.0,"",16.6,"",4.3,"","W",0,"9",.0,"9",3.2,"",4.4,"",.0,"9",.0,"9",.0,"9",.8,"",6.6,"",.0,"9",.0,"9",.0,"9",.0,"9",.0,"9",.0,"9",.0,"9",.9,"",9.0,"",.0,"9",0,"",0,"","R",0,"9",0,"9",0,"8"
"354190160","ELBL¥G-MILEJEWO","2018","07","17",19.7,"",17.8,"",18.8,"",17.1,"",22.5,"","W",0,"9",.0,"9",.1,"",11.1,"",.0,"9",.0,"9",.0,"9",.5,"",17.2,"",.0,"9",.0,"9",.0,"9",.0,"9",.0,"9",.0,"9",.0,"9",1.7,"",.0,"9",.0,"9",0,"",0,"","R",0,"9",0,"9",0,"8"
"354190160","ELBL¥G-MILEJEWO","2018","07","18",25.7,"",18.7,"",21.2,"",18.2,"",.0,"9","",0,"9",.0,"9",11.7,"",.3,"",.0,"9",.0,"9",.0,"9",.0,"9",9.7,"",.0,"9",.0,"9",.0,"9",.0,"9",.0,"9",.0,"9",.0,"9",.8,"",6.0,"",.0,"9",0,"",0,"","R",0,"9",0,"9",0,"8"
"354190160","ELBL¥G-MILEJEWO","2018","07","19",24.8,"",18.4,"",20.5,"",18.2,"",.0,"9","",0,"9",.0,"9",10.8,"",.0,"9",.0,"9",.0,"9",.0,"9",1.3,"",7.4,"",.0,"9",.0,"9",.0,"9",.0,"9",.0,"9",.0,"9",.0,"9",.0,"9",5.8,"",.0,"9",0,"",0,"","R",0,"9",0,"9",0,"8"
"354190160","ELBL¥G-MILEJEWO","2018","07","20",23.4,"",18.4,"",19.7,"",18.1,"",.0,"9","",0,"9",.0,"9",12.5,"",.0,"9",.0,"9",.0,"9",.0,"9",.0,"9",5.5,"",.0,"9",.0,"9",.0,"9",.0,"9",.0,"9",.0,"9",.0,"9",.0,"9",12.0,"",.0,"9",0,"",0,"","R",0,"9",0,"9",0,"8"
"354190160","ELBL¥G-MILEJEWO","2018","07","21",24.8,"",13.6,"",19.2,"",12.6,"",.0,"9","",0,"9",.0,"9",15.0,"",.0,"9",.0,"9",.0,"9",.0,"9",.0,"9",.0,"9",.0,"9",.0,"9",.0,"9",.0,"9",.0,"9",.0,"9",.0,"9",.0,"9",12.0,"",.0,"9",0,"",0,"","R",0,"9",0,"9",0,"8"
"354190160","ELBL¥G-MILEJEWO","2018","07","22",23.0,"",16.1,"",19.5,"",14.3,"",.0,"9","",0,"9",.0,"9",14.6,"",.0,"9",.0,"9",.0,"9",.0,"9",.0,"9",.8,"",.0,"9",.0,"9",.0,"9",.0,"9",.0,"9",.0,"9",.0,"9",.0,"9",13.0,"",.0,"9",0,"",0,"","R",0,"9",0,"9",0,"8"
"354190160","ELBL¥G-MILEJEWO","2018","07","23",24.0,"",16.5,"",20.5,"",14.9,"",.1,"","W",0,"9",.0,"9",15.3,"",.0,"9",.0,"9",.0,"9",.0,"9",.0,"9",6.3,"",.0,"9",.0,"9",.0,"9",.0,"9",.0,"9",.0,"9",.0,"9",.0,"9",5.6,"",.0,"9",0,"",0,"","R",0,"9",0,"9",0,"8"
"354190160","ELBL¥G-MILEJEWO","2018","07","24",23.6,"",17.5,"",20.3,"",15.6,"",.0,"9","",0,"9",.0,"9",13.6,"",.0,"9",.0,"9",.0,"9",.0,"9",.0,"9",5.8,"",.0,"9",.0,"9",.0,"9",.0,"9",.0,"9",.0,"9",.0,"9",.0,"9",14.0,"",.0,"9",0,"",0,"","R",0,"9",0,"9",0,"8"
"354190160","ELBL¥G-MILEJEWO","2018","07","25",24.6,"",18.0,"",21.1,"",17.0,"",.0,"","W",0,"9",.0,"9",11.7,"",.1,"",.0,"9",.0,"9",.0,"9",.0,"9",3.5,"",.0,"9",.0,"9",.0,"9",.0,"9",.0,"9",.0,"9",.0,"9",.0,"9",14.0,"",.0,"9",0,"",0,"","R",0,"9",0,"9",0,"8"
"354190160","ELBL¥G-MILEJEWO","2018","07","26",26.0,"",19.8,"",22.8,"",18.8,"",.0,"9","",0,"9",.0,"9",12.5,"",.0,"9",.0,"9",.0,"9",.0,"9",.0,"9",6.8,"",.0,"9",.0,"9",.0,"9",.0,"9",.0,"9",.0,"9",.0,"9",.0,"9",12.0,"",.0,"9",0,"",0,"","R",0,"9",0,"9",0,"8"
"354190160","ELBL¥G-MILEJEWO","2018","07","27",26.3,"",19.0,"",22.5,"",17.2,"",.0,"9","",0,"9",.0,"9",12.8,"",.0,"9",.0,"9",.0,"9",.0,"9",.0,"9",.0,"9",.0,"9",.0,"9",.0,"9",.0,"9",.0,"9",.0,"9",.0,"9",.0,"9",5.3,"",.0,"9",0,"",0,"","R",0,"9",0,"9",0,"8"
"354190160","ELBL¥G-MILEJEWO","2018","07","28",28.1,"",19.7,"",23.3,"",18.4,"",.3,"","W",0,"9",.0,"9",7.9,"",.4,"",.0,"9",.0,"9",.0,"9",.0,"9",.0,"9",.0,"9",.0,"9",.0,"9",.0,"9",.0,"9",.0,"9",.0,"9",1.7,"",8.4,"",.0,"9",0,"",0,"","R",0,"9",0,"9",0,"8"
"354190160","ELBL¥G-MILEJEWO","2018","07","29",27.5,"",19.7,"",22.3,"",18.8,"",15.0,"","W",0,"9",.0,"9",6.1,"",3.2,"",.0,"9",.0,"9",.0,"9",.0,"9",4.3,"",.0,"9",.0,"9",.0,"9",.0,"9",.0,"9",.0,"9",.0,"9",3.8,"",.0,"9",.0,"9",0,"",0,"","R",0,"9",0,"9",0,"8"
"354190160","ELBL¥G-MILEJEWO","2018","07","30",26.5,"",19.4,"",21.7,"",18.5,"",2.3,"","W",0,"9",.0,"9",8.7,"",2.1,"",.0,"9",.0,"9",.0,"9",2.6,"",2.9,"",.0,"9",.0,"9",.0,"9",.0,"9",.0,"9",.0,"9",.0,"9",2.4,"",.0,"9",.0,"9",0,"",0,"","R",0,"9",0,"9",0,"8"
"354190160","ELBL¥G-MILEJEWO","2018","07","31",28.4,"",18.7,"",24.0,"",18.0,"",.0,"","W",0,"9",.0,"9",9.4,"",1.0,"",.0,"9",.0,"9",.0,"9",.0,"9",2.3,"",.0,"9",.0,"9",.0,"9",.0,"9",.0,"9",.0,"9",.0,"9",2.3,"",5.0,"",.0,"9",0,"",0,"","R",0,"9",0,"9",0,"8"
"354190160","ELBL¥G-MILEJEWO","2018","08","01",29.5,"",21.0,"",25.0,"",20.8,"",.0,"9","",0,"9",.0,"9",8.9,"",.0,"9",.0,"9",.0,"9",.0,"9",.0,"9",.0,"9",.0,"9",.0,"9",.0,"9",.0,"9",.0,"9",.0,"9",.0,"9",.0,"9",13.0,"",.0,"9",0,"",0,"","R",0,"9",0,"9",0,"8"
"354190160","ELBL¥G-MILEJEWO","2018","08","02",30.2,"",22.7,"",25.4,"",20.2,"",.0,"9","",0,"9",.0,"9",9.2,"",.0,"9",.0,"9",.0,"9",.0,"9",.0,"9",4.0,"",.0,"9",.0,"9",.0,"9",.0,"9",.0,"9",.0,"9",.0,"9",1.5,"",12.0,"",.0,"9",0,"",0,"","R",0,"9",0,"9",0,"8"
"354190160","ELBL¥G-MILEJEWO","2018","08","03",25.9,"",19.8,"",22.6,"",18.3,"",.0,"9","",0,"9",.0,"9",14.8,"",.0,"9",.0,"9",.0,"9",.0,"9",.0,"9",.0,"9",.0,"9",.0,"9",.0,"9",.0,"9",.0,"9",.0,"9",.0,"9",.0,"9",13.0,"",.0,"9",0,"",0,"","R",0,"9",0,"9",0,"8"
"354190160","ELBL¥G-MILEJEWO","2018","08","04",27.0,"",16.0,"",21.7,"",14.2,"",.2,"","W",0,"9",.0,"9",12.4,"",.6,"",.0,"9",.0,"9",.0,"9",.0,"9",.0,"9",.0,"9",.0,"9",.0,"9",.0,"9",.0,"9",.0,"9",.0,"9",2.1,"",8.0,"",.0,"9",0,"",0,"","R",0,"9",0,"9",0,"8"
"354190160","ELBL¥G-MILEJEWO","2018","08","05",23.4,"",17.4,"",19.5,"",16.9,"",1.8,"","W",0,"9",.0,"9",8.7,"",.6,"",.0,"9",.0,"9",.0,"9",.0,"9",6.3,"",.0,"9",.0,"9",.0,"9",.0,"9",.0,"9",.0,"9",.0,"9",.0,"9",.0,"9",.0,"9",0,"",0,"","R",0,"9",0,"9",0,"8"
"354190160","ELBL¥G-MILEJEWO","2018","08","06",21.8,"",14.2,"",17.9,"",13.6,"",.0,"9","",0,"9",.0,"9",11.6,"",.0,"9",.0,"9",.0,"9",.0,"9",.0,"9",.0,"9",.0,"9",.0,"9",.0,"9",.0,"9",.0,"9",.0,"9",.0,"9",.0,"9",5.0,"",.0,"9",0,"",0,"","R",0,"9",0,"9",0,"8"
"354190160","ELBL¥G-MILEJEWO","2018","08","07",27.0,"",14.7,"",21.2,"",13.6,"",.0,"9","",0,"9",.0,"9",13.5,"",.0,"9",.0,"9",.0,"9",.0,"9",.0,"9",.0,"9",.0,"9",.0,"9",.0,"9",.0,"9",.0,"9",.0,"9",.0,"9",.0,"9",9.0,"",.0,"9",0,"",0,"","R",0,"9",0,"9",0,"8"
"354190160","ELBL¥G-MILEJEWO","2018","08","08",29.1,"",19.2,"",24.2,"",16.9,"",.0,"9","",0,"9",.0,"9",14.3,"",.0,"9",.0,"9",.0,"9",.0,"9",.0,"9",.0,"9",.0,"9",.0,"9",.0,"9",.0,"9",.0,"9",.0,"9",.0,"9",.0,"9",6.0,"",.0,"9",0,"",0,"","R",0,"9",0,"9",0,"8"
"354190160","ELBL¥G-MILEJEWO","2018","08","09",30.5,"",20.4,"",25.7,"",19.4,"",.0,"9","",0,"9",.0,"9",14.1,"",.0,"9",.0,"9",.0,"9",.0,"9",.0,"9",.0,"9",.0,"9",.0,"9",.0,"9",.0,"9",.0,"9",.0,"9",.0,"9",.0,"9",.0,"9",.0,"9",0,"",0,"","R",0,"9",0,"9",0,"8"
"354190160","ELBL¥G-MILEJEWO","2018","08","10",27.8,"",19.8,"",22.4,"",18.8,"",1.8,"","W",0,"9",.0,"9",6.6,"",2.1,"",.0,"9",.0,"9",.0,"9",.0,"9",.0,"9",.0,"9",.0,"9",.0,"9",.0,"9",.0,"9",.0,"9",.0,"9",1.1,"",.0,"9",.0,"9",0,"",0,"","R",0,"9",0,"9",0,"8"
"354190160","ELBL¥G-MILEJEWO","2018","08","11",20.9,"",14.6,"",17.4,"",14.0,"",3.5,"","W",0,"9",.0,"9",3.1,"",1.5,"",.0,"9",.0,"9",.0,"9",.0,"9",.0,"9",.0,"9",.0,"9",.0,"9",.0,"9",.0,"9",.0,"9",.0,"9",.3,"",.0,"9",.0,"9",0,"",0,"","R",0,"9",0,"9",0,"8"
"354190160","ELBL¥G-MILEJEWO","2018","08","12",21.0,"",11.5,"",16.0,"",10.8,"",.0,"","W",0,"9",.0,"9",9.3,"",.1,"",.0,"9",.0,"9",.0,"9",.0,"9",.0,"9",.0,"9",.0,"9",.0,"9",.0,"9",.0,"9",.2,"",.0,"9",.0,"9",4.0,"",.0,"9",0,"",0,"","R",0,"9",0,"9",0,"8"
"354190160","ELBL¥G-MILEJEWO","2018","08","13",23.7,"",14.5,"",18.7,"",12.6,"",2.8,"","W",0,"9",.0,"9",7.2,"",.0,"9",.0,"9",.0,"9",.0,"9",.0,"9",.0,"9",.0,"9",.0,"9",.0,"9",.0,"9",.0,"9",.0,"9",.0,"9",.0,"9",7.0,"",.0,"9",0,"",0,"","R",0,"9",0,"9",0,"8"
"354190160","ELBL¥G-MILEJEWO","2018","08","14",21.4,"",16.0,"",18.1,"",15.3,"",.9,"","W",0,"9",.0,"9",2.7,"",6.5,"",.0,"9",.0,"9",.0,"9",.0,"9",.0,"9",.0,"9",.0,"9",.0,"9",.0,"9",.0,"9",.0,"9",.0,"9",.0,"9",1.6,"",.0,"9",0,"",0,"","R",0,"9",0,"9",0,"8"
"354190160","ELBL¥G-MILEJEWO","2018","08","15",21.1,"",15.9,"",17.7,"",15.2,"",1.8,"","W",0,"9",.0,"9",2.9,"",2.5,"",.0,"9",.0,"9",.0,"9",.0,"9",2.0,"",.0,"9",.0,"9",.0,"9",.0,"9",.0,"9",.0,"9",.0,"9",.0,"9",.0,"9",.0,"9",0,"",0,"","R",0,"9",0,"9",0,"8"
"354190160","ELBL¥G-MILEJEWO","2018","08","16",23.1,"",13.4,"",18.4,"",12.1,"",.0,"9","",0,"9",.0,"9",12.7,"",.0,"9",.0,"9",.0,"9",.0,"9",.0,"9",.0,"9",.0,"9",.0,"9",.0,"9",.0,"9",.0,"9",.0,"9",.0,"9",.0,"9",5.0,"",.0,"9",0,"",0,"","R",0,"9",0,"9",0,"8"
"354190160","ELBL¥G-MILEJEWO","2018","08","17",25.6,"",15.8,"",20.8,"",14.4,"",.0,"9","",0,"9",.0,"9",12.9,"",.0,"9",.0,"9",.0,"9",.0,"9",.0,"9",.0,"9",.0,"9",.0,"9",.0,"9",.0,"9",.0,"9",.0,"9",.0,"9",.0,"9",12.0,"",.0,"9",0,"",0,"","R",0,"9",0,"9",0,"8"
"354190160","ELBL¥G-MILEJEWO","2018","08","18",22.1,"",17.0,"",19.1,"",15.7,"",6.9,"","W",0,"9",.0,"9",8.4,"",.7,"",.0,"9",.0,"9",.0,"9",.0,"9",.0,"9",.0,"9",.0,"9",.0,"9",.0,"9",.0,"9",.0,"9",.0,"9",.4,"",6.0,"",.0,"9",0,"",0,"","R",0,"9",0,"9",0,"8"
"354190160","ELBL¥G-MILEJEWO","2018","08","19",24.7,"",15.2,"",19.2,"",12.0,"",.0,"9","",0,"9",.0,"9",11.2,"",.0,"9",.0,"9",.0,"9",.0,"9",.0,"9",.0,"9",.0,"9",.0,"9",.0,"9",.0,"9",.0,"9",.0,"9",.0,"9",.0,"9",6.0,"",.0,"9",0,"",0,"","R",0,"9",0,"9",0,"8"
"354190160","ELBL¥G-MILEJEWO","2018","08","20",26.5,"",16.7,"",20.1,"",15.3,"",.0,"9","",0,"9",.0,"9",7.0,"",.0,"9",.0,"9",.0,"9",.0,"9",.0,"9",.0,"9",.0,"9",.0,"9",.0,"9",.0,"9",.0,"9",.0,"9",.0,"9",.0,"9",7.0,"",.0,"9",0,"",0,"","R",0,"9",0,"9",0,"8"
"354190160","ELBL¥G-MILEJEWO","2018","08","21",19.4,"",13.6,"",15.9,"",13.2,"",.0,"9","",0,"9",.0,"9",11.4,"",.0,"9",.0,"9",.0,"9",.0,"9",.0,"9",.0,"9",.0,"9",.0,"9",.0,"9",.0,"9",.0,"9",.0,"9",.0,"9",.0,"9",11.0,"",.0,"9",0,"",0,"","R",0,"9",0,"9",0,"8"
"354190160","ELBL¥G-MILEJEWO","2018","08","22",21.7,"",12.4,"",17.0,"",9.3,"",.0,"9","",0,"9",.0,"9",13.4,"",.0,"9",.0,"9",.0,"9",.0,"9",.0,"9",.0,"9",.0,"9",.0,"9",.0,"9",.0,"9",.0,"9",.0,"9",.0,"9",.0,"9",9.0,"",.0,"9",0,"",0,"","R",0,"9",0,"9",0,"8"
"354190160","ELBL¥G-MILEJEWO","2018","08","23",26.1,"",15.6,"",20.7,"",14.2,"",.0,"9","",0,"9",.0,"9",13.2,"",.0,"9",.0,"9",.0,"9",.0,"9",.0,"9",.0,"9",.0,"9",.0,"9",.0,"9",.0,"9",.0,"9",.0,"9",.0,"9",.0,"9",.0,"9",.0,"9",0,"",0,"","R",0,"9",0,"9",0,"8"
"354190160","ELBL¥G-MILEJEWO","2018","08","24",24.9,"",18.3,"",20.7,"",17.7,"",2.2,"","W",0,"9",.0,"9",6.8,"",1.7,"",.0,"9",.0,"9",.0,"9",.0,"9",1.6,"",.0,"9",.0,"9",.0,"9",.0,"9",.0,"9",.0,"9",.0,"9",.0,"9",.0,"9",.0,"9",0,"",0,"","R",0,"9",0,"9",0,"8"
"354190160","ELBL¥G-MILEJEWO","2018","08","25",18.3,"",13.8,"",15.7,"",13.2,"",4.6,"","W",0,"9",.0,"9",2.4,"",5.5,"",.0,"9",.0,"9",.0,"9",.0,"9",.0,"9",.0,"9",.0,"9",.0,"9",.0,"9",.0,"9",.0,"9",.0,"9",.0,"9",.0,"9",.0,"9",0,"",0,"","R",0,"9",0,"9",0,"8"
"354190160","ELBL¥G-MILEJEWO","2018","08","26",17.2,"",11.2,"",13.4,"",11.0,"",.0,"9","",0,"9",.0,"9",4.7,"",.0,"9",.0,"9",.0,"9",.0,"9",.0,"9",6.3,"",.0,"9",.0,"9",.0,"9",.0,"9",.0,"9",.0,"9",.0,"9",.0,"9",6.0,"",.0,"9",0,"",0,"","R",0,"9",0,"9",0,"8"
"354190160","ELBL¥G-MILEJEWO","2018","08","27",19.7,"",9.7,"",15.2,"",7.1,"",.0,"","W",0,"9",.0,"9",9.6,"",.0,"9",.0,"9",.0,"9",.0,"9",.0,"9",.0,"9",.0,"9",.0,"9",.0,"9",.0,"9",.0,"9",.0,"9",.0,"9",.0,"9",9.0,"",.0,"9",0,"",0,"","R",0,"9",0,"9",0,"8"
"354190160","ELBL¥G-MILEJEWO","2018","08","28",18.9,"",14.2,"",15.3,"",13.8,"",6.6,"","W",0,"9",.0,"9",5.3,"",2.3,"",.0,"9",.0,"9",.0,"9",.0,"9",.0,"9",.0,"9",.0,"9",.0,"9",.0,"9",.0,"9",.0,"9",.0,"9",.0,"9",.0,"9",.0,"9",0,"",0,"","R",0,"9",0,"9",0,"8"
"354190160","ELBL¥G-MILEJEWO","2018","08","29",20.7,"",11.7,"",15.8,"",10.2,"",.0,"9","",0,"9",.0,"9",11.1,"",.0,"9",.0,"9",.0,"9",.0,"9",.0,"9",2.6,"",.0,"9",.0,"9",.0,"9",.0,"9",.0,"9",.0,"9",.0,"9",.0,"9",6.0,"",.0,"9",0,"",0,"","R",0,"9",0,"9",0,"8"
"354190160","ELBL¥G-MILEJEWO","2018","08","30",22.8,"",13.6,"",18.1,"",11.8,"",1.1,"","W",0,"9",.0,"9",9.7,"",.3,"",.0,"9",.0,"9",.0,"9",.0,"9",.0,"9",.0,"9",.0,"9",.0,"9",.0,"9",.0,"9",.0,"9",.0,"9",.0,"9",8.0,"",.0,"9",0,"",0,"","R",0,"9",0,"9",0,"8"
"354190160","ELBL¥G-MILEJEWO","2018","08","31",19.1,"",15.4,"",16.6,"",15.1,"",.1,"","W",0,"9",.0,"9",1.9,"",3.7,"",.0,"9",.0,"9",.0,"9",.0,"9",4.2,"",.0,"9",.0,"9",.0,"9",.0,"9",.0,"9",.0,"9",.0,"9",.0,"9",.0,"9",.0,"9",0,"",0,"","R",0,"9",0,"9",0,"8"
"354190160","ELBL¥G-MILEJEWO","2018","09","01",21.3,"",13.0,"",16.6,"",12.5,"",.0,"9","",0,"9",.0,"9",10.2,"",.0,"9",.0,"9",.0,"9",.0,"9",.0,"9",5.9,"",.0,"9",.0,"9",.0,"9",.0,"9",.0,"9",.0,"9",.0,"9",.0,"9",4.0,"",.0,"9",0,"",0,"","R",0,"9",0,"9",0,"8"
"354190160","ELBL¥G-MILEJEWO","2018","09","02",21.8,"",14.3,"",17.2,"",12.8,"",.0,"9","",0,"9",.0,"9",10.0,"",.0,"9",.0,"9",.0,"9",.0,"9",.0,"9",5.1,"",.0,"9",.0,"9",.0,"9",.0,"9",.0,"9",.0,"9",.0,"9",.0,"9",14.0,"",.0,"9",0,"",0,"","R",0,"9",0,"9",0,"8"
"354190160","ELBL¥G-MILEJEWO","2018","09","03",22.8,"",13.4,"",17.5,"",11.0,"",.0,"9","",0,"9",.0,"9",11.7,"",.0,"9",.0,"9",.0,"9",.0,"9",.0,"9",.0,"9",.0,"9",.0,"9",.0,"9",.0,"9",.0,"9",.0,"9",.0,"9",.0,"9",7.7,"",.0,"9",0,"",0,"","R",0,"9",0,"9",0,"8"
"354190160","ELBL¥G-MILEJEWO","2018","09","04",21.4,"",14.5,"",17.5,"",11.8,"",.0,"9","",0,"9",.0,"9",9.3,"",.0,"9",.0,"9",.0,"9",.0,"9",.0,"9",.8,"",.0,"9",.0,"9",.0,"9",.0,"9",.0,"9",.0,"9",.0,"9",.0,"9",9.2,"",.0,"9",0,"",0,"","R",0,"9",0,"9",0,"8"
"354190160","ELBL¥G-MILEJEWO","2018","09","05",20.1,"",16.1,"",17.5,"",14.8,"",.0,"9","",0,"9",.0,"9",9.5,"",.0,"9",.0,"9",.0,"9",.0,"9",.0,"9",6.8,"",.0,"9",.0,"9",.0,"9",.0,"9",.0,"9",.0,"9",.0,"9",.0,"9",16.0,"",.0,"9",0,"",0,"","R",0,"9",0,"9",0,"8"
"354190160","ELBL¥G-MILEJEWO","2018","09","06",22.4,"",15.0,"",17.9,"",12.4,"",.1,"","W",0,"9",.0,"9",7.9,"",.0,"9",.0,"9",.0,"9",.0,"9",4.1,"",7.0,"",.0,"9",.0,"9",.0,"9",.0,"9",.0,"9",.0,"9",.0,"9",.0,"9",7.3,"",.0,"9",0,"",0,"","R",0,"9",0,"9",0,"8"
"354190160","ELBL¥G-MILEJEWO","2018","09","07",25.3,"",15.3,"",19.8,"",11.7,"",.0,"9","",0,"9",.0,"9",11.8,"",.0,"9",.0,"9",.0,"9",.0,"9",5.3,"",.8,"",.0,"9",.0,"9",.0,"9",.0,"9",.0,"9",.0,"9",.0,"9",.0,"9",2.0,"",.0,"9",0,"",0,"","R",0,"9",0,"9",0,"8"
"354190160","ELBL¥G-MILEJEWO","2018","09","08",19.2,"",12.3,"",15.4,"",10.6,"",1.2,"","W",0,"9",.0,"9",6.4,"",.7,"",.0,"9",.0,"9",.0,"9",.0,"9",.0,"9",.0,"9",.0,"9",.0,"9",.0,"9",.0,"9",.0,"9",.0,"9",.0,"9",15.0,"",.0,"9",0,"",0,"","R",0,"9",0,"9",0,"8"
"354190160","ELBL¥G-MILEJEWO","2018","09","09",19.5,"",12.2,"",15.6,"",8.2,"",.0,"9","",0,"9",.0,"9",9.0,"",.0,"9",.0,"9",.0,"9",.0,"9",.0,"9",.0,"9",.0,"9",.0,"9",.0,"9",.0,"9",.0,"9",.0,"9",.0,"9",.0,"9",14.0,"",.0,"9",0,"",0,"","R",0,"9",0,"9",0,"8"
"354190160","ELBL¥G-MILEJEWO","2018","09","10",22.4,"",12.7,"",17.7,"",10.6,"",.0,"","W",0,"9",.0,"9",11.4,"",.0,"9",.0,"9",.0,"9",.0,"9",.0,"9",.0,"9",.0,"9",.0,"9",.0,"9",.0,"9",.0,"9",.0,"9",.0,"9",.0,"9",3.2,"",.0,"9",0,"",0,"","R",0,"9",0,"9",0,"8"
"354190160","ELBL¥G-MILEJEWO","2018","09","11",20.3,"",14.3,"",17.2,"",13.2,"",.0,"","W",0,"9",.0,"9",2.3,"",2.2,"",.0,"9",.0,"9",.0,"9",.0,"9",.0,"9",.0,"9",.0,"9",.0,"9",.0,"9",.0,"9",.0,"9",.0,"9",.0,"9",.0,"9",.0,"9",0,"",0,"","R",0,"9",0,"9",0,"8"
"354190160","ELBL¥G-MILEJEWO","2018","09","12",23.5,"",14.4,"",17.6,"",13.8,"",1.2,"","W",0,"9",.0,"9",4.4,"",2.1,"",.0,"9",.0,"9",.0,"9",.0,"9",.0,"9",.0,"9",.0,"9",.0,"9",.0,"9",.0,"9",.0,"9",.0,"9",.0,"9",.0,"9",.0,"9",0,"",0,"","R",0,"9",0,"9",0,"8"
"354190160","ELBL¥G-MILEJEWO","2018","09","13",16.7,"",11.2,"",13.8,"",10.5,"",.0,"9","",0,"9",.0,"9",2.9,"",.0,"9",.0,"9",.0,"9",.0,"9",.0,"9",.0,"9",.0,"9",.0,"9",.0,"9",.0,"9",.0,"9",.0,"9",.0,"9",.0,"9",4.0,"",.0,"9",0,"",0,"","R",0,"9",0,"9",0,"8"
"354190160","ELBL¥G-MILEJEWO","2018","09","14",18.0,"",11.1,"",14.4,"",7.1,"",.0,"9","",0,"9",.0,"9",6.2,"",.0,"9",.0,"9",.0,"9",.0,"9",.0,"9",.0,"9",.0,"9",.0,"9",.0,"9",.0,"9",.0,"9",.0,"9",.0,"9",.0,"9",12.0,"",.0,"9",0,"",0,"","R",0,"9",0,"9",0,"8"
"354190160","ELBL¥G-MILEJEWO","2018","09","15",19.6,"",13.0,"",15.3,"",11.1,"",.0,"9","",0,"9",.0,"9",3.7,"",.0,"9",.0,"9",.0,"9",.0,"9",.0,"9",5.2,"",.0,"9",.0,"9",.0,"9",.0,"9",.0,"9",.0,"9",.0,"9",.0,"9",8.0,"",.0,"9",0,"",0,"","R",0,"9",0,"9",0,"8"
"354190160","ELBL¥G-MILEJEWO","2018","09","16",17.3,"",8.9,"",13.2,"",7.8,"",.0,"9","",0,"9",.0,"9",7.7,"",.0,"9",.0,"9",.0,"9",.0,"9",.0,"9",.0,"9",.0,"9",.0,"9",.0,"9",.0,"9",.0,"9",.0,"9",.0,"9",.0,"9",14.0,"",.0,"9",0,"",0,"","R",0,"9",0,"9",0,"8"
"354190160","ELBL¥G-MILEJEWO","2018","09","17",23.1,"",11.1,"",16.5,"",8.2,"",.0,"9","",0,"9",.0,"9",7.7,"",.0,"9",.0,"9",.0,"9",.0,"9",.0,"9",.0,"9",.0,"9",.0,"9",.0,"9",.0,"9",.0,"9",.0,"9",.0,"9",.0,"9",12.0,"",.0,"9",0,"",0,"","R",0,"9",0,"9",0,"8"
"354190160","ELBL¥G-MILEJEWO","2018","09","18",24.8,"",12.1,"",19.2,"",9.7,"",.0,"9","",0,"9",.0,"9",10.7,"",.0,"9",.0,"9",.0,"9",.0,"9",.0,"9",.0,"9",.0,"9",.0,"9",.0,"9",.0,"9",.0,"9",.0,"9",.0,"9",.0,"9",7.0,"",.0,"9",0,"",0,"","R",0,"9",0,"9",0,"8"
"354190160","ELBL¥G-MILEJEWO","2018","09","19",26.1,"",15.7,"",18.7,"",14.3,"",.0,"9","",0,"9",.0,"9",11.4,"",.0,"9",.0,"9",.0,"9",.0,"9",.0,"9",2.6,"",.0,"9",.0,"9",.0,"9",.0,"9",.0,"9",.0,"9",.0,"9",.0,"9",6.0,"",.0,"9",0,"",0,"","R",0,"9",0,"9",0,"8"
"354190160","ELBL¥G-MILEJEWO","2018","09","20",27.4,"",15.5,"",20.4,"",13.6,"",.0,"9","",0,"9",.0,"9",11.3,"",.0,"9",.0,"9",.0,"9",.0,"9",.0,"9",.0,"9",.0,"9",.0,"9",.0,"9",.0,"9",.0,"9",.0,"9",.0,"9",.0,"9",11.0,"",.0,"9",0,"",0,"","R",0,"9",0,"9",0,"8"
"354190160","ELBL¥G-MILEJEWO","2018","09","21",27.8,"",16.3,"",21.3,"",13.6,"",3.2,"","W",0,"9",.0,"9",10.9,"",1.9,"",.0,"9",.0,"9",.0,"9",.0,"9",.0,"9",.0,"9",.0,"9",.0,"9",.0,"9",.0,"9",.0,"9",.0,"9",.0,"9",6.0,"",.0,"9",0,"",0,"","R",0,"9",0,"9",0,"8"
"354190160","ELBL¥G-MILEJEWO","2018","09","22",22.6,"",9.5,"",11.3,"",8.9,"",.9,"","W",0,"9",.0,"9",7.5,"",2.0,"",.0,"9",.0,"9",.0,"9",.0,"9",.0,"9",.0,"9",.0,"9",.0,"9",.0,"9",.0,"9",1.0,"",.0,"9",.0,"9",.0,"9",.0,"9",0,"",1,"","R",0,"9",0,"9",0,"8"
"354190160","ELBL¥G-MILEJEWO","2018","09","23",14.4,"",7.4,"",10.1,"",6.9,"",21.1,"","W",0,"9",.0,"9",5.8,"",2.2,"",.0,"9",.0,"9",.0,"9",.0,"9",.0,"9",.0,"9",.0,"9",.0,"9",.0,"9",.0,"9",.0,"9",.0,"9",.0,"9",.0,"9",.0,"9",0,"",0,"","R",0,"9",0,"9",0,"8"
"354190160","ELBL¥G-MILEJEWO","2018","09","24",10.7,"",6.8,"",8.0,"",4.8,"",23.3,"","W",0,"9",.0,"9",1.9,"",10.0,"",.0,"9",.0,"9",.5,"",.0,"9",.0,"9",.0,"9",.0,"9",.0,"9",.0,"9",.0,"9",.0,"9",.0,"9",2.2,"",.0,"9",.0,"9",0,"",0,"","R",0,"9",0,"9",0,"8"
"354190160","ELBL¥G-MILEJEWO","2018","09","25",11.1,"",4.7,"",8.0,"",2.9,"",1.1,"","W",0,"9",.0,"9",5.6,"",3.2,"",.0,"9",.0,"9",.0,"9",.0,"9",.0,"9",.0,"9",.0,"9",.0,"9",.0,"9",.0,"9",.0,"9",.0,"9",.0,"9",.0,"9",.0,"9",0,"",0,"","R",0,"9",0,"9",0,"8"
"354190160","ELBL¥G-MILEJEWO","2018","09","26",10.5,"",3.6,"",7.4,"",2.7,"",4.3,"","W",0,"9",.0,"9",2.1,"",6.4,"",.0,"9",.0,"9",.0,"9",.0,"9",.0,"9",.0,"9",.0,"9",.0,"9",.0,"9",.0,"9",6.4,"",.0,"9",.0,"9",7.0,"",.0,"9",0,"",0,"","R",0,"9",0,"9",0,"8"
"354190160","ELBL¥G-MILEJEWO","2018","09","27",17.1,"",8.9,"",14.2,"",7.7,"",.9,"","W",0,"9",.0,"9",5.3,"",.9,"",.0,"9",.0,"9",.0,"9",.0,"9",2.4,"",.0,"9",.0,"9",.0,"9",.0,"9",.0,"9",.2,"",.0,"9",.0,"9",3.0,"",.0,"9",0,"",0,"","R",0,"9",0,"9",0,"8"
"354190160","ELBL¥G-MILEJEWO","2018","09","28",14.9,"",8.7,"",11.4,"",7.7,"",3.9,"","W",0,"9",.0,"9",6.0,"",4.9,"",.0,"9",.0,"9",.0,"9",.0,"9",.0,"9",.0,"9",.0,"9",.0,"9",.0,"9",.0,"9",.0,"9",.0,"9",.0,"9",.3,"",.0,"9",0,"",0,"","R",0,"9",0,"9",0,"8"
"354190160","ELBL¥G-MILEJEWO","2018","09","29",12.5,"",4.0,"",8.2,"",2.2,"",.3,"","W",0,"9",.0,"9",9.9,"",1.3,"",.0,"9",.0,"9",.0,"9",.0,"9",.0,"9",.0,"9",.0,"9",.0,"9",.0,"9",.0,"9",.0,"9",.0,"9",.0,"9",4.0,"",.0,"9",0,"",0,"","R",0,"9",0,"9",0,"8"
"354190160","ELBL¥G-MILEJEWO","2018","09","30",14.8,"",4.9,"",9.5,"",3.8,"",.0,"9","",0,"9",.0,"9",6.1,"",.0,"9",.0,"9",.0,"9",.0,"9",.0,"9",.0,"9",.0,"9",.0,"9",.0,"9",.0,"9",.0,"9",.0,"9",.0,"9",.0,"9",7.0,"",.0,"9",0,"",0,"","R",0,"9",0,"9",0,"8"
"354190160","ELBL¥G-MILEJEWO","2018","10","01",15.1,"",4.7,"",10.3,"",2.5,"",.0,"9","",0,"9",.0,"9",9.6,"",.0,"9",.0,"9",.0,"9",.0,"9",.0,"9",.0,"9",.0,"9",.0,"9",.0,"9",.0,"9",.0,"9",.0,"9",.0,"9",.0,"9",7.0,"",.0,"9",0,"",0,"","R",0,"9",0,"9",0,"8"
"354190160","ELBL¥G-MILEJEWO","2018","10","02",11.4,"",6.2,"",8.2,"",5.7,"",2.6,"","W",0,"9",.0,"9",3.1,"",2.8,"",.0,"9",.0,"9",.0,"9",.0,"9",4.3,"",.0,"9",.0,"9",.0,"9",.0,"9",.0,"9",2.2,"",.0,"9",.0,"9",9.0,"",.0,"9",0,"",0,"","R",0,"9",0,"9",0,"8"
"354190160","ELBL¥G-MILEJEWO","2018","10","03",9.1,"",6.2,"",7.5,"",5.5,"",9.4,"","W",0,"9",.0,"9",.8,"",11.9,"",.0,"9",.0,"9",.0,"9",.0,"9",.0,"9",.0,"9",.0,"9",.0,"9",.0,"9",.0,"9",3.7,"",.0,"9",.0,"9",.0,"9",.0,"9",0,"",0,"","R",0,"9",0,"9",0,"8"
"354190160","ELBL¥G-MILEJEWO","2018","10","04",12.0,"",4.2,"",8.0,"",3.6,"",.0,"","W",0,"9",.0,"9",6.2,"",.5,"",.0,"9",.0,"9",.0,"9",.0,"9",.7,"",.0,"9",.0,"9",.0,"9",.0,"9",.0,"9",.0,"9",.0,"9",.0,"9",.0,"9",.0,"9",0,"",0,"","R",0,"9",0,"9",0,"8"
"354190160","ELBL¥G-MILEJEWO","2018","10","05",15.4,"",8.8,"",12.0,"",8.3,"",.0,"","W",0,"9",.0,"9",1.7,"",.5,"",.0,"9",.0,"9",.0,"9",.0,"9",6.8,"",.0,"9",.0,"9",.0,"9",.0,"9",.0,"9",.0,"9",.0,"9",.0,"9",.0,"9",.0,"9",0,"",0,"","R",0,"9",0,"9",0,"8"
"354190160","ELBL¥G-MILEJEWO","2018","10","06",17.4,"",7.9,"",12.4,"",7.1,"",.0,"9","",0,"9",.0,"9",10.4,"",.0,"9",.0,"9",.0,"9",.0,"9",.0,"9",4.4,"",.0,"9",.0,"9",.0,"9",.0,"9",.0,"9",.0,"9",.0,"9",.0,"9",6.0,"",.0,"9",0,"",0,"","R",0,"9",0,"9",0,"8"
"354190160","ELBL¥G-MILEJEWO","2018","10","07",16.1,"",8.7,"",10.5,"",8.0,"",3.2,"","W",0,"9",.0,"9",1.9,"",4.3,"",.0,"9",.0,"9",.0,"9",.0,"9",5.2,"",.0,"9",.0,"9",.0,"9",.0,"9",.0,"9",.0,"9",.0,"9",.0,"9",7.0,"",.0,"9",0,"",0,"","R",0,"9",0,"9",0,"8"
"354190160","ELBL¥G-MILEJEWO","2018","10","08",12.4,"",7.4,"",9.3,"",6.7,"",.0,"9","",0,"9",.0,"9",6.7,"",.6,"",.0,"9",.0,"9",.0,"9",.0,"9",.0,"9",.0,"9",.0,"9",.0,"9",.0,"9",.0,"9",.0,"9",.0,"9",.0,"9",1.0,"",.0,"9",0,"",0,"","R",0,"9",0,"9",0,"8"
"354190160","ELBL¥G-MILEJEWO","2018","10","09",14.5,"",5.7,"",10.1,"",4.9,"",.0,"9","",0,"9",.0,"9",9.7,"",.0,"9",.0,"9",.0,"9",.0,"9",.0,"9",8.8,"",.0,"9",.0,"9",.0,"9",.0,"9",.0,"9",.0,"9",.0,"9",.0,"9",13.0,"",.0,"9",0,"",0,"","R",0,"9",0,"9",0,"8"
"354190160","ELBL¥G-MILEJEWO","2018","10","10",18.2,"",7.9,"",13.2,"",7.2,"",.0,"9","",0,"9",.0,"9",10.1,"",.0,"9",.0,"9",.0,"9",.0,"9",.0,"9",10.8,"",.0,"9",.0,"9",.0,"9",.0,"9",.0,"9",.0,"9",.0,"9",.0,"9",17.0,"",.0,"9",0,"",0,"","R",0,"9",0,"9",0,"8"
"354190160","ELBL¥G-MILEJEWO","2018","10","11",19.3,"",10.1,"",13.8,"",7.8,"",.0,"9","",0,"9",.0,"9",10.3,"",.0,"9",.0,"9",.0,"9",.0,"9",.0,"9",9.7,"",.0,"9",.0,"9",.0,"9",.0,"9",.7,"",.0,"9",.0,"9",.0,"9",14.0,"",.0,"9",0,"",0,"","R",0,"9",0,"9",0,"8"
"354190160","ELBL¥G-MILEJEWO","2018","10","12",19.7,"",10.4,"",15.1,"",8.6,"",.0,"9","",0,"9",.0,"9",10.2,"",.0,"9",.0,"9",.0,"9",.0,"9",.0,"9",.0,"9",.0,"9",.0,"9",.0,"9",.0,"9",.0,"9",.0,"9",.0,"9",.0,"9",8.0,"",.0,"9",0,"",0,"","R",0,"9",0,"9",0,"8"
"354190160","ELBL¥G-MILEJEWO","2018","10","13",20.8,"",11.0,"",16.1,"",9.5,"",.0,"9","",0,"9",.0,"9",10.0,"",.0,"9",.0,"9",.0,"9",.0,"9",.0,"9",6.7,"",.0,"9",.0,"9",.0,"9",.0,"9",.0,"9",.0,"9",.0,"9",.0,"9",9.0,"",.0,"9",0,"",0,"","R",0,"9",0,"9",0,"8"
"354190160","ELBL¥G-MILEJEWO","2018","10","14",20.3,"",10.3,"",15.5,"",9.0,"",.0,"9","",0,"9",.0,"9",10.2,"",.0,"9",.0,"9",.0,"9",.0,"9",.0,"9",4.5,"",.0,"9",.0,"9",.0,"9",.0,"9",.0,"9",.0,"9",.0,"9",.0,"9",7.0,"",.0,"9",0,"",0,"","R",0,"9",0,"9",0,"8"
"354190160","ELBL¥G-MILEJEWO","2018","10","15",20.7,"",11.6,"",15.3,"",10.5,"",.0,"9","",0,"9",.0,"9",10.0,"",.0,"9",.0,"9",.0,"9",.0,"9",.0,"9",.0,"9",.0,"9",.0,"9",.0,"9",.0,"9",.0,"9",.0,"9",.0,"9",.0,"9",.0,"9",.0,"9",0,"",0,"","R",0,"9",0,"9",0,"8"
"354190160","ELBL¥G-MILEJEWO","2018","10","16",19.2,"",10.5,"",14.2,"",8.9,"",.0,"9","",0,"9",.0,"9",9.2,"",.0,"9",.0,"9",.0,"9",.0,"9",.0,"9",.0,"9",.0,"9",.0,"9",.0,"9",.0,"9",.0,"9",.0,"9",.0,"9",.0,"9",5.0,"",.0,"9",0,"",0,"","R",0,"9",0,"9",0,"8"
"354190160","ELBL¥G-MILEJEWO","2018","10","17",19.4,"",9.7,"",14.5,"",6.7,"",.0,"9","",0,"9",.0,"9",9.3,"",.0,"9",.0,"9",.0,"9",.0,"9",.0,"9",2.8,"",.0,"9",.0,"9",.0,"9",.0,"9",3.2,"",.0,"9",.0,"9",.0,"9",15.0,"",.0,"9",0,"",0,"","R",0,"9",0,"9",0,"8"
"354190160","ELBL¥G-MILEJEWO","2018","10","18",18.3,"",10.3,"",13.7,"",6.7,"",.0,"","W",0,"9",.0,"9",9.3,"",.3,"",.0,"9",.0,"9",.0,"9",.2,"",7.7,"",.0,"9",.0,"9",.0,"9",.0,"9",.0,"9",.0,"9",.0,"9",.0,"9",14.5,"",.0,"9",0,"",0,"","R",0,"9",0,"9",0,"8"
"354190160","ELBL¥G-MILEJEWO","2018","10","19",12.2,"",8.5,"",10.5,"",5.5,"",.0,"9","",0,"9",.0,"9",9.3,"",.0,"9",.0,"9",.0,"9",.0,"9",2.5,"",5.1,"",.0,"9",.0,"9",.0,"9",.0,"9",.0,"9",.0,"9",.0,"9",.0,"9",7.0,"",.0,"9",0,"",0,"","R",0,"9",0,"9",0,"8"
"354190160","ELBL¥G-MILEJEWO","2018","10","20",11.1,"",5.0,"",7.5,"",2.6,"",1.8,"","W",0,"9",.0,"9",.7,"",2.5,"",.0,"9",.0,"9",.0,"9",.0,"9",.0,"9",.0,"9",.0,"9",.0,"9",.0,"9",.0,"9",.0,"9",.0,"9",.0,"9",12.0,"",.0,"9",0,"",0,"","R",0,"9",0,"9",0,"8"
"354190160","ELBL¥G-MILEJEWO","2018","10","21",12.1,"",5.8,"",7.9,"",4.3,"",.0,"9","",0,"9",.0,"9",6.6,"",1.7,"",.0,"9",.0,"9",.0,"9",3.9,"",8.6,"",.0,"9",.0,"9",.0,"9",.0,"9",.0,"9",.0,"9",.0,"9",.0,"9",3.4,"",.0,"9",0,"",0,"","R",0,"9",0,"9",0,"8"
"354190160","ELBL¥G-MILEJEWO","2018","10","22",8.7,"",5.3,"",6.7,"",4.9,"",6.6,"","W",0,"9",.0,"9",.5,"",3.8,"",.0,"9",.0,"9",.0,"9",3.8,"",11.8,"",.0,"9",.0,"9",.0,"9",.0,"9",.0,"9",.0,"9",.0,"9",.0,"9",.0,"9",.0,"9",0,"",0,"","R",0,"9",0,"9",0,"8"
"354190160","ELBL¥G-MILEJEWO","2018","10","23",8.3,"",3.6,"",5.7,"",2.9,"",22.2,"","W",0,"9",.0,"9",.0,"9",12.3,"",.0,"9",.0,"9",.0,"9",.0,"9",13.2,"",.0,"9",.0,"9",.0,"9",.0,"9",.0,"9",6.8,"",.0,"9",.0,"9",.0,"9",.0,"9",0,"",0,"","R",0,"9",0,"9",0,"8"
"354190160","ELBL¥G-MILEJEWO","2018","10","24",8.2,"",4.4,"",6.2,"",2.5,"",3.6,"","W",0,"9",.0,"9",.8,"",3.7,"",.0,"9",.0,"9",.1,"",.0,"9",.0,"9",.0,"9",.0,"9",.0,"9",.0,"9",.0,"9",5.1,"",.0,"9",.0,"9",.0,"9",.0,"9",0,"",0,"","R",0,"9",0,"9",0,"8"
"354190160","ELBL¥G-MILEJEWO","2018","10","25",9.0,"",2.6,"",5.9,"",2.3,"",34.4,"","W",0,"9",.0,"9",.0,"9",13.7,"",.0,"9",.0,"9",.1,"",1.5,"",6.7,"",.0,"9",.0,"9",.0,"9",.0,"9",.0,"9",.0,"9",.0,"9",.0,"9",.0,"9",.0,"9",0,"",0,"","R",0,"9",0,"9",0,"8"
"354190160","ELBL¥G-MILEJEWO","2018","10","26",8.1,"",4.8,"",6.8,"",4.5,"",1.7,"","W",0,"9",.0,"9",.4,"",3.4,"",.0,"9",.0,"9",.0,"9",1.6,"",4.4,"",.0,"9",.0,"9",.0,"9",.0,"9",.0,"9",.0,"9",.0,"9",.0,"9",1.4,"",.0,"9",0,"",0,"","R",0,"9",0,"9",0,"8"
"354190160","ELBL¥G-MILEJEWO","2018","10","27",8.3,"",5.8,"",6.9,"",5.1,"",3.1,"","W",0,"9",.0,"9",1.3,"",3.6,"",.0,"9",.0,"9",.0,"9",.0,"9",8.3,"",.0,"9",.0,"9",.0,"9",.0,"9",.0,"9",.3,"",.0,"9",.0,"9",.0,"9",.0,"9",0,"",0,"","R",0,"9",0,"9",0,"8"
"354190160","ELBL¥G-MILEJEWO","2018","10","28",7.0,"",3.2,"",4.8,"",2.8,"",.8,"","S",0,"9",.0,"9",4.5,"",2.2,"",.0,"9",.0,"9",.0,"9",.0,"9",.0,"9",.0,"9",.0,"9",.0,"9",.0,"9",.0,"9",.0,"9",.0,"9",.0,"9",.0,"9",.0,"9",0,"",0,"","R",0,"9",0,"9",0,"8"
"354190160","ELBL¥G-MILEJEWO","2018","10","29",3.3,"",.6,"",1.8,"",.4,"",.1,"","S",0,"9",.0,"9",.0,"9",6.5,"",3.4,"",1.8,"",.0,"9",6.3,"",2.5,"",.0,"9",.0,"9",.0,"9",.0,"9",.0,"9",.0,"9",.0,"9",.0,"9",.0,"9",.0,"9",0,"",0,"","R",0,"9",0,"9",0,"8"
"354190160","ELBL¥G-MILEJEWO","2018","10","30",17.3,"",2.3,"",13.3,"",2.4,"",.1,"","W",0,"9",.0,"9",1.2,"",1.1,"",.0,"9",.0,"9",.0,"9",3.3,"",3.2,"",.0,"9",.0,"9",.0,"9",.0,"9",.0,"9",.0,"9",.0,"9",.0,"9",.0,"9",.0,"9",0,"",0,"","R",0,"9",0,"9",0,"8"
"354190160","ELBL¥G-MILEJEWO","2018","10","31",16.4,"",8.5,"",10.1,"",6.9,"",.0,"9","",0,"9",.0,"9",9.2,"",.0,"9",.0,"9",.0,"9",.0,"9",.0,"9",.0,"9",.0,"9",.0,"9",.0,"9",.0,"9",.0,"9",.0,"9",.0,"9",.0,"9",5.0,"",.0,"9",0,"",0,"","R",0,"9",0,"9",0,"8"
"354190160","ELBL¥G-MILEJEWO","2018","11","01",12.3,"",4.9,"",8.7,"",3.4,"",.0,"9","",0,"9",.0,"9",5.6,"",.0,"9",.0,"9",.0,"9",.0,"9",.0,"9",13.3,"",.0,"9",.0,"9",.0,"9",.0,"9",.0,"9",.0,"9",.0,"9",.0,"9",17.0,"",.0,"9",0,"",0,"","R",0,"9",0,"9",0,"8"
"354190160","ELBL¥G-MILEJEWO","2018","11","02",13.7,"",9.0,"",11.5,"",7.3,"",.2,"","W",0,"9",.0,"9",5.0,"",.0,"9",.0,"9",.0,"9",.0,"9",.0,"9",2.2,"",.0,"9",.0,"9",.0,"9",.0,"9",.0,"9",.0,"9",.0,"9",.0,"9",17.0,"",.0,"9",0,"",0,"","R",0,"9",0,"9",0,"8"
"354190160","ELBL¥G-MILEJEWO","2018","11","03",9.7,"",6.3,"",8.2,"",3.6,"",.3,"","W",0,"9",.0,"9",1.8,"",3.9,"",.0,"9",.0,"9",.0,"9",.0,"9",.0,"9",.0,"9",.0,"9",.0,"9",.0,"9",.0,"9",.0,"9",.0,"9",.0,"9",11.4,"",.0,"9",0,"",0,"","R",0,"9",0,"9",0,"8"
"354190160","ELBL¥G-MILEJEWO","2018","11","04",9.0,"",4.9,"",7.0,"",1.2,"",.1,"","W",0,"9",.0,"9",.1,"",8.3,"",.0,"9",.0,"9",.0,"9",5.1,"",3.3,"",.0,"9",.0,"9",.0,"9",.0,"9",.0,"9",.0,"9",.0,"9",.0,"9",11.0,"",.0,"9",0,"",0,"","R",0,"9",0,"9",0,"8"
"354190160","ELBL¥G-MILEJEWO","2018","11","05",10.8,"",8.1,"",9.8,"",8.0,"",.0,"","W",0,"9",.0,"9",.1,"",2.5,"",.0,"9",.0,"9",.0,"9",6.5,"",16.2,"",.0,"9",.0,"9",.0,"9",.0,"9",.0,"9",.0,"9",.0,"9",.0,"9",.0,"9",.0,"9",0,"",0,"","R",0,"9",0,"9",0,"8"
"354190160","ELBL¥G-MILEJEWO","2018","11","06",16.3,"",8.2,"",11.4,"",6.9,"",.1,"","W",0,"9",.0,"9",8.4,"",.0,"9",.0,"9",.0,"9",.0,"9",3.2,"",7.9,"",.0,"9",.0,"9",.0,"9",.0,"9",.0,"9",.0,"9",.0,"9",.0,"9",5.0,"",.0,"9",0,"",0,"","R",0,"9",0,"9",0,"8"
"354190160","ELBL¥G-MILEJEWO","2018","11","07",11.3,"",6.2,"",8.3,"",5.3,"",.0,"9","",0,"9",.0,"9",5.1,"",.0,"9",.0,"9",.0,"9",.0,"9",3.5,"",20.6,"",.0,"9",.0,"9",.0,"9",.0,"9",.0,"9",.0,"9",.0,"9",.0,"9",12.9,"",.0,"9",0,"",0,"","R",0,"9",0,"9",0,"8"
"354190160","ELBL¥G-MILEJEWO","2018","11","08",11.3,"",6.9,"",8.7,"",5.7,"",.0,"9","",0,"9",.0,"9",7.4,"",.0,"9",.0,"9",.0,"9",.0,"9",1.5,"",22.5,"",.0,"9",.0,"9",.0,"9",.0,"9",.0,"9",.0,"9",.0,"9",.0,"9",18.5,"",.0,"9",0,"",0,"","R",0,"9",0,"9",0,"8"
"354190160","ELBL¥G-MILEJEWO","2018","11","09",8.8,"",7.0,"",7.7,"",6.7,"",.3,"","W",0,"9",.0,"9",.0,"9",6.5,"",.0,"9",.0,"9",.0,"9",13.6,"",10.4,"",.0,"9",.0,"9",.0,"9",.0,"9",.0,"9",.0,"9",.0,"9",.0,"9",.0,"9",.0,"9",0,"",0,"","R",0,"9",0,"9",0,"8"
"354190160","ELBL¥G-MILEJEWO","2018","11","10",8.4,"",7.2,"",7.9,"",7.2,"",.0,"9","",0,"9",.0,"9",.0,"9",.6,"",.0,"9",.0,"9",.0,"9",16.8,"",7.3,"",.0,"9",.0,"9",.0,"9",.0,"9",.0,"9",.0,"9",.0,"9",.0,"9",.0,"9",.0,"9",0,"",0,"","R",0,"9",0,"9",0,"8"
"354190160","ELBL¥G-MILEJEWO","2018","11","11",7.3,"",4.8,"",5.7,"",4.9,"",.0,"","W",0,"9",.0,"9",.0,"9",.4,"",.0,"9",.0,"9",.0,"9",10.8,"",13.3,"",.0,"9",.0,"9",.0,"9",.0,"9",.0,"9",.0,"9",.0,"9",.0,"9",.0,"9",.0,"9",0,"",0,"","R",0,"9",0,"9",0,"8"
"354190160","ELBL¥G-MILEJEWO","2018","11","12",10.4,"",5.7,"",8.0,"",5.6,"",.0,"","W",0,"9",.0,"9",.8,"",.0,"9",.0,"9",.0,"9",.0,"9",7.3,"",16.8,"",.0,"9",.0,"9",.0,"9",.0,"9",.0,"9",.0,"9",.0,"9",.0,"9",.0,"9",.0,"9",0,"",0,"","R",0,"9",0,"9",0,"8"
"354190160","ELBL¥G-MILEJEWO","2018","11","13",10.2,"",7.5,"",8.3,"",7.2,"",18.1,"","W",0,"9",.0,"9",.0,"9",12.4,"",.0,"9",.0,"9",.0,"9",1.2,"",22.8,"",.0,"9",.0,"9",.0,"9",.0,"9",.0,"9",.0,"9",.0,"9",.0,"9",4.2,"",.0,"9",0,"",0,"","R",0,"9",0,"9",0,"8"
"354190160","ELBL¥G-MILEJEWO","2018","11","14",8.7,"",6.8,"",7.8,"",6.3,"",1.8,"","W",0,"9",.0,"9",.0,"9",5.2,"",.0,"9",.0,"9",.0,"9",1.3,"",9.2,"",.0,"9",.0,"9",.0,"9",.0,"9",.0,"9",.0,"9",.0,"9",.0,"9",.0,"9",.0,"9",0,"",0,"","R",0,"9",0,"9",0,"8"
"354190160","ELBL¥G-MILEJEWO","2018","11","15",9.2,"",6.3,"",7.5,"",2.8,"",.0,"9","",0,"9",.0,"9",.0,"9",.0,"9",.0,"9",.0,"9",.0,"9",.8,"",9.1,"",.0,"9",.0,"9",.0,"9",.0,"9",.0,"9",.0,"9",.0,"9",.0,"9",6.2,"",.0,"9",0,"",0,"","R",0,"9",0,"9",0,"8"
"354190160","ELBL¥G-MILEJEWO","2018","11","16",6.5,"",.9,"",2.4,"",-.8,"",.0,"9","",0,"9",.0,"9",.0,"9",.0,"9",.0,"9",.0,"9",.0,"9",4.5,"",5.1,"",.0,"9",.0,"9",.0,"9",.0,"9",.0,"9",.0,"9",.0,"9",.0,"9",.0,"9",.0,"9",0,"",0,"","R",0,"9",0,"9",0,"8"
"354190160","ELBL¥G-MILEJEWO","2018","11","17",5.0,"",-1.2,"",1.1,"",-3.7,"",.0,"","W",0,"9",.0,"9",6.6,"",.0,"9",.0,"9",.0,"9",.0,"9",.0,"9",16.5,"",.0,"9",.0,"9",.0,"9",.0,"9",.0,"9",.0,"9",.0,"9",.0,"9",.0,"9",14.0,"",0,"",0,"","Z",1,"",0,"9",0,"8"
"354190160","ELBL¥G-MILEJEWO","2018","11","18",7.5,"",-.4,"",3.6,"",-2.2,"",1.8,"","W",0,"9",.0,"9",.6,"",5.5,"",.0,"9",.0,"9",.0,"9",.0,"9",8.3,"",.0,"9",.0,"9",.0,"9",.0,"9",.0,"9",.0,"9",.0,"9",.0,"9",.0,"9",4.0,"",0,"",0,"","R",0,"9",0,"9",0,"8"
"354190160","ELBL¥G-MILEJEWO","2018","11","19",3.8,"",2.4,"",2.8,"",2.2,"",.0,"9","",0,"9",.0,"9",.0,"9",.0,"9",.0,"9",.0,"9",.0,"9",.0,"9",.0,"9",.0,"9",.0,"9",.0,"9",.0,"9",.0,"9",.0,"9",.0,"9",.0,"9",.0,"9",.0,"9",0,"",0,"","R",0,"9",0,"9",0,"8"
"354190160","ELBL¥G-MILEJEWO","2018","11","20",2.8,"",.1,"",1.1,"",-.5,"",.0,"9","",0,"9",.0,"9",.1,"",.0,"9",.0,"9",.0,"9",.0,"9",.0,"9",.0,"9",.0,"9",.0,"9",.0,"9",.0,"9",.0,"9",.0,"9",.0,"9",.0,"9",9.0,"",3.0,"",0,"",0,"","R",0,"9",0,"9",0,"8"
"354190160","ELBL¥G-MILEJEWO","2018","11","21",.4,"",-1.7,"",-1.0,"",-2.6,"",.0,"9","",0,"9",.0,"9",.0,"9",.0,"9",.0,"9",.0,"9",.0,"9",.0,"9",.0,"9",.0,"9",.0,"9",.0,"9",.0,"9",.0,"9",.0,"9",.0,"9",.0,"9",.0,"9",9.0,"",0,"",0,"","Z",1,"",0,"9",0,"8"
"354190160","ELBL¥G-MILEJEWO","2018","11","22",-1.1,"",-2.9,"",-2.2,"",-2.7,"",.0,"9","",0,"9",.0,"9",.4,"",.0,"9",.0,"9",.0,"9",.0,"9",.0,"9",4.3,"",.0,"9",.0,"9",.0,"9",.0,"9",.0,"9",.0,"9",.0,"9",.0,"9",.0,"9",.0,"9",0,"",0,"","Z",1,"",0,"9",0,"8"
"354190160","ELBL¥G-MILEJEWO","2018","11","23",-2.1,"",-4.3,"",-2.9,"",-3.6,"",.2,"","S",0,"9",.0,"9",.0,"9",3.1,"",2.3,"",.0,"9",.0,"9",3.6,"",20.4,"",7.6,"",3.1,"",.0,"9",.0,"9",.0,"9",.0,"9",.0,"9",.0,"9",.0,"9",.0,"9",0,"",0,"","Z",1,"",0,"9",0,"8"
"354190160","ELBL¥G-MILEJEWO","2018","11","24",.7,"",-2.1,"",-.1,"",-2.0,"",.0,"","W",0,"9",.0,"9",.0,"9",8.5,"",.0,"9",.0,"9",.0,"9",5.7,"",18.3,"",.0,"9",10.0,"",.0,"9",.0,"9",.0,"9",.0,"9",.0,"9",.0,"9",.0,"9",.0,"9",0,"",0,"","Z",1,"",0,"9",0,"8"
"354190160","ELBL¥G-MILEJEWO","2018","11","25",3.0,"",.0,"",1.4,"",-.8,"",2.6,"","S",0,"9",.0,"9",.0,"9",7.0,"",.0,"9",.9,"",.0,"9",8.1,"",10.4,"",.0,"9",.0,"9",.0,"9",.0,"9",.0,"9",.0,"9",.0,"9",.0,"9",.0,"9",.0,"9",0,"",0,"","R",0,"9",0,"9",0,"8"
"354190160","ELBL¥G-MILEJEWO","2018","11","26",1.7,"",-2.9,"",-.3,"",-2.3,"",1.0,"","S",0,"9",.0,"9",4.9,"",.0,"9",.3,"",.0,"9",.0,"9",7.4,"",2.8,"",5.1,"",.0,"9",.0,"9",.0,"9",.0,"9",.0,"9",.0,"9",.0,"9",.0,"9",.0,"9",0,"",0,"","R",0,"9",0,"9",0,"8"
"354190160","ELBL¥G-MILEJEWO","2018","11","27",1.8,"",-.4,"",.4,"",-2.5,"",2.2,"","S",1,"",.0,"9",1.6,"",.0,"9",6.4,"",.0,"9",.0,"9",.0,"9",.0,"9",.0,"9",.0,"9",.0,"9",.0,"9",.0,"9",.0,"9",.0,"9",.0,"9",.0,"9",.0,"9",1,"",0,"","R",0,"9",0,"9",0,"8"
"354190160","ELBL¥G-MILEJEWO","2018","11","28",.3,"",-6.1,"",-3.9,"",-9.1,"",.0,"9","",1,"",.0,"9",6.5,"",.0,"9",.0,"9",.0,"9",.0,"9",14.2,"",4.6,"",21.8,"",.0,"9",.0,"9",.0,"9",.0,"9",.0,"9",.0,"9",.0,"9",.0,"9",.0,"9",1,"",0,"","Z",1,"",0,"9",0,"8"
"354190160","ELBL¥G-MILEJEWO","2018","11","29",-2.9,"",-5.4,"",-4.4,"",-6.0,"",.0,"9","",1,"",.0,"9",6.7,"",.0,"9",.0,"9",.0,"9",.0,"9",.0,"9",.0,"9",8.0,"",.0,"9",.0,"9",.0,"9",.0,"9",1.1,"",.0,"9",.0,"9",.0,"9",.0,"9",1,"",0,"","Z",1,"",0,"9",0,"8"
"354190160","ELBL¥G-MILEJEWO","2018","11","30",-1.7,"",-6.1,"",-4.5,"",-6.6,"",.0,"9","",1,"",.0,"9",6.6,"",.0,"9",.0,"9",.0,"9",.0,"9",.0,"9",.0,"9",.0,"9",.0,"9",.0,"9",.0,"9",.0,"9",2.5,"",.0,"9",.0,"9",.0,"9",.0,"9",1,"",0,"","Z",9,"",0,"9",0,"8"
"354190160","ELBL¥G-MILEJEWO","2018","12","01",-4.3,"",-10.1,"",-7.0,"",-10.7,"",.0,"","S",1,"",.0,"9",6.8,"",.0,"9",.6,"",.0,"9",.2,"",.0,"9",6.8,"",2.8,"",.0,"9",.0,"9",.0,"9",.0,"9",.0,"9",.0,"9",.0,"9",.0,"9",.0,"9",1,"",0,"","",12,"",0,"9",0,"8"
"354190160","ELBL¥G-MILEJEWO","2018","12","02",2.1,"",-5.7,"",-.4,"",-5.6,"",1.4,"","S",1,"",.0,"9",3.3,"",1.8,"",.0,"9",1.8,"",.0,"9",7.0,"",17.0,"",9.8,"",1.8,"",.0,"9",.0,"9",.0,"9",.0,"9",.0,"9",.0,"9",.0,"9",.0,"9",1,"",0,"","Z",13,"",0,"9",0,"8"
"354190160","ELBL¥G-MILEJEWO","2018","12","03",5.9,"",.2,"",3.7,"",-.3,"",9.1,"","W",0,"9",.0,"9",.0,"9",15.2,"",.0,"9",.0,"9",.0,"9",17.1,"",6.9,"",.0,"9",4.7,"",.0,"9",.0,"9",.0,"9",.0,"9",.0,"9",.0,"9",.0,"9",.0,"9",0,"",0,"","Z",11,"",0,"9",0,"8"
"354190160","ELBL¥G-MILEJEWO","2018","12","04",7.3,"",2.9,"",4.7,"",2.4,"",1.7,"","S",0,"9",.0,"9",.1,"",1.3,"",.0,"9",.0,"9",.0,"9",10.4,"",.8,"",.0,"9",.0,"9",.0,"9",.0,"9",.0,"9",.0,"9",.0,"9",.0,"9",.0,"9",.0,"9",0,"",0,"","R",0,"9",0,"9",0,"8"
"354190160","ELBL¥G-MILEJEWO","2018","12","05",3.3,"",-.4,"",.8,"",-1.8,"",.0,"9","",0,"",.0,"9",5.4,"",.0,"9",.4,"",.0,"9",.0,"9",2.2,"",3.2,"",.0,"9",.0,"9",.0,"9",.0,"9",.0,"9",.0,"9",.0,"9",.0,"9",.0,"9",5.1,"",0,"",0,"","Z",1,"",0,"9",0,"8"
"354190160","ELBL¥G-MILEJEWO","2018","12","06",.5,"",-1.6,"",-.2,"",-2.2,"",6.4,"","S",0,"9",.0,"9",.0,"9",.2,"",1.9,"",3.3,"",.0,"9",5.1,"",18.9,"",12.5,"",.0,"9",1.4,"",.0,"9",.0,"9",.0,"9",.0,"9",.0,"9",.0,"9",.0,"9",0,"",0,"","Z",1,"",0,"9",0,"8"
"354190160","ELBL¥G-MILEJEWO","2018","12","07",7.6,"",-.3,"",4.4,"",-.4,"",13.3,"","W",0,"9",.0,"9",.0,"9",16.3,"",.0,"9",.0,"9",.0,"9",17.9,"",6.1,"",.0,"9",.0,"9",.0,"9",.0,"9",.0,"9",.0,"9",.0,"9",.0,"9",.0,"9",.0,"9",0,"",0,"","Z",1,"",0,"9",0,"8"
"354190160","ELBL¥G-MILEJEWO","2018","12","08",8.2,"",4.4,"",6.1,"",3.7,"",.8,"","W",0,"9",.0,"9",.3,"",5.6,"",.0,"9",.0,"9",.0,"9",.0,"9",6.4,"",.0,"9",.0,"9",.0,"9",.0,"9",.0,"9",.3,"",.0,"9",.0,"9",.0,"9",.0,"9",0,"",0,"","R",0,"9",0,"9",0,"8"
"354190160","ELBL¥G-MILEJEWO","2018","12","09",5.3,"",3.2,"",4.4,"",2.7,"",7.9,"","W",0,"9",.0,"9",.0,"9",10.3,"",.0,"9",.0,"9",.0,"9",.0,"9",13.8,"",.0,"9",.0,"9",.0,"9",.0,"9",.0,"9",.0,"9",.0,"9",.0,"9",.0,"9",.0,"9",0,"",0,"","R",0,"9",0,"9",0,"8"
"354190160","ELBL¥G-MILEJEWO","2018","12","10",4.8,"",.6,"",2.5,"",.1,"",1.5,"","S",0,"9",.0,"9",2.3,"",2.6,"",.0,"9",.0,"9",.0,"9",.0,"9",4.5,"",.0,"9",.0,"9",.0,"9",.0,"9",.0,"9",.0,"9",.0,"9",.0,"9",.0,"9",.0,"9",0,"",0,"","R",0,"9",0,"9",0,"8"
"354190160","ELBL¥G-MILEJEWO","2018","12","11",1.9,"",.4,"",1.2,"",.0,"",.2,"","S",0,"",.0,"9",.0,"9",3.1,"",1.9,"",1.7,"",.0,"9",.0,"9",20.7,"",.0,"9",.0,"9",.0,"9",.0,"9",.0,"9",.0,"9",.0,"9",.0,"9",.0,"9",.0,"9",0,"",0,"","R",0,"9",0,"9",0,"8"
"354190160","ELBL¥G-MILEJEWO","2018","12","12",1.3,"",-.5,"",.1,"",-1.8,"",.0,"","S",0,"9",.0,"9",1.1,"",.3,"",.3,"",.0,"9",.0,"9",4.2,"",14.4,"",.0,"9",.0,"9",.0,"9",.0,"9",.0,"9",.0,"9",.0,"9",.0,"9",2.2,"",.0,"9",0,"",0,"","",1,"",0,"9",0,"8"
"354190160","ELBL¥G-MILEJEWO","2018","12","13",.5,"",-2.4,"",-1.6,"",-2.3,"",.0,"","S",0,"9",.0,"9",.0,"9",.0,"9",1.9,"",.0,"9",.0,"9",.0,"9",.0,"9",.0,"9",.0,"9",.0,"9",.0,"9",.0,"9",.0,"9",.0,"9",.0,"9",.0,"9",.0,"9",0,"",0,"","",1,"",0,"9",0,"8"
"354190160","ELBL¥G-MILEJEWO","2018","12","14",-.9,"",-2.5,"",-1.5,"",-2.4,"",.3,"","S",0,"9",.0,"9",.0,"9",.0,"9",4.8,"",.0,"9",.0,"9",.0,"9",19.3,"",.0,"9",.0,"9",.0,"9",.0,"9",.0,"9",.0,"9",.0,"9",.0,"9",.0,"9",.0,"9",0,"",0,"","Z",1,"",0,"9",0,"8"
"354190160","ELBL¥G-MILEJEWO","2018","12","15",-.6,"",-1.2,"",-1.0,"",-1.2,"",.8,"","S",1,"",.0,"9",.0,"9",.0,"9",14.5,"",.0,"9",.0,"9",.0,"9",24.0,"",.0,"9",.0,"9",.0,"9",.0,"9",.0,"9",.0,"9",.0,"9",.0,"9",.0,"9",.0,"9",1,"",0,"","Z",1,"",0,"9",0,"8"
"354190160","ELBL¥G-MILEJEWO","2018","12","16",-1.0,"",-2.2,"",-1.8,"",-2.2,"",1.3,"","S",2,"",.0,"9",.0,"9",1.0,"",14.9,"",.0,"9",.0,"9",.0,"9",21.8,"",.0,"9",1.2,"",.0,"9",.0,"9",.0,"9",.0,"9",.0,"9",.0,"9",.0,"9",.0,"9",1,"",0,"","Z",1,"",0,"9",0,"8"
"354190160","ELBL¥G-MILEJEWO","2018","12","17",-1.8,"",-3.9,"",-2.7,"",-5.1,"",.0,"9","",5,"",1.0,"",.0,"9",.0,"9",.0,"9",.0,"9",.0,"9",.0,"9",20.5,"",.0,"9",.0,"9",.0,"9",.0,"9",.0,"9",.0,"9",.0,"9",.0,"9",.0,"9",.0,"9",1,"",0,"","Z",1,"",0,"9",0,"8"
"354190160","ELBL¥G-MILEJEWO","2018","12","18",-2.0,"",-3.1,"",-2.5,"",-4.0,"",.2,"","S",5,"",.8,"",.0,"9",.0,"9",3.8,"",.0,"9",.0,"9",.0,"9",21.3,"",.0,"9",.0,"9",.0,"9",.0,"9",.0,"9",.0,"9",.0,"9",.0,"9",.0,"9",.0,"9",1,"",0,"","Z",1,"",0,"9",0,"8"
"354190160","ELBL¥G-MILEJEWO","2018","12","19",-.2,"",-3.8,"",-2.1,"",-3.8,"",.0,"","S",5,"",1.0,"",1.8,"",.0,"9",2.2,"",.0,"9",.0,"9",.0,"9",24.0,"",.0,"9",.0,"9",.0,"9",.0,"9",.0,"9",.0,"9",.0,"9",.0,"9",.0,"9",.0,"9",1,"",0,"","",1,"",0,"9",0,"8"
"354190160","ELBL¥G-MILEJEWO","2018","12","20",-2.8,"",-4.5,"",-3.5,"",-4.6,"",3.1,"","S",5,"",1.0,"",.0,"9",.0,"9",14.9,"",.0,"9",.0,"9",.0,"9",24.0,"",.0,"9",.0,"9",2.4,"",.0,"9",.0,"9",.0,"9",.0,"9",.0,"9",.0,"9",.0,"9",1,"",0,"","Z",1,"",0,"9",0,"8"
"354190160","ELBL¥G-MILEJEWO","2018","12","21",.9,"",-2.9,"",-.6,"",-2.9,"",1.6,"","S",10,"",1.3,"",.0,"9",4.6,"",4.3,"",.0,"9",.0,"9",18.3,"",5.7,"",3.7,"",3.2,"",.0,"9",.0,"9",.0,"9",.0,"9",.0,"9",.0,"9",.0,"9",.0,"9",1,"",0,"","Z",1,"",0,"9",0,"8"
"354190160","ELBL¥G-MILEJEWO","2018","12","22",1.3,"",-.4,"",.5,"",-.2,"",12.7,"","S",6,"",1.7,"",.0,"9",6.0,"",9.8,"",3.7,"",.0,"9",13.8,"",10.3,"",.0,"9",.0,"9",.0,"9",.0,"9",.0,"9",.0,"9",.0,"9",.0,"9",.0,"9",.0,"9",1,"",0,"","Z",1,"",0,"9",0,"8"
"354190160","ELBL¥G-MILEJEWO","2018","12","23",2.0,"",-.4,"",.1,"",-.5,"",5.3,"","S",7,"",2.3,"",.0,"9",.3,"",11.9,"",2.1,"",.0,"9",6.1,"",13.2,"",1.5,"",.3,"",.0,"9",.0,"9",.0,"9",.0,"9",.0,"9",.0,"9",.0,"9",.0,"9",1,"",0,"","Z",1,"",0,"9",0,"8"
"354190160","ELBL¥G-MILEJEWO","2018","12","24",.2,"",-1.5,"",-.7,"",-2.4,"",2.2,"","S",16,"",1.5,"",1.7,"",.0,"9",11.9,"",.0,"9",.0,"9",.0,"9",1.1,"",.0,"9",.0,"9",2.9,"",4.2,"",.0,"9",.0,"9",.0,"9",.0,"9",.0,"9",.0,"9",1,"",0,"","Z",1,"",0,"9",0,"8"
"354190160","ELBL¥G-MILEJEWO","2018","12","25",2.2,"",-2.8,"",-.1,"",-2.9,"",1.8,"","S",19,"",1.7,"",.0,"9",3.8,"",3.0,"",.2,"",.0,"9",5.4,"",10.4,"",.0,"9",.0,"9",.0,"9",.0,"9",.0,"9",.0,"9",.0,"9",.0,"9",.0,"9",.0,"9",1,"",0,"","Z",1,"",0,"9",0,"8"
"354190160","ELBL¥G-MILEJEWO","2018","12","26",3.6,"",2.1,"",2.8,"",1.6,"",2.6,"","W",4,"",.0,"9",.3,"",.0,"9",.0,"9",.0,"9",.0,"9",.0,"9",.0,"9",.0,"9",.0,"9",.0,"9",.0,"9",.0,"9",.0,"9",.0,"9",.0,"9",.0,"9",.0,"9",1,"",0,"","R",0,"9",0,"9",0,"8"
"354190160","ELBL¥G-MILEJEWO","2018","12","27",5.6,"",1.3,"",4.1,"",1.1,"",7.4,"","W",0,"9",.0,"9",.0,"9",14.8,"",.0,"9",.0,"9",.0,"9",6.0,"",16.2,"",.0,"9",.0,"9",.0,"9",.0,"9",.0,"9",.0,"9",.0,"9",.0,"9",.0,"9",.0,"9",0,"",0,"","R",0,"9",0,"9",0,"8"
"354190160","ELBL¥G-MILEJEWO","2018","12","28",5.5,"",2.8,"",3.8,"",2.7,"",.0,"","W",0,"9",.0,"9",.0,"9",6.1,"",.0,"9",.0,"9",.0,"9",.0,"9",.0,"9",.0,"9",.0,"9",.0,"9",.0,"9",.0,"9",.0,"9",.0,"9",.0,"9",.0,"9",.0,"9",0,"",0,"","R",0,"9",0,"9",0,"8"
"354190160","ELBL¥G-MILEJEWO","2018","12","29",4.8,"",2.3,"",3.7,"",2.3,"",1.2,"","W",0,"9",.0,"9",.2,"",6.1,"",.0,"9",.0,"9",.0,"9",3.2,"",6.7,"",.0,"9",.0,"9",.0,"9",.0,"9",.0,"9",.0,"9",.0,"9",.0,"9",.0,"9",.0,"9",0,"",0,"","R",0,"9",0,"9",0,"8"
"354190160","ELBL¥G-MILEJEWO","2018","12","30",4.8,"",3.0,"",3.8,"",2.9,"",7.4,"","S",0,"9",.0,"9",.0,"9",13.6,"",.0,"9",.1,"",.0,"9",8.5,"",13.1,"",.0,"9",.0,"9",.0,"9",.0,"9",.0,"9",.0,"9",.0,"9",.0,"9",.0,"9",.0,"9",0,"",0,"","R",0,"9",0,"9",0,"8"
"354190160","ELBL¥G-MILEJEWO","2018","12","31",3.6,"",.1,"",2.0,"",-.7,"",.5,"","S",0,"9",.0,"9",.6,"",2.7,"",.0,"9",.0,"",.0,"9",.0,"9",.8,"",.0,"9",.0,"9",.0,"9",.0,"9",.0,"9",1.0,"",.0,"9",.0,"9",.0,"9",.0,"9",0,"",0,"","R",0,"9",0,"9",0,"8"
